ISO-10303-21;
HEADER;
FILE_DESCRIPTION(('KiCad electronic assembly'),'2;1');
FILE_NAME('csa.step','2025-06-28T05:27:28',('Pcbnew'),('Kicad'),
  'Open CASCADE STEP processor 7.8','KiCad to STEP converter','Unknown'
  );
FILE_SCHEMA(('AUTOMOTIVE_DESIGN { 1 0 10303 214 1 1 1 1 }'));
ENDSEC;
DATA;
#1 = APPLICATION_PROTOCOL_DEFINITION('international standard',
  'automotive_design',2000,#2);
#2 = APPLICATION_CONTEXT(
  'core data for automotive mechanical design processes');
#3 = SHAPE_DEFINITION_REPRESENTATION(#4,#10);
#4 = PRODUCT_DEFINITION_SHAPE('','',#5);
#5 = PRODUCT_DEFINITION('design','',#6,#9);
#6 = PRODUCT_DEFINITION_FORMATION('','',#7);
#7 = PRODUCT('csa 1','csa 1','',(#8));
#8 = PRODUCT_CONTEXT('',#2,'mechanical');
#9 = PRODUCT_DEFINITION_CONTEXT('part definition',#2,'design');
#10 = SHAPE_REPRESENTATION('',(#11,#15,#19,#23,#27,#31,#35,#39,#43,#47,
    #51,#55,#59,#63,#67,#71,#75,#79,#83,#87,#91),#95);
#11 = AXIS2_PLACEMENT_3D('',#12,#13,#14);
#12 = CARTESIAN_POINT('',(0.,0.,0.));
#13 = DIRECTION('',(0.,0.,1.));
#14 = DIRECTION('',(1.,0.,-0.));
#15 = AXIS2_PLACEMENT_3D('',#16,#17,#18);
#16 = CARTESIAN_POINT('',(32.725,-18.5,1.595));
#17 = DIRECTION('',(0.,0.,1.));
#18 = DIRECTION('',(-1.,1.224646799147E-16,0.));
#19 = AXIS2_PLACEMENT_3D('',#20,#21,#22);
#20 = CARTESIAN_POINT('',(36.475,-43.,1.595));
#21 = DIRECTION('',(0.,0.,1.));
#22 = DIRECTION('',(1.,0.,0.));
#23 = AXIS2_PLACEMENT_3D('',#24,#25,#26);
#24 = CARTESIAN_POINT('',(35.,-33.25,1.595));
#25 = DIRECTION('',(0.,0.,1.));
#26 = DIRECTION('',(1.,0.,0.));
#27 = AXIS2_PLACEMENT_3D('',#28,#29,#30);
#28 = CARTESIAN_POINT('',(35.725,-39.5,1.595));
#29 = DIRECTION('',(0.,0.,1.));
#30 = DIRECTION('',(1.,0.,0.));
#31 = AXIS2_PLACEMENT_3D('',#32,#33,#34);
#32 = CARTESIAN_POINT('',(27.,-32.275,1.595));
#33 = DIRECTION('',(-0.,0.,1.));
#34 = DIRECTION('',(1.110223024625E-16,-1.,0.));
#35 = AXIS2_PLACEMENT_3D('',#36,#37,#38);
#36 = CARTESIAN_POINT('',(23.825,-26.5,1.595));
#37 = DIRECTION('',(0.,0.,1.));
#38 = DIRECTION('',(1.,0.,0.));
#39 = AXIS2_PLACEMENT_3D('',#40,#41,#42);
#40 = CARTESIAN_POINT('',(23.825,-38.5,1.595));
#41 = DIRECTION('',(0.,0.,1.));
#42 = DIRECTION('',(1.,0.,0.));
#43 = AXIS2_PLACEMENT_3D('',#44,#45,#46);
#44 = CARTESIAN_POINT('',(29.,-32.4125,1.595));
#45 = DIRECTION('',(-0.,0.,1.));
#46 = DIRECTION('',(1.110223024625E-16,-1.,0.));
#47 = AXIS2_PLACEMENT_3D('',#48,#49,#50);
#48 = CARTESIAN_POINT('',(21.25,-32.275,1.595));
#49 = DIRECTION('',(0.,-0.,1.));
#50 = DIRECTION('',(1.110223024625E-16,1.,0.));
#51 = AXIS2_PLACEMENT_3D('',#52,#53,#54);
#52 = CARTESIAN_POINT('',(20.42,-46.5,1.595));
#53 = DIRECTION('',(0.,-0.,1.));
#54 = DIRECTION('',(1.110223024625E-16,1.,0.));
#55 = AXIS2_PLACEMENT_3D('',#56,#57,#58);
#56 = CARTESIAN_POINT('',(28.,-38.825,1.595));
#57 = DIRECTION('',(-0.,0.,1.));
#58 = DIRECTION('',(1.110223024625E-16,-1.,0.));
#59 = AXIS2_PLACEMENT_3D('',#60,#61,#62);
#60 = CARTESIAN_POINT('',(35.525,-27.,1.595));
#61 = DIRECTION('',(0.,0.,1.));
#62 = DIRECTION('',(-1.,1.224646799147E-16,0.));
#63 = AXIS2_PLACEMENT_3D('',#64,#65,#66);
#64 = CARTESIAN_POINT('',(28.,-42.275,1.595));
#65 = DIRECTION('',(0.,-0.,1.));
#66 = DIRECTION('',(1.110223024625E-16,1.,0.));
#67 = AXIS2_PLACEMENT_3D('',#68,#69,#70);
#68 = CARTESIAN_POINT('',(19.5,-32.275,1.595));
#69 = DIRECTION('',(0.,-0.,1.));
#70 = DIRECTION('',(1.110223024625E-16,1.,0.));
#71 = AXIS2_PLACEMENT_3D('',#72,#73,#74);
#72 = CARTESIAN_POINT('',(19.5,-23.5,1.595));
#73 = DIRECTION('',(0.,0.,1.));
#74 = DIRECTION('',(-1.,1.224646799147E-16,0.));
#75 = AXIS2_PLACEMENT_3D('',#76,#77,#78);
#76 = CARTESIAN_POINT('',(28.0625,-21.05,1.595));
#77 = DIRECTION('',(0.,0.,1.));
#78 = DIRECTION('',(-1.,1.224646799147E-16,0.));
#79 = AXIS2_PLACEMENT_3D('',#80,#81,#82);
#80 = CARTESIAN_POINT('',(35.0625,-23.5625,1.595));
#81 = DIRECTION('',(0.,0.,1.));
#82 = DIRECTION('',(-1.,1.224646799147E-16,0.));
#83 = AXIS2_PLACEMENT_3D('',#84,#85,#86);
#84 = CARTESIAN_POINT('',(36.575,-18.5,1.595));
#85 = DIRECTION('',(0.,0.,1.));
#86 = DIRECTION('',(-1.,1.224646799147E-16,0.));
#87 = AXIS2_PLACEMENT_3D('',#88,#89,#90);
#88 = CARTESIAN_POINT('',(23.675,-21.,1.595));
#89 = DIRECTION('',(0.,0.,1.));
#90 = DIRECTION('',(-1.,1.224646799147E-16,0.));
#91 = AXIS2_PLACEMENT_3D('',#92,#93,#94);
#92 = CARTESIAN_POINT('',(0.,0.,0.));
#93 = DIRECTION('',(0.,0.,1.));
#94 = DIRECTION('',(1.,0.,-0.));
#95 = ( GEOMETRIC_REPRESENTATION_CONTEXT(3) 
GLOBAL_UNCERTAINTY_ASSIGNED_CONTEXT((#99)) GLOBAL_UNIT_ASSIGNED_CONTEXT(
(#96,#97,#98)) REPRESENTATION_CONTEXT('Context #1',
  '3D Context with UNIT and UNCERTAINTY') );
#96 = ( LENGTH_UNIT() NAMED_UNIT(*) SI_UNIT(.MILLI.,.METRE.) );
#97 = ( NAMED_UNIT(*) PLANE_ANGLE_UNIT() SI_UNIT($,.RADIAN.) );
#98 = ( NAMED_UNIT(*) SI_UNIT($,.STERADIAN.) SOLID_ANGLE_UNIT() );
#99 = UNCERTAINTY_MEASURE_WITH_UNIT(LENGTH_MEASURE(2.E-07),#96,
  'distance_accuracy_value','confusion accuracy');
#100 = PRODUCT_RELATED_PRODUCT_CATEGORY('part',$,(#7));
#101 = SHAPE_DEFINITION_REPRESENTATION(#102,#108);
#102 = PRODUCT_DEFINITION_SHAPE('','',#103);
#103 = PRODUCT_DEFINITION('design','',#104,#107);
#104 = PRODUCT_DEFINITION_FORMATION('','',#105);
#105 = PRODUCT('C_0603_1608Metric','C_0603_1608Metric','',(#106));
#106 = PRODUCT_CONTEXT('',#2,'mechanical');
#107 = PRODUCT_DEFINITION_CONTEXT('part definition',#2,'design');
#108 = ADVANCED_BREP_SHAPE_REPRESENTATION('',(#11,#109),#963);
#109 = MANIFOLD_SOLID_BREP('',#110);
#110 = CLOSED_SHELL('',(#111,#187,#218,#243,#268,#292,#316,#341,#366,
    #383,#469,#501,#525,#550,#574,#599,#623,#648,#665,#751,#782,#807,
    #832,#856,#880,#905,#930,#947));
#111 = ADVANCED_FACE('',(#112),#182,.F.);
#112 = FACE_BOUND('',#113,.F.);
#113 = EDGE_LOOP('',(#114,#124,#133,#141,#150,#158,#167,#175));
#114 = ORIENTED_EDGE('',*,*,#115,.F.);
#115 = EDGE_CURVE('',#116,#118,#120,.T.);
#116 = VERTEX_POINT('',#117);
#117 = CARTESIAN_POINT('',(-0.8,-0.4,3.E-02));
#118 = VERTEX_POINT('',#119);
#119 = CARTESIAN_POINT('',(-0.8,-0.4,0.77));
#120 = LINE('',#121,#122);
#121 = CARTESIAN_POINT('',(-0.8,-0.4,0.));
#122 = VECTOR('',#123,1.);
#123 = DIRECTION('',(0.,0.,1.));
#124 = ORIENTED_EDGE('',*,*,#125,.T.);
#125 = EDGE_CURVE('',#116,#126,#128,.T.);
#126 = VERTEX_POINT('',#127);
#127 = CARTESIAN_POINT('',(-0.8,-0.37,0.));
#128 = CIRCLE('',#129,3.E-02);
#129 = AXIS2_PLACEMENT_3D('',#130,#131,#132);
#130 = CARTESIAN_POINT('',(-0.8,-0.37,3.E-02));
#131 = DIRECTION('',(1.,0.,-0.));
#132 = DIRECTION('',(0.,0.,1.));
#133 = ORIENTED_EDGE('',*,*,#134,.T.);
#134 = EDGE_CURVE('',#126,#135,#137,.T.);
#135 = VERTEX_POINT('',#136);
#136 = CARTESIAN_POINT('',(-0.8,0.37,0.));
#137 = LINE('',#138,#139);
#138 = CARTESIAN_POINT('',(-0.8,-0.4,0.));
#139 = VECTOR('',#140,1.);
#140 = DIRECTION('',(0.,1.,0.));
#141 = ORIENTED_EDGE('',*,*,#142,.F.);
#142 = EDGE_CURVE('',#143,#135,#145,.T.);
#143 = VERTEX_POINT('',#144);
#144 = CARTESIAN_POINT('',(-0.8,0.4,3.E-02));
#145 = CIRCLE('',#146,3.E-02);
#146 = AXIS2_PLACEMENT_3D('',#147,#148,#149);
#147 = CARTESIAN_POINT('',(-0.8,0.37,3.E-02));
#148 = DIRECTION('',(-1.,0.,0.));
#149 = DIRECTION('',(0.,0.,1.));
#150 = ORIENTED_EDGE('',*,*,#151,.T.);
#151 = EDGE_CURVE('',#143,#152,#154,.T.);
#152 = VERTEX_POINT('',#153);
#153 = CARTESIAN_POINT('',(-0.8,0.4,0.77));
#154 = LINE('',#155,#156);
#155 = CARTESIAN_POINT('',(-0.8,0.4,0.));
#156 = VECTOR('',#157,1.);
#157 = DIRECTION('',(0.,0.,1.));
#158 = ORIENTED_EDGE('',*,*,#159,.T.);
#159 = EDGE_CURVE('',#152,#160,#162,.T.);
#160 = VERTEX_POINT('',#161);
#161 = CARTESIAN_POINT('',(-0.8,0.37,0.8));
#162 = CIRCLE('',#163,3.E-02);
#163 = AXIS2_PLACEMENT_3D('',#164,#165,#166);
#164 = CARTESIAN_POINT('',(-0.8,0.37,0.77));
#165 = DIRECTION('',(1.,0.,-0.));
#166 = DIRECTION('',(0.,0.,1.));
#167 = ORIENTED_EDGE('',*,*,#168,.F.);
#168 = EDGE_CURVE('',#169,#160,#171,.T.);
#169 = VERTEX_POINT('',#170);
#170 = CARTESIAN_POINT('',(-0.8,-0.37,0.8));
#171 = LINE('',#172,#173);
#172 = CARTESIAN_POINT('',(-0.8,-0.4,0.8));
#173 = VECTOR('',#174,1.);
#174 = DIRECTION('',(0.,1.,0.));
#175 = ORIENTED_EDGE('',*,*,#176,.F.);
#176 = EDGE_CURVE('',#118,#169,#177,.T.);
#177 = CIRCLE('',#178,3.E-02);
#178 = AXIS2_PLACEMENT_3D('',#179,#180,#181);
#179 = CARTESIAN_POINT('',(-0.8,-0.37,0.77));
#180 = DIRECTION('',(-1.,0.,0.));
#181 = DIRECTION('',(0.,0.,1.));
#182 = PLANE('',#183);
#183 = AXIS2_PLACEMENT_3D('',#184,#185,#186);
#184 = CARTESIAN_POINT('',(-0.8,-0.4,0.));
#185 = DIRECTION('',(1.,0.,0.));
#186 = DIRECTION('',(0.,0.,1.));
#187 = ADVANCED_FACE('',(#188),#213,.F.);
#188 = FACE_BOUND('',#189,.F.);
#189 = EDGE_LOOP('',(#190,#200,#206,#207));
#190 = ORIENTED_EDGE('',*,*,#191,.F.);
#191 = EDGE_CURVE('',#192,#194,#196,.T.);
#192 = VERTEX_POINT('',#193);
#193 = CARTESIAN_POINT('',(-0.5,-0.4,3.E-02));
#194 = VERTEX_POINT('',#195);
#195 = CARTESIAN_POINT('',(-0.5,-0.4,0.77));
#196 = LINE('',#197,#198);
#197 = CARTESIAN_POINT('',(-0.5,-0.4,0.));
#198 = VECTOR('',#199,1.);
#199 = DIRECTION('',(0.,0.,1.));
#200 = ORIENTED_EDGE('',*,*,#201,.F.);
#201 = EDGE_CURVE('',#116,#192,#202,.T.);
#202 = LINE('',#203,#204);
#203 = CARTESIAN_POINT('',(-0.8,-0.4,3.E-02));
#204 = VECTOR('',#205,1.);
#205 = DIRECTION('',(1.,0.,0.));
#206 = ORIENTED_EDGE('',*,*,#115,.T.);
#207 = ORIENTED_EDGE('',*,*,#208,.T.);
#208 = EDGE_CURVE('',#118,#194,#209,.T.);
#209 = LINE('',#210,#211);
#210 = CARTESIAN_POINT('',(-0.8,-0.4,0.77));
#211 = VECTOR('',#212,1.);
#212 = DIRECTION('',(1.,0.,0.));
#213 = PLANE('',#214);
#214 = AXIS2_PLACEMENT_3D('',#215,#216,#217);
#215 = CARTESIAN_POINT('',(-0.8,-0.4,0.));
#216 = DIRECTION('',(0.,1.,0.));
#217 = DIRECTION('',(0.,-0.,1.));
#218 = ADVANCED_FACE('',(#219),#238,.T.);
#219 = FACE_BOUND('',#220,.T.);
#220 = EDGE_LOOP('',(#221,#222,#230,#237));
#221 = ORIENTED_EDGE('',*,*,#125,.T.);
#222 = ORIENTED_EDGE('',*,*,#223,.T.);
#223 = EDGE_CURVE('',#126,#224,#226,.T.);
#224 = VERTEX_POINT('',#225);
#225 = CARTESIAN_POINT('',(-0.5,-0.37,0.));
#226 = LINE('',#227,#228);
#227 = CARTESIAN_POINT('',(-0.8,-0.37,0.));
#228 = VECTOR('',#229,1.);
#229 = DIRECTION('',(1.,0.,0.));
#230 = ORIENTED_EDGE('',*,*,#231,.F.);
#231 = EDGE_CURVE('',#192,#224,#232,.T.);
#232 = CIRCLE('',#233,3.E-02);
#233 = AXIS2_PLACEMENT_3D('',#234,#235,#236);
#234 = CARTESIAN_POINT('',(-0.5,-0.37,3.E-02));
#235 = DIRECTION('',(1.,0.,-0.));
#236 = DIRECTION('',(0.,0.,1.));
#237 = ORIENTED_EDGE('',*,*,#201,.F.);
#238 = CYLINDRICAL_SURFACE('',#239,3.E-02);
#239 = AXIS2_PLACEMENT_3D('',#240,#241,#242);
#240 = CARTESIAN_POINT('',(-0.8,-0.37,3.E-02));
#241 = DIRECTION('',(1.,0.,0.));
#242 = DIRECTION('',(0.,-1.,0.));
#243 = ADVANCED_FACE('',(#244),#263,.T.);
#244 = FACE_BOUND('',#245,.T.);
#245 = EDGE_LOOP('',(#246,#247,#256,#262));
#246 = ORIENTED_EDGE('',*,*,#208,.T.);
#247 = ORIENTED_EDGE('',*,*,#248,.T.);
#248 = EDGE_CURVE('',#194,#249,#251,.T.);
#249 = VERTEX_POINT('',#250);
#250 = CARTESIAN_POINT('',(-0.5,-0.37,0.8));
#251 = CIRCLE('',#252,3.E-02);
#252 = AXIS2_PLACEMENT_3D('',#253,#254,#255);
#253 = CARTESIAN_POINT('',(-0.5,-0.37,0.77));
#254 = DIRECTION('',(-1.,0.,0.));
#255 = DIRECTION('',(0.,0.,1.));
#256 = ORIENTED_EDGE('',*,*,#257,.F.);
#257 = EDGE_CURVE('',#169,#249,#258,.T.);
#258 = LINE('',#259,#260);
#259 = CARTESIAN_POINT('',(-0.8,-0.37,0.8));
#260 = VECTOR('',#261,1.);
#261 = DIRECTION('',(1.,0.,0.));
#262 = ORIENTED_EDGE('',*,*,#176,.F.);
#263 = CYLINDRICAL_SURFACE('',#264,3.E-02);
#264 = AXIS2_PLACEMENT_3D('',#265,#266,#267);
#265 = CARTESIAN_POINT('',(-0.8,-0.37,0.77));
#266 = DIRECTION('',(1.,0.,0.));
#267 = DIRECTION('',(0.,-1.,0.));
#268 = ADVANCED_FACE('',(#269),#287,.F.);
#269 = FACE_BOUND('',#270,.F.);
#270 = EDGE_LOOP('',(#271,#272,#273,#281));
#271 = ORIENTED_EDGE('',*,*,#134,.F.);
#272 = ORIENTED_EDGE('',*,*,#223,.T.);
#273 = ORIENTED_EDGE('',*,*,#274,.T.);
#274 = EDGE_CURVE('',#224,#275,#277,.T.);
#275 = VERTEX_POINT('',#276);
#276 = CARTESIAN_POINT('',(-0.5,0.37,0.));
#277 = LINE('',#278,#279);
#278 = CARTESIAN_POINT('',(-0.5,-0.4,0.));
#279 = VECTOR('',#280,1.);
#280 = DIRECTION('',(0.,1.,0.));
#281 = ORIENTED_EDGE('',*,*,#282,.F.);
#282 = EDGE_CURVE('',#135,#275,#283,.T.);
#283 = LINE('',#284,#285);
#284 = CARTESIAN_POINT('',(-0.8,0.37,0.));
#285 = VECTOR('',#286,1.);
#286 = DIRECTION('',(1.,0.,0.));
#287 = PLANE('',#288);
#288 = AXIS2_PLACEMENT_3D('',#289,#290,#291);
#289 = CARTESIAN_POINT('',(-0.8,-0.4,0.));
#290 = DIRECTION('',(0.,0.,1.));
#291 = DIRECTION('',(1.,0.,-0.));
#292 = ADVANCED_FACE('',(#293),#311,.T.);
#293 = FACE_BOUND('',#294,.T.);
#294 = EDGE_LOOP('',(#295,#296,#297,#305));
#295 = ORIENTED_EDGE('',*,*,#168,.F.);
#296 = ORIENTED_EDGE('',*,*,#257,.T.);
#297 = ORIENTED_EDGE('',*,*,#298,.T.);
#298 = EDGE_CURVE('',#249,#299,#301,.T.);
#299 = VERTEX_POINT('',#300);
#300 = CARTESIAN_POINT('',(-0.5,0.37,0.8));
#301 = LINE('',#302,#303);
#302 = CARTESIAN_POINT('',(-0.5,-0.4,0.8));
#303 = VECTOR('',#304,1.);
#304 = DIRECTION('',(0.,1.,0.));
#305 = ORIENTED_EDGE('',*,*,#306,.F.);
#306 = EDGE_CURVE('',#160,#299,#307,.T.);
#307 = LINE('',#308,#309);
#308 = CARTESIAN_POINT('',(-0.8,0.37,0.8));
#309 = VECTOR('',#310,1.);
#310 = DIRECTION('',(1.,0.,0.));
#311 = PLANE('',#312);
#312 = AXIS2_PLACEMENT_3D('',#313,#314,#315);
#313 = CARTESIAN_POINT('',(-0.8,-0.4,0.8));
#314 = DIRECTION('',(0.,0.,1.));
#315 = DIRECTION('',(1.,0.,-0.));
#316 = ADVANCED_FACE('',(#317),#336,.T.);
#317 = FACE_BOUND('',#318,.T.);
#318 = EDGE_LOOP('',(#319,#327,#334,#335));
#319 = ORIENTED_EDGE('',*,*,#320,.T.);
#320 = EDGE_CURVE('',#143,#321,#323,.T.);
#321 = VERTEX_POINT('',#322);
#322 = CARTESIAN_POINT('',(-0.5,0.4,3.E-02));
#323 = LINE('',#324,#325);
#324 = CARTESIAN_POINT('',(-0.8,0.4,3.E-02));
#325 = VECTOR('',#326,1.);
#326 = DIRECTION('',(1.,0.,0.));
#327 = ORIENTED_EDGE('',*,*,#328,.T.);
#328 = EDGE_CURVE('',#321,#275,#329,.T.);
#329 = CIRCLE('',#330,3.E-02);
#330 = AXIS2_PLACEMENT_3D('',#331,#332,#333);
#331 = CARTESIAN_POINT('',(-0.5,0.37,3.E-02));
#332 = DIRECTION('',(-1.,0.,0.));
#333 = DIRECTION('',(0.,0.,1.));
#334 = ORIENTED_EDGE('',*,*,#282,.F.);
#335 = ORIENTED_EDGE('',*,*,#142,.F.);
#336 = CYLINDRICAL_SURFACE('',#337,3.E-02);
#337 = AXIS2_PLACEMENT_3D('',#338,#339,#340);
#338 = CARTESIAN_POINT('',(-0.8,0.37,3.E-02));
#339 = DIRECTION('',(1.,0.,0.));
#340 = DIRECTION('',(-0.,1.,0.));
#341 = ADVANCED_FACE('',(#342),#361,.T.);
#342 = FACE_BOUND('',#343,.T.);
#343 = EDGE_LOOP('',(#344,#345,#346,#355));
#344 = ORIENTED_EDGE('',*,*,#159,.T.);
#345 = ORIENTED_EDGE('',*,*,#306,.T.);
#346 = ORIENTED_EDGE('',*,*,#347,.F.);
#347 = EDGE_CURVE('',#348,#299,#350,.T.);
#348 = VERTEX_POINT('',#349);
#349 = CARTESIAN_POINT('',(-0.5,0.4,0.77));
#350 = CIRCLE('',#351,3.E-02);
#351 = AXIS2_PLACEMENT_3D('',#352,#353,#354);
#352 = CARTESIAN_POINT('',(-0.5,0.37,0.77));
#353 = DIRECTION('',(1.,0.,-0.));
#354 = DIRECTION('',(0.,0.,1.));
#355 = ORIENTED_EDGE('',*,*,#356,.F.);
#356 = EDGE_CURVE('',#152,#348,#357,.T.);
#357 = LINE('',#358,#359);
#358 = CARTESIAN_POINT('',(-0.8,0.4,0.77));
#359 = VECTOR('',#360,1.);
#360 = DIRECTION('',(1.,0.,0.));
#361 = CYLINDRICAL_SURFACE('',#362,3.E-02);
#362 = AXIS2_PLACEMENT_3D('',#363,#364,#365);
#363 = CARTESIAN_POINT('',(-0.8,0.37,0.77));
#364 = DIRECTION('',(1.,0.,0.));
#365 = DIRECTION('',(-0.,1.,0.));
#366 = ADVANCED_FACE('',(#367),#378,.T.);
#367 = FACE_BOUND('',#368,.T.);
#368 = EDGE_LOOP('',(#369,#375,#376,#377));
#369 = ORIENTED_EDGE('',*,*,#370,.F.);
#370 = EDGE_CURVE('',#321,#348,#371,.T.);
#371 = LINE('',#372,#373);
#372 = CARTESIAN_POINT('',(-0.5,0.4,0.));
#373 = VECTOR('',#374,1.);
#374 = DIRECTION('',(0.,0.,1.));
#375 = ORIENTED_EDGE('',*,*,#320,.F.);
#376 = ORIENTED_EDGE('',*,*,#151,.T.);
#377 = ORIENTED_EDGE('',*,*,#356,.T.);
#378 = PLANE('',#379);
#379 = AXIS2_PLACEMENT_3D('',#380,#381,#382);
#380 = CARTESIAN_POINT('',(-0.8,0.4,0.));
#381 = DIRECTION('',(0.,1.,0.));
#382 = DIRECTION('',(0.,-0.,1.));
#383 = ADVANCED_FACE('',(#384,#394),#464,.T.);
#384 = FACE_BOUND('',#385,.T.);
#385 = EDGE_LOOP('',(#386,#387,#388,#389,#390,#391,#392,#393));
#386 = ORIENTED_EDGE('',*,*,#191,.F.);
#387 = ORIENTED_EDGE('',*,*,#231,.T.);
#388 = ORIENTED_EDGE('',*,*,#274,.T.);
#389 = ORIENTED_EDGE('',*,*,#328,.F.);
#390 = ORIENTED_EDGE('',*,*,#370,.T.);
#391 = ORIENTED_EDGE('',*,*,#347,.T.);
#392 = ORIENTED_EDGE('',*,*,#298,.F.);
#393 = ORIENTED_EDGE('',*,*,#248,.F.);
#394 = FACE_BOUND('',#395,.T.);
#395 = EDGE_LOOP('',(#396,#407,#415,#424,#432,#441,#449,#458));
#396 = ORIENTED_EDGE('',*,*,#397,.F.);
#397 = EDGE_CURVE('',#398,#400,#402,.T.);
#398 = VERTEX_POINT('',#399);
#399 = CARTESIAN_POINT('',(-0.5,-0.37,6.E-02));
#400 = VERTEX_POINT('',#401);
#401 = CARTESIAN_POINT('',(-0.5,-0.34,3.E-02));
#402 = CIRCLE('',#403,3.E-02);
#403 = AXIS2_PLACEMENT_3D('',#404,#405,#406);
#404 = CARTESIAN_POINT('',(-0.5,-0.34,6.E-02));
#405 = DIRECTION('',(1.,0.,-0.));
#406 = DIRECTION('',(0.,0.,1.));
#407 = ORIENTED_EDGE('',*,*,#408,.T.);
#408 = EDGE_CURVE('',#398,#409,#411,.T.);
#409 = VERTEX_POINT('',#410);
#410 = CARTESIAN_POINT('',(-0.5,-0.37,0.74));
#411 = LINE('',#412,#413);
#412 = CARTESIAN_POINT('',(-0.5,-0.37,3.E-02));
#413 = VECTOR('',#414,1.);
#414 = DIRECTION('',(0.,0.,1.));
#415 = ORIENTED_EDGE('',*,*,#416,.T.);
#416 = EDGE_CURVE('',#409,#417,#419,.T.);
#417 = VERTEX_POINT('',#418);
#418 = CARTESIAN_POINT('',(-0.5,-0.34,0.77));
#419 = CIRCLE('',#420,3.E-02);
#420 = AXIS2_PLACEMENT_3D('',#421,#422,#423);
#421 = CARTESIAN_POINT('',(-0.5,-0.34,0.74));
#422 = DIRECTION('',(-1.,0.,0.));
#423 = DIRECTION('',(0.,0.,1.));
#424 = ORIENTED_EDGE('',*,*,#425,.T.);
#425 = EDGE_CURVE('',#417,#426,#428,.T.);
#426 = VERTEX_POINT('',#427);
#427 = CARTESIAN_POINT('',(-0.5,0.34,0.77));
#428 = LINE('',#429,#430);
#429 = CARTESIAN_POINT('',(-0.5,-0.37,0.77));
#430 = VECTOR('',#431,1.);
#431 = DIRECTION('',(0.,1.,0.));
#432 = ORIENTED_EDGE('',*,*,#433,.F.);
#433 = EDGE_CURVE('',#434,#426,#436,.T.);
#434 = VERTEX_POINT('',#435);
#435 = CARTESIAN_POINT('',(-0.5,0.37,0.74));
#436 = CIRCLE('',#437,3.E-02);
#437 = AXIS2_PLACEMENT_3D('',#438,#439,#440);
#438 = CARTESIAN_POINT('',(-0.5,0.34,0.74));
#439 = DIRECTION('',(1.,0.,-0.));
#440 = DIRECTION('',(0.,0.,1.));
#441 = ORIENTED_EDGE('',*,*,#442,.F.);
#442 = EDGE_CURVE('',#443,#434,#445,.T.);
#443 = VERTEX_POINT('',#444);
#444 = CARTESIAN_POINT('',(-0.5,0.37,6.E-02));
#445 = LINE('',#446,#447);
#446 = CARTESIAN_POINT('',(-0.5,0.37,3.E-02));
#447 = VECTOR('',#448,1.);
#448 = DIRECTION('',(0.,0.,1.));
#449 = ORIENTED_EDGE('',*,*,#450,.T.);
#450 = EDGE_CURVE('',#443,#451,#453,.T.);
#451 = VERTEX_POINT('',#452);
#452 = CARTESIAN_POINT('',(-0.5,0.34,3.E-02));
#453 = CIRCLE('',#454,3.E-02);
#454 = AXIS2_PLACEMENT_3D('',#455,#456,#457);
#455 = CARTESIAN_POINT('',(-0.5,0.34,6.E-02));
#456 = DIRECTION('',(-1.,0.,0.));
#457 = DIRECTION('',(0.,0.,1.));
#458 = ORIENTED_EDGE('',*,*,#459,.F.);
#459 = EDGE_CURVE('',#400,#451,#460,.T.);
#460 = LINE('',#461,#462);
#461 = CARTESIAN_POINT('',(-0.5,-0.37,3.E-02));
#462 = VECTOR('',#463,1.);
#463 = DIRECTION('',(0.,1.,0.));
#464 = PLANE('',#465);
#465 = AXIS2_PLACEMENT_3D('',#466,#467,#468);
#466 = CARTESIAN_POINT('',(-0.5,-0.4,0.));
#467 = DIRECTION('',(1.,0.,0.));
#468 = DIRECTION('',(0.,0.,1.));
#469 = ADVANCED_FACE('',(#470),#496,.T.);
#470 = FACE_BOUND('',#471,.T.);
#471 = EDGE_LOOP('',(#472,#473,#481,#490));
#472 = ORIENTED_EDGE('',*,*,#397,.T.);
#473 = ORIENTED_EDGE('',*,*,#474,.T.);
#474 = EDGE_CURVE('',#400,#475,#477,.T.);
#475 = VERTEX_POINT('',#476);
#476 = CARTESIAN_POINT('',(0.5,-0.34,3.E-02));
#477 = LINE('',#478,#479);
#478 = CARTESIAN_POINT('',(-0.5,-0.34,3.E-02));
#479 = VECTOR('',#480,1.);
#480 = DIRECTION('',(1.,0.,0.));
#481 = ORIENTED_EDGE('',*,*,#482,.F.);
#482 = EDGE_CURVE('',#483,#475,#485,.T.);
#483 = VERTEX_POINT('',#484);
#484 = CARTESIAN_POINT('',(0.5,-0.37,6.E-02));
#485 = CIRCLE('',#486,3.E-02);
#486 = AXIS2_PLACEMENT_3D('',#487,#488,#489);
#487 = CARTESIAN_POINT('',(0.5,-0.34,6.E-02));
#488 = DIRECTION('',(1.,0.,-0.));
#489 = DIRECTION('',(0.,0.,1.));
#490 = ORIENTED_EDGE('',*,*,#491,.F.);
#491 = EDGE_CURVE('',#398,#483,#492,.T.);
#492 = LINE('',#493,#494);
#493 = CARTESIAN_POINT('',(-0.5,-0.37,6.E-02));
#494 = VECTOR('',#495,1.);
#495 = DIRECTION('',(1.,0.,0.));
#496 = CYLINDRICAL_SURFACE('',#497,3.E-02);
#497 = AXIS2_PLACEMENT_3D('',#498,#499,#500);
#498 = CARTESIAN_POINT('',(-0.5,-0.34,6.E-02));
#499 = DIRECTION('',(1.,0.,0.));
#500 = DIRECTION('',(0.,-1.,0.));
#501 = ADVANCED_FACE('',(#502),#520,.F.);
#502 = FACE_BOUND('',#503,.F.);
#503 = EDGE_LOOP('',(#504,#505,#506,#514));
#504 = ORIENTED_EDGE('',*,*,#459,.F.);
#505 = ORIENTED_EDGE('',*,*,#474,.T.);
#506 = ORIENTED_EDGE('',*,*,#507,.T.);
#507 = EDGE_CURVE('',#475,#508,#510,.T.);
#508 = VERTEX_POINT('',#509);
#509 = CARTESIAN_POINT('',(0.5,0.34,3.E-02));
#510 = LINE('',#511,#512);
#511 = CARTESIAN_POINT('',(0.5,-0.37,3.E-02));
#512 = VECTOR('',#513,1.);
#513 = DIRECTION('',(0.,1.,0.));
#514 = ORIENTED_EDGE('',*,*,#515,.F.);
#515 = EDGE_CURVE('',#451,#508,#516,.T.);
#516 = LINE('',#517,#518);
#517 = CARTESIAN_POINT('',(-0.5,0.34,3.E-02));
#518 = VECTOR('',#519,1.);
#519 = DIRECTION('',(1.,0.,0.));
#520 = PLANE('',#521);
#521 = AXIS2_PLACEMENT_3D('',#522,#523,#524);
#522 = CARTESIAN_POINT('',(-0.5,-0.37,3.E-02));
#523 = DIRECTION('',(0.,0.,1.));
#524 = DIRECTION('',(1.,0.,-0.));
#525 = ADVANCED_FACE('',(#526),#545,.T.);
#526 = FACE_BOUND('',#527,.T.);
#527 = EDGE_LOOP('',(#528,#536,#543,#544));
#528 = ORIENTED_EDGE('',*,*,#529,.T.);
#529 = EDGE_CURVE('',#443,#530,#532,.T.);
#530 = VERTEX_POINT('',#531);
#531 = CARTESIAN_POINT('',(0.5,0.37,6.E-02));
#532 = LINE('',#533,#534);
#533 = CARTESIAN_POINT('',(-0.5,0.37,6.E-02));
#534 = VECTOR('',#535,1.);
#535 = DIRECTION('',(1.,0.,0.));
#536 = ORIENTED_EDGE('',*,*,#537,.T.);
#537 = EDGE_CURVE('',#530,#508,#538,.T.);
#538 = CIRCLE('',#539,3.E-02);
#539 = AXIS2_PLACEMENT_3D('',#540,#541,#542);
#540 = CARTESIAN_POINT('',(0.5,0.34,6.E-02));
#541 = DIRECTION('',(-1.,0.,0.));
#542 = DIRECTION('',(0.,0.,1.));
#543 = ORIENTED_EDGE('',*,*,#515,.F.);
#544 = ORIENTED_EDGE('',*,*,#450,.F.);
#545 = CYLINDRICAL_SURFACE('',#546,3.E-02);
#546 = AXIS2_PLACEMENT_3D('',#547,#548,#549);
#547 = CARTESIAN_POINT('',(-0.5,0.34,6.E-02));
#548 = DIRECTION('',(1.,0.,0.));
#549 = DIRECTION('',(-0.,1.,0.));
#550 = ADVANCED_FACE('',(#551),#569,.T.);
#551 = FACE_BOUND('',#552,.T.);
#552 = EDGE_LOOP('',(#553,#561,#562,#563));
#553 = ORIENTED_EDGE('',*,*,#554,.F.);
#554 = EDGE_CURVE('',#530,#555,#557,.T.);
#555 = VERTEX_POINT('',#556);
#556 = CARTESIAN_POINT('',(0.5,0.37,0.74));
#557 = LINE('',#558,#559);
#558 = CARTESIAN_POINT('',(0.5,0.37,3.E-02));
#559 = VECTOR('',#560,1.);
#560 = DIRECTION('',(0.,0.,1.));
#561 = ORIENTED_EDGE('',*,*,#529,.F.);
#562 = ORIENTED_EDGE('',*,*,#442,.T.);
#563 = ORIENTED_EDGE('',*,*,#564,.T.);
#564 = EDGE_CURVE('',#434,#555,#565,.T.);
#565 = LINE('',#566,#567);
#566 = CARTESIAN_POINT('',(-0.5,0.37,0.74));
#567 = VECTOR('',#568,1.);
#568 = DIRECTION('',(1.,0.,0.));
#569 = PLANE('',#570);
#570 = AXIS2_PLACEMENT_3D('',#571,#572,#573);
#571 = CARTESIAN_POINT('',(-0.5,0.37,3.E-02));
#572 = DIRECTION('',(0.,1.,0.));
#573 = DIRECTION('',(0.,-0.,1.));
#574 = ADVANCED_FACE('',(#575),#594,.T.);
#575 = FACE_BOUND('',#576,.T.);
#576 = EDGE_LOOP('',(#577,#578,#586,#593));
#577 = ORIENTED_EDGE('',*,*,#433,.T.);
#578 = ORIENTED_EDGE('',*,*,#579,.T.);
#579 = EDGE_CURVE('',#426,#580,#582,.T.);
#580 = VERTEX_POINT('',#581);
#581 = CARTESIAN_POINT('',(0.5,0.34,0.77));
#582 = LINE('',#583,#584);
#583 = CARTESIAN_POINT('',(-0.5,0.34,0.77));
#584 = VECTOR('',#585,1.);
#585 = DIRECTION('',(1.,0.,0.));
#586 = ORIENTED_EDGE('',*,*,#587,.F.);
#587 = EDGE_CURVE('',#555,#580,#588,.T.);
#588 = CIRCLE('',#589,3.E-02);
#589 = AXIS2_PLACEMENT_3D('',#590,#591,#592);
#590 = CARTESIAN_POINT('',(0.5,0.34,0.74));
#591 = DIRECTION('',(1.,0.,-0.));
#592 = DIRECTION('',(0.,0.,1.));
#593 = ORIENTED_EDGE('',*,*,#564,.F.);
#594 = CYLINDRICAL_SURFACE('',#595,3.E-02);
#595 = AXIS2_PLACEMENT_3D('',#596,#597,#598);
#596 = CARTESIAN_POINT('',(-0.5,0.34,0.74));
#597 = DIRECTION('',(1.,0.,0.));
#598 = DIRECTION('',(-0.,1.,0.));
#599 = ADVANCED_FACE('',(#600),#618,.T.);
#600 = FACE_BOUND('',#601,.T.);
#601 = EDGE_LOOP('',(#602,#603,#611,#617));
#602 = ORIENTED_EDGE('',*,*,#425,.F.);
#603 = ORIENTED_EDGE('',*,*,#604,.T.);
#604 = EDGE_CURVE('',#417,#605,#607,.T.);
#605 = VERTEX_POINT('',#606);
#606 = CARTESIAN_POINT('',(0.5,-0.34,0.77));
#607 = LINE('',#608,#609);
#608 = CARTESIAN_POINT('',(-0.5,-0.34,0.77));
#609 = VECTOR('',#610,1.);
#610 = DIRECTION('',(1.,0.,0.));
#611 = ORIENTED_EDGE('',*,*,#612,.T.);
#612 = EDGE_CURVE('',#605,#580,#613,.T.);
#613 = LINE('',#614,#615);
#614 = CARTESIAN_POINT('',(0.5,-0.37,0.77));
#615 = VECTOR('',#616,1.);
#616 = DIRECTION('',(0.,1.,0.));
#617 = ORIENTED_EDGE('',*,*,#579,.F.);
#618 = PLANE('',#619);
#619 = AXIS2_PLACEMENT_3D('',#620,#621,#622);
#620 = CARTESIAN_POINT('',(-0.5,-0.37,0.77));
#621 = DIRECTION('',(0.,0.,1.));
#622 = DIRECTION('',(1.,0.,-0.));
#623 = ADVANCED_FACE('',(#624),#643,.T.);
#624 = FACE_BOUND('',#625,.T.);
#625 = EDGE_LOOP('',(#626,#634,#641,#642));
#626 = ORIENTED_EDGE('',*,*,#627,.T.);
#627 = EDGE_CURVE('',#409,#628,#630,.T.);
#628 = VERTEX_POINT('',#629);
#629 = CARTESIAN_POINT('',(0.5,-0.37,0.74));
#630 = LINE('',#631,#632);
#631 = CARTESIAN_POINT('',(-0.5,-0.37,0.74));
#632 = VECTOR('',#633,1.);
#633 = DIRECTION('',(1.,0.,0.));
#634 = ORIENTED_EDGE('',*,*,#635,.T.);
#635 = EDGE_CURVE('',#628,#605,#636,.T.);
#636 = CIRCLE('',#637,3.E-02);
#637 = AXIS2_PLACEMENT_3D('',#638,#639,#640);
#638 = CARTESIAN_POINT('',(0.5,-0.34,0.74));
#639 = DIRECTION('',(-1.,0.,0.));
#640 = DIRECTION('',(0.,0.,1.));
#641 = ORIENTED_EDGE('',*,*,#604,.F.);
#642 = ORIENTED_EDGE('',*,*,#416,.F.);
#643 = CYLINDRICAL_SURFACE('',#644,3.E-02);
#644 = AXIS2_PLACEMENT_3D('',#645,#646,#647);
#645 = CARTESIAN_POINT('',(-0.5,-0.34,0.74));
#646 = DIRECTION('',(1.,0.,0.));
#647 = DIRECTION('',(0.,-1.,0.));
#648 = ADVANCED_FACE('',(#649),#660,.F.);
#649 = FACE_BOUND('',#650,.F.);
#650 = EDGE_LOOP('',(#651,#657,#658,#659));
#651 = ORIENTED_EDGE('',*,*,#652,.F.);
#652 = EDGE_CURVE('',#483,#628,#653,.T.);
#653 = LINE('',#654,#655);
#654 = CARTESIAN_POINT('',(0.5,-0.37,3.E-02));
#655 = VECTOR('',#656,1.);
#656 = DIRECTION('',(0.,0.,1.));
#657 = ORIENTED_EDGE('',*,*,#491,.F.);
#658 = ORIENTED_EDGE('',*,*,#408,.T.);
#659 = ORIENTED_EDGE('',*,*,#627,.T.);
#660 = PLANE('',#661);
#661 = AXIS2_PLACEMENT_3D('',#662,#663,#664);
#662 = CARTESIAN_POINT('',(-0.5,-0.37,3.E-02));
#663 = DIRECTION('',(0.,1.,0.));
#664 = DIRECTION('',(0.,-0.,1.));
#665 = ADVANCED_FACE('',(#666,#736),#746,.F.);
#666 = FACE_BOUND('',#667,.F.);
#667 = EDGE_LOOP('',(#668,#678,#687,#695,#704,#712,#721,#729));
#668 = ORIENTED_EDGE('',*,*,#669,.F.);
#669 = EDGE_CURVE('',#670,#672,#674,.T.);
#670 = VERTEX_POINT('',#671);
#671 = CARTESIAN_POINT('',(0.5,-0.4,3.E-02));
#672 = VERTEX_POINT('',#673);
#673 = CARTESIAN_POINT('',(0.5,-0.4,0.77));
#674 = LINE('',#675,#676);
#675 = CARTESIAN_POINT('',(0.5,-0.4,0.));
#676 = VECTOR('',#677,1.);
#677 = DIRECTION('',(0.,0.,1.));
#678 = ORIENTED_EDGE('',*,*,#679,.T.);
#679 = EDGE_CURVE('',#670,#680,#682,.T.);
#680 = VERTEX_POINT('',#681);
#681 = CARTESIAN_POINT('',(0.5,-0.37,0.));
#682 = CIRCLE('',#683,3.E-02);
#683 = AXIS2_PLACEMENT_3D('',#684,#685,#686);
#684 = CARTESIAN_POINT('',(0.5,-0.37,3.E-02));
#685 = DIRECTION('',(1.,0.,-0.));
#686 = DIRECTION('',(0.,0.,1.));
#687 = ORIENTED_EDGE('',*,*,#688,.T.);
#688 = EDGE_CURVE('',#680,#689,#691,.T.);
#689 = VERTEX_POINT('',#690);
#690 = CARTESIAN_POINT('',(0.5,0.37,0.));
#691 = LINE('',#692,#693);
#692 = CARTESIAN_POINT('',(0.5,-0.4,0.));
#693 = VECTOR('',#694,1.);
#694 = DIRECTION('',(0.,1.,0.));
#695 = ORIENTED_EDGE('',*,*,#696,.F.);
#696 = EDGE_CURVE('',#697,#689,#699,.T.);
#697 = VERTEX_POINT('',#698);
#698 = CARTESIAN_POINT('',(0.5,0.4,3.E-02));
#699 = CIRCLE('',#700,3.E-02);
#700 = AXIS2_PLACEMENT_3D('',#701,#702,#703);
#701 = CARTESIAN_POINT('',(0.5,0.37,3.E-02));
#702 = DIRECTION('',(-1.,0.,0.));
#703 = DIRECTION('',(0.,0.,1.));
#704 = ORIENTED_EDGE('',*,*,#705,.T.);
#705 = EDGE_CURVE('',#697,#706,#708,.T.);
#706 = VERTEX_POINT('',#707);
#707 = CARTESIAN_POINT('',(0.5,0.4,0.77));
#708 = LINE('',#709,#710);
#709 = CARTESIAN_POINT('',(0.5,0.4,0.));
#710 = VECTOR('',#711,1.);
#711 = DIRECTION('',(0.,0.,1.));
#712 = ORIENTED_EDGE('',*,*,#713,.T.);
#713 = EDGE_CURVE('',#706,#714,#716,.T.);
#714 = VERTEX_POINT('',#715);
#715 = CARTESIAN_POINT('',(0.5,0.37,0.8));
#716 = CIRCLE('',#717,3.E-02);
#717 = AXIS2_PLACEMENT_3D('',#718,#719,#720);
#718 = CARTESIAN_POINT('',(0.5,0.37,0.77));
#719 = DIRECTION('',(1.,0.,-0.));
#720 = DIRECTION('',(0.,0.,1.));
#721 = ORIENTED_EDGE('',*,*,#722,.F.);
#722 = EDGE_CURVE('',#723,#714,#725,.T.);
#723 = VERTEX_POINT('',#724);
#724 = CARTESIAN_POINT('',(0.5,-0.37,0.8));
#725 = LINE('',#726,#727);
#726 = CARTESIAN_POINT('',(0.5,-0.4,0.8));
#727 = VECTOR('',#728,1.);
#728 = DIRECTION('',(0.,1.,0.));
#729 = ORIENTED_EDGE('',*,*,#730,.F.);
#730 = EDGE_CURVE('',#672,#723,#731,.T.);
#731 = CIRCLE('',#732,3.E-02);
#732 = AXIS2_PLACEMENT_3D('',#733,#734,#735);
#733 = CARTESIAN_POINT('',(0.5,-0.37,0.77));
#734 = DIRECTION('',(-1.,0.,0.));
#735 = DIRECTION('',(0.,0.,1.));
#736 = FACE_BOUND('',#737,.F.);
#737 = EDGE_LOOP('',(#738,#739,#740,#741,#742,#743,#744,#745));
#738 = ORIENTED_EDGE('',*,*,#482,.F.);
#739 = ORIENTED_EDGE('',*,*,#652,.T.);
#740 = ORIENTED_EDGE('',*,*,#635,.T.);
#741 = ORIENTED_EDGE('',*,*,#612,.T.);
#742 = ORIENTED_EDGE('',*,*,#587,.F.);
#743 = ORIENTED_EDGE('',*,*,#554,.F.);
#744 = ORIENTED_EDGE('',*,*,#537,.T.);
#745 = ORIENTED_EDGE('',*,*,#507,.F.);
#746 = PLANE('',#747);
#747 = AXIS2_PLACEMENT_3D('',#748,#749,#750);
#748 = CARTESIAN_POINT('',(0.5,-0.4,0.));
#749 = DIRECTION('',(1.,0.,0.));
#750 = DIRECTION('',(0.,0.,1.));
#751 = ADVANCED_FACE('',(#752),#777,.F.);
#752 = FACE_BOUND('',#753,.F.);
#753 = EDGE_LOOP('',(#754,#764,#770,#771));
#754 = ORIENTED_EDGE('',*,*,#755,.F.);
#755 = EDGE_CURVE('',#756,#758,#760,.T.);
#756 = VERTEX_POINT('',#757);
#757 = CARTESIAN_POINT('',(0.8,-0.4,3.E-02));
#758 = VERTEX_POINT('',#759);
#759 = CARTESIAN_POINT('',(0.8,-0.4,0.77));
#760 = LINE('',#761,#762);
#761 = CARTESIAN_POINT('',(0.8,-0.4,0.));
#762 = VECTOR('',#763,1.);
#763 = DIRECTION('',(0.,0.,1.));
#764 = ORIENTED_EDGE('',*,*,#765,.F.);
#765 = EDGE_CURVE('',#670,#756,#766,.T.);
#766 = LINE('',#767,#768);
#767 = CARTESIAN_POINT('',(0.5,-0.4,3.E-02));
#768 = VECTOR('',#769,1.);
#769 = DIRECTION('',(1.,0.,0.));
#770 = ORIENTED_EDGE('',*,*,#669,.T.);
#771 = ORIENTED_EDGE('',*,*,#772,.T.);
#772 = EDGE_CURVE('',#672,#758,#773,.T.);
#773 = LINE('',#774,#775);
#774 = CARTESIAN_POINT('',(0.5,-0.4,0.77));
#775 = VECTOR('',#776,1.);
#776 = DIRECTION('',(1.,0.,0.));
#777 = PLANE('',#778);
#778 = AXIS2_PLACEMENT_3D('',#779,#780,#781);
#779 = CARTESIAN_POINT('',(0.5,-0.4,0.));
#780 = DIRECTION('',(0.,1.,0.));
#781 = DIRECTION('',(0.,-0.,1.));
#782 = ADVANCED_FACE('',(#783),#802,.T.);
#783 = FACE_BOUND('',#784,.T.);
#784 = EDGE_LOOP('',(#785,#786,#794,#801));
#785 = ORIENTED_EDGE('',*,*,#679,.T.);
#786 = ORIENTED_EDGE('',*,*,#787,.T.);
#787 = EDGE_CURVE('',#680,#788,#790,.T.);
#788 = VERTEX_POINT('',#789);
#789 = CARTESIAN_POINT('',(0.8,-0.37,0.));
#790 = LINE('',#791,#792);
#791 = CARTESIAN_POINT('',(0.5,-0.37,0.));
#792 = VECTOR('',#793,1.);
#793 = DIRECTION('',(1.,0.,0.));
#794 = ORIENTED_EDGE('',*,*,#795,.F.);
#795 = EDGE_CURVE('',#756,#788,#796,.T.);
#796 = CIRCLE('',#797,3.E-02);
#797 = AXIS2_PLACEMENT_3D('',#798,#799,#800);
#798 = CARTESIAN_POINT('',(0.8,-0.37,3.E-02));
#799 = DIRECTION('',(1.,0.,-0.));
#800 = DIRECTION('',(0.,0.,1.));
#801 = ORIENTED_EDGE('',*,*,#765,.F.);
#802 = CYLINDRICAL_SURFACE('',#803,3.E-02);
#803 = AXIS2_PLACEMENT_3D('',#804,#805,#806);
#804 = CARTESIAN_POINT('',(0.5,-0.37,3.E-02));
#805 = DIRECTION('',(1.,0.,0.));
#806 = DIRECTION('',(0.,-1.,0.));
#807 = ADVANCED_FACE('',(#808),#827,.T.);
#808 = FACE_BOUND('',#809,.T.);
#809 = EDGE_LOOP('',(#810,#811,#820,#826));
#810 = ORIENTED_EDGE('',*,*,#772,.T.);
#811 = ORIENTED_EDGE('',*,*,#812,.T.);
#812 = EDGE_CURVE('',#758,#813,#815,.T.);
#813 = VERTEX_POINT('',#814);
#814 = CARTESIAN_POINT('',(0.8,-0.37,0.8));
#815 = CIRCLE('',#816,3.E-02);
#816 = AXIS2_PLACEMENT_3D('',#817,#818,#819);
#817 = CARTESIAN_POINT('',(0.8,-0.37,0.77));
#818 = DIRECTION('',(-1.,0.,0.));
#819 = DIRECTION('',(0.,0.,1.));
#820 = ORIENTED_EDGE('',*,*,#821,.F.);
#821 = EDGE_CURVE('',#723,#813,#822,.T.);
#822 = LINE('',#823,#824);
#823 = CARTESIAN_POINT('',(0.5,-0.37,0.8));
#824 = VECTOR('',#825,1.);
#825 = DIRECTION('',(1.,0.,0.));
#826 = ORIENTED_EDGE('',*,*,#730,.F.);
#827 = CYLINDRICAL_SURFACE('',#828,3.E-02);
#828 = AXIS2_PLACEMENT_3D('',#829,#830,#831);
#829 = CARTESIAN_POINT('',(0.5,-0.37,0.77));
#830 = DIRECTION('',(1.,0.,0.));
#831 = DIRECTION('',(0.,-1.,0.));
#832 = ADVANCED_FACE('',(#833),#851,.F.);
#833 = FACE_BOUND('',#834,.F.);
#834 = EDGE_LOOP('',(#835,#836,#837,#845));
#835 = ORIENTED_EDGE('',*,*,#688,.F.);
#836 = ORIENTED_EDGE('',*,*,#787,.T.);
#837 = ORIENTED_EDGE('',*,*,#838,.T.);
#838 = EDGE_CURVE('',#788,#839,#841,.T.);
#839 = VERTEX_POINT('',#840);
#840 = CARTESIAN_POINT('',(0.8,0.37,0.));
#841 = LINE('',#842,#843);
#842 = CARTESIAN_POINT('',(0.8,-0.4,0.));
#843 = VECTOR('',#844,1.);
#844 = DIRECTION('',(0.,1.,0.));
#845 = ORIENTED_EDGE('',*,*,#846,.F.);
#846 = EDGE_CURVE('',#689,#839,#847,.T.);
#847 = LINE('',#848,#849);
#848 = CARTESIAN_POINT('',(0.5,0.37,0.));
#849 = VECTOR('',#850,1.);
#850 = DIRECTION('',(1.,0.,0.));
#851 = PLANE('',#852);
#852 = AXIS2_PLACEMENT_3D('',#853,#854,#855);
#853 = CARTESIAN_POINT('',(0.5,-0.4,0.));
#854 = DIRECTION('',(0.,0.,1.));
#855 = DIRECTION('',(1.,0.,-0.));
#856 = ADVANCED_FACE('',(#857),#875,.T.);
#857 = FACE_BOUND('',#858,.T.);
#858 = EDGE_LOOP('',(#859,#860,#861,#869));
#859 = ORIENTED_EDGE('',*,*,#722,.F.);
#860 = ORIENTED_EDGE('',*,*,#821,.T.);
#861 = ORIENTED_EDGE('',*,*,#862,.T.);
#862 = EDGE_CURVE('',#813,#863,#865,.T.);
#863 = VERTEX_POINT('',#864);
#864 = CARTESIAN_POINT('',(0.8,0.37,0.8));
#865 = LINE('',#866,#867);
#866 = CARTESIAN_POINT('',(0.8,-0.4,0.8));
#867 = VECTOR('',#868,1.);
#868 = DIRECTION('',(0.,1.,0.));
#869 = ORIENTED_EDGE('',*,*,#870,.F.);
#870 = EDGE_CURVE('',#714,#863,#871,.T.);
#871 = LINE('',#872,#873);
#872 = CARTESIAN_POINT('',(0.5,0.37,0.8));
#873 = VECTOR('',#874,1.);
#874 = DIRECTION('',(1.,0.,0.));
#875 = PLANE('',#876);
#876 = AXIS2_PLACEMENT_3D('',#877,#878,#879);
#877 = CARTESIAN_POINT('',(0.5,-0.4,0.8));
#878 = DIRECTION('',(0.,0.,1.));
#879 = DIRECTION('',(1.,0.,-0.));
#880 = ADVANCED_FACE('',(#881),#900,.T.);
#881 = FACE_BOUND('',#882,.T.);
#882 = EDGE_LOOP('',(#883,#891,#898,#899));
#883 = ORIENTED_EDGE('',*,*,#884,.T.);
#884 = EDGE_CURVE('',#697,#885,#887,.T.);
#885 = VERTEX_POINT('',#886);
#886 = CARTESIAN_POINT('',(0.8,0.4,3.E-02));
#887 = LINE('',#888,#889);
#888 = CARTESIAN_POINT('',(0.5,0.4,3.E-02));
#889 = VECTOR('',#890,1.);
#890 = DIRECTION('',(1.,0.,0.));
#891 = ORIENTED_EDGE('',*,*,#892,.T.);
#892 = EDGE_CURVE('',#885,#839,#893,.T.);
#893 = CIRCLE('',#894,3.E-02);
#894 = AXIS2_PLACEMENT_3D('',#895,#896,#897);
#895 = CARTESIAN_POINT('',(0.8,0.37,3.E-02));
#896 = DIRECTION('',(-1.,0.,0.));
#897 = DIRECTION('',(0.,0.,1.));
#898 = ORIENTED_EDGE('',*,*,#846,.F.);
#899 = ORIENTED_EDGE('',*,*,#696,.F.);
#900 = CYLINDRICAL_SURFACE('',#901,3.E-02);
#901 = AXIS2_PLACEMENT_3D('',#902,#903,#904);
#902 = CARTESIAN_POINT('',(0.5,0.37,3.E-02));
#903 = DIRECTION('',(1.,0.,0.));
#904 = DIRECTION('',(-0.,1.,0.));
#905 = ADVANCED_FACE('',(#906),#925,.T.);
#906 = FACE_BOUND('',#907,.T.);
#907 = EDGE_LOOP('',(#908,#909,#910,#919));
#908 = ORIENTED_EDGE('',*,*,#713,.T.);
#909 = ORIENTED_EDGE('',*,*,#870,.T.);
#910 = ORIENTED_EDGE('',*,*,#911,.F.);
#911 = EDGE_CURVE('',#912,#863,#914,.T.);
#912 = VERTEX_POINT('',#913);
#913 = CARTESIAN_POINT('',(0.8,0.4,0.77));
#914 = CIRCLE('',#915,3.E-02);
#915 = AXIS2_PLACEMENT_3D('',#916,#917,#918);
#916 = CARTESIAN_POINT('',(0.8,0.37,0.77));
#917 = DIRECTION('',(1.,0.,-0.));
#918 = DIRECTION('',(0.,0.,1.));
#919 = ORIENTED_EDGE('',*,*,#920,.F.);
#920 = EDGE_CURVE('',#706,#912,#921,.T.);
#921 = LINE('',#922,#923);
#922 = CARTESIAN_POINT('',(0.5,0.4,0.77));
#923 = VECTOR('',#924,1.);
#924 = DIRECTION('',(1.,0.,0.));
#925 = CYLINDRICAL_SURFACE('',#926,3.E-02);
#926 = AXIS2_PLACEMENT_3D('',#927,#928,#929);
#927 = CARTESIAN_POINT('',(0.5,0.37,0.77));
#928 = DIRECTION('',(1.,0.,0.));
#929 = DIRECTION('',(-0.,1.,0.));
#930 = ADVANCED_FACE('',(#931),#942,.T.);
#931 = FACE_BOUND('',#932,.T.);
#932 = EDGE_LOOP('',(#933,#939,#940,#941));
#933 = ORIENTED_EDGE('',*,*,#934,.F.);
#934 = EDGE_CURVE('',#885,#912,#935,.T.);
#935 = LINE('',#936,#937);
#936 = CARTESIAN_POINT('',(0.8,0.4,0.));
#937 = VECTOR('',#938,1.);
#938 = DIRECTION('',(0.,0.,1.));
#939 = ORIENTED_EDGE('',*,*,#884,.F.);
#940 = ORIENTED_EDGE('',*,*,#705,.T.);
#941 = ORIENTED_EDGE('',*,*,#920,.T.);
#942 = PLANE('',#943);
#943 = AXIS2_PLACEMENT_3D('',#944,#945,#946);
#944 = CARTESIAN_POINT('',(0.5,0.4,0.));
#945 = DIRECTION('',(0.,1.,0.));
#946 = DIRECTION('',(0.,-0.,1.));
#947 = ADVANCED_FACE('',(#948),#958,.T.);
#948 = FACE_BOUND('',#949,.T.);
#949 = EDGE_LOOP('',(#950,#951,#952,#953,#954,#955,#956,#957));
#950 = ORIENTED_EDGE('',*,*,#755,.F.);
#951 = ORIENTED_EDGE('',*,*,#795,.T.);
#952 = ORIENTED_EDGE('',*,*,#838,.T.);
#953 = ORIENTED_EDGE('',*,*,#892,.F.);
#954 = ORIENTED_EDGE('',*,*,#934,.T.);
#955 = ORIENTED_EDGE('',*,*,#911,.T.);
#956 = ORIENTED_EDGE('',*,*,#862,.F.);
#957 = ORIENTED_EDGE('',*,*,#812,.F.);
#958 = PLANE('',#959);
#959 = AXIS2_PLACEMENT_3D('',#960,#961,#962);
#960 = CARTESIAN_POINT('',(0.8,-0.4,0.));
#961 = DIRECTION('',(1.,0.,0.));
#962 = DIRECTION('',(0.,0.,1.));
#963 = ( GEOMETRIC_REPRESENTATION_CONTEXT(3) 
GLOBAL_UNCERTAINTY_ASSIGNED_CONTEXT((#967)) GLOBAL_UNIT_ASSIGNED_CONTEXT
((#964,#965,#966)) REPRESENTATION_CONTEXT('Context #1',
  '3D Context with UNIT and UNCERTAINTY') );
#964 = ( LENGTH_UNIT() NAMED_UNIT(*) SI_UNIT(.MILLI.,.METRE.) );
#965 = ( NAMED_UNIT(*) PLANE_ANGLE_UNIT() SI_UNIT($,.RADIAN.) );
#966 = ( NAMED_UNIT(*) SI_UNIT($,.STERADIAN.) SOLID_ANGLE_UNIT() );
#967 = UNCERTAINTY_MEASURE_WITH_UNIT(LENGTH_MEASURE(1.E-07),#964,
  'distance_accuracy_value','confusion accuracy');
#968 = CONTEXT_DEPENDENT_SHAPE_REPRESENTATION(#969,#971);
#969 = ( REPRESENTATION_RELATIONSHIP('','',#108,#10) 
REPRESENTATION_RELATIONSHIP_WITH_TRANSFORMATION(#970) 
SHAPE_REPRESENTATION_RELATIONSHIP() );
#970 = ITEM_DEFINED_TRANSFORMATION('','',#11,#15);
#971 = PRODUCT_DEFINITION_SHAPE('Placement','Placement of an item',#972
  );
#972 = NEXT_ASSEMBLY_USAGE_OCCURRENCE('1','C1','',#5,#103,$);
#973 = PRODUCT_RELATED_PRODUCT_CATEGORY('part',$,(#105));
#974 = SHAPE_DEFINITION_REPRESENTATION(#975,#981);
#975 = PRODUCT_DEFINITION_SHAPE('','',#976);
#976 = PRODUCT_DEFINITION('design','',#977,#980);
#977 = PRODUCT_DEFINITION_FORMATION('','',#978);
#978 = PRODUCT('C_1206_3216Metric','C_1206_3216Metric','',(#979));
#979 = PRODUCT_CONTEXT('',#2,'mechanical');
#980 = PRODUCT_DEFINITION_CONTEXT('part definition',#2,'design');
#981 = ADVANCED_BREP_SHAPE_REPRESENTATION('',(#11,#982),#1836);
#982 = MANIFOLD_SOLID_BREP('',#983);
#983 = CLOSED_SHELL('',(#984,#1060,#1091,#1116,#1141,#1165,#1189,#1214,
    #1239,#1256,#1342,#1374,#1398,#1423,#1447,#1472,#1496,#1521,#1538,
    #1624,#1655,#1680,#1705,#1729,#1753,#1778,#1803,#1820));
#984 = ADVANCED_FACE('',(#985),#1055,.F.);
#985 = FACE_BOUND('',#986,.F.);
#986 = EDGE_LOOP('',(#987,#997,#1006,#1014,#1023,#1031,#1040,#1048));
#987 = ORIENTED_EDGE('',*,*,#988,.F.);
#988 = EDGE_CURVE('',#989,#991,#993,.T.);
#989 = VERTEX_POINT('',#990);
#990 = CARTESIAN_POINT('',(-1.6,-0.8,4.E-02));
#991 = VERTEX_POINT('',#992);
#992 = CARTESIAN_POINT('',(-1.6,-0.8,1.56));
#993 = LINE('',#994,#995);
#994 = CARTESIAN_POINT('',(-1.6,-0.8,0.));
#995 = VECTOR('',#996,1.);
#996 = DIRECTION('',(0.,0.,1.));
#997 = ORIENTED_EDGE('',*,*,#998,.T.);
#998 = EDGE_CURVE('',#989,#999,#1001,.T.);
#999 = VERTEX_POINT('',#1000);
#1000 = CARTESIAN_POINT('',(-1.6,-0.76,0.));
#1001 = CIRCLE('',#1002,4.E-02);
#1002 = AXIS2_PLACEMENT_3D('',#1003,#1004,#1005);
#1003 = CARTESIAN_POINT('',(-1.6,-0.76,4.E-02));
#1004 = DIRECTION('',(1.,0.,-0.));
#1005 = DIRECTION('',(0.,0.,1.));
#1006 = ORIENTED_EDGE('',*,*,#1007,.T.);
#1007 = EDGE_CURVE('',#999,#1008,#1010,.T.);
#1008 = VERTEX_POINT('',#1009);
#1009 = CARTESIAN_POINT('',(-1.6,0.76,0.));
#1010 = LINE('',#1011,#1012);
#1011 = CARTESIAN_POINT('',(-1.6,-0.8,0.));
#1012 = VECTOR('',#1013,1.);
#1013 = DIRECTION('',(0.,1.,0.));
#1014 = ORIENTED_EDGE('',*,*,#1015,.F.);
#1015 = EDGE_CURVE('',#1016,#1008,#1018,.T.);
#1016 = VERTEX_POINT('',#1017);
#1017 = CARTESIAN_POINT('',(-1.6,0.8,4.E-02));
#1018 = CIRCLE('',#1019,4.E-02);
#1019 = AXIS2_PLACEMENT_3D('',#1020,#1021,#1022);
#1020 = CARTESIAN_POINT('',(-1.6,0.76,4.E-02));
#1021 = DIRECTION('',(-1.,0.,0.));
#1022 = DIRECTION('',(0.,0.,1.));
#1023 = ORIENTED_EDGE('',*,*,#1024,.T.);
#1024 = EDGE_CURVE('',#1016,#1025,#1027,.T.);
#1025 = VERTEX_POINT('',#1026);
#1026 = CARTESIAN_POINT('',(-1.6,0.8,1.56));
#1027 = LINE('',#1028,#1029);
#1028 = CARTESIAN_POINT('',(-1.6,0.8,0.));
#1029 = VECTOR('',#1030,1.);
#1030 = DIRECTION('',(0.,0.,1.));
#1031 = ORIENTED_EDGE('',*,*,#1032,.T.);
#1032 = EDGE_CURVE('',#1025,#1033,#1035,.T.);
#1033 = VERTEX_POINT('',#1034);
#1034 = CARTESIAN_POINT('',(-1.6,0.76,1.6));
#1035 = CIRCLE('',#1036,4.E-02);
#1036 = AXIS2_PLACEMENT_3D('',#1037,#1038,#1039);
#1037 = CARTESIAN_POINT('',(-1.6,0.76,1.56));
#1038 = DIRECTION('',(1.,0.,-0.));
#1039 = DIRECTION('',(0.,0.,1.));
#1040 = ORIENTED_EDGE('',*,*,#1041,.F.);
#1041 = EDGE_CURVE('',#1042,#1033,#1044,.T.);
#1042 = VERTEX_POINT('',#1043);
#1043 = CARTESIAN_POINT('',(-1.6,-0.76,1.6));
#1044 = LINE('',#1045,#1046);
#1045 = CARTESIAN_POINT('',(-1.6,-0.8,1.6));
#1046 = VECTOR('',#1047,1.);
#1047 = DIRECTION('',(0.,1.,0.));
#1048 = ORIENTED_EDGE('',*,*,#1049,.F.);
#1049 = EDGE_CURVE('',#991,#1042,#1050,.T.);
#1050 = CIRCLE('',#1051,4.E-02);
#1051 = AXIS2_PLACEMENT_3D('',#1052,#1053,#1054);
#1052 = CARTESIAN_POINT('',(-1.6,-0.76,1.56));
#1053 = DIRECTION('',(-1.,0.,0.));
#1054 = DIRECTION('',(0.,0.,1.));
#1055 = PLANE('',#1056);
#1056 = AXIS2_PLACEMENT_3D('',#1057,#1058,#1059);
#1057 = CARTESIAN_POINT('',(-1.6,-0.8,0.));
#1058 = DIRECTION('',(1.,0.,0.));
#1059 = DIRECTION('',(0.,0.,1.));
#1060 = ADVANCED_FACE('',(#1061),#1086,.F.);
#1061 = FACE_BOUND('',#1062,.F.);
#1062 = EDGE_LOOP('',(#1063,#1073,#1079,#1080));
#1063 = ORIENTED_EDGE('',*,*,#1064,.F.);
#1064 = EDGE_CURVE('',#1065,#1067,#1069,.T.);
#1065 = VERTEX_POINT('',#1066);
#1066 = CARTESIAN_POINT('',(-1.2,-0.8,4.E-02));
#1067 = VERTEX_POINT('',#1068);
#1068 = CARTESIAN_POINT('',(-1.2,-0.8,1.56));
#1069 = LINE('',#1070,#1071);
#1070 = CARTESIAN_POINT('',(-1.2,-0.8,0.));
#1071 = VECTOR('',#1072,1.);
#1072 = DIRECTION('',(0.,0.,1.));
#1073 = ORIENTED_EDGE('',*,*,#1074,.F.);
#1074 = EDGE_CURVE('',#989,#1065,#1075,.T.);
#1075 = LINE('',#1076,#1077);
#1076 = CARTESIAN_POINT('',(-1.6,-0.8,4.E-02));
#1077 = VECTOR('',#1078,1.);
#1078 = DIRECTION('',(1.,0.,0.));
#1079 = ORIENTED_EDGE('',*,*,#988,.T.);
#1080 = ORIENTED_EDGE('',*,*,#1081,.T.);
#1081 = EDGE_CURVE('',#991,#1067,#1082,.T.);
#1082 = LINE('',#1083,#1084);
#1083 = CARTESIAN_POINT('',(-1.6,-0.8,1.56));
#1084 = VECTOR('',#1085,1.);
#1085 = DIRECTION('',(1.,0.,0.));
#1086 = PLANE('',#1087);
#1087 = AXIS2_PLACEMENT_3D('',#1088,#1089,#1090);
#1088 = CARTESIAN_POINT('',(-1.6,-0.8,0.));
#1089 = DIRECTION('',(0.,1.,0.));
#1090 = DIRECTION('',(0.,-0.,1.));
#1091 = ADVANCED_FACE('',(#1092),#1111,.T.);
#1092 = FACE_BOUND('',#1093,.T.);
#1093 = EDGE_LOOP('',(#1094,#1095,#1103,#1110));
#1094 = ORIENTED_EDGE('',*,*,#998,.T.);
#1095 = ORIENTED_EDGE('',*,*,#1096,.T.);
#1096 = EDGE_CURVE('',#999,#1097,#1099,.T.);
#1097 = VERTEX_POINT('',#1098);
#1098 = CARTESIAN_POINT('',(-1.2,-0.76,0.));
#1099 = LINE('',#1100,#1101);
#1100 = CARTESIAN_POINT('',(-1.6,-0.76,0.));
#1101 = VECTOR('',#1102,1.);
#1102 = DIRECTION('',(1.,0.,0.));
#1103 = ORIENTED_EDGE('',*,*,#1104,.F.);
#1104 = EDGE_CURVE('',#1065,#1097,#1105,.T.);
#1105 = CIRCLE('',#1106,4.E-02);
#1106 = AXIS2_PLACEMENT_3D('',#1107,#1108,#1109);
#1107 = CARTESIAN_POINT('',(-1.2,-0.76,4.E-02));
#1108 = DIRECTION('',(1.,0.,-0.));
#1109 = DIRECTION('',(0.,0.,1.));
#1110 = ORIENTED_EDGE('',*,*,#1074,.F.);
#1111 = CYLINDRICAL_SURFACE('',#1112,4.E-02);
#1112 = AXIS2_PLACEMENT_3D('',#1113,#1114,#1115);
#1113 = CARTESIAN_POINT('',(-1.6,-0.76,4.E-02));
#1114 = DIRECTION('',(1.,0.,0.));
#1115 = DIRECTION('',(0.,-1.,0.));
#1116 = ADVANCED_FACE('',(#1117),#1136,.T.);
#1117 = FACE_BOUND('',#1118,.T.);
#1118 = EDGE_LOOP('',(#1119,#1120,#1129,#1135));
#1119 = ORIENTED_EDGE('',*,*,#1081,.T.);
#1120 = ORIENTED_EDGE('',*,*,#1121,.T.);
#1121 = EDGE_CURVE('',#1067,#1122,#1124,.T.);
#1122 = VERTEX_POINT('',#1123);
#1123 = CARTESIAN_POINT('',(-1.2,-0.76,1.6));
#1124 = CIRCLE('',#1125,4.E-02);
#1125 = AXIS2_PLACEMENT_3D('',#1126,#1127,#1128);
#1126 = CARTESIAN_POINT('',(-1.2,-0.76,1.56));
#1127 = DIRECTION('',(-1.,0.,0.));
#1128 = DIRECTION('',(0.,0.,1.));
#1129 = ORIENTED_EDGE('',*,*,#1130,.F.);
#1130 = EDGE_CURVE('',#1042,#1122,#1131,.T.);
#1131 = LINE('',#1132,#1133);
#1132 = CARTESIAN_POINT('',(-1.6,-0.76,1.6));
#1133 = VECTOR('',#1134,1.);
#1134 = DIRECTION('',(1.,0.,0.));
#1135 = ORIENTED_EDGE('',*,*,#1049,.F.);
#1136 = CYLINDRICAL_SURFACE('',#1137,4.E-02);
#1137 = AXIS2_PLACEMENT_3D('',#1138,#1139,#1140);
#1138 = CARTESIAN_POINT('',(-1.6,-0.76,1.56));
#1139 = DIRECTION('',(1.,0.,0.));
#1140 = DIRECTION('',(0.,-1.,0.));
#1141 = ADVANCED_FACE('',(#1142),#1160,.F.);
#1142 = FACE_BOUND('',#1143,.F.);
#1143 = EDGE_LOOP('',(#1144,#1145,#1146,#1154));
#1144 = ORIENTED_EDGE('',*,*,#1007,.F.);
#1145 = ORIENTED_EDGE('',*,*,#1096,.T.);
#1146 = ORIENTED_EDGE('',*,*,#1147,.T.);
#1147 = EDGE_CURVE('',#1097,#1148,#1150,.T.);
#1148 = VERTEX_POINT('',#1149);
#1149 = CARTESIAN_POINT('',(-1.2,0.76,0.));
#1150 = LINE('',#1151,#1152);
#1151 = CARTESIAN_POINT('',(-1.2,-0.8,0.));
#1152 = VECTOR('',#1153,1.);
#1153 = DIRECTION('',(0.,1.,0.));
#1154 = ORIENTED_EDGE('',*,*,#1155,.F.);
#1155 = EDGE_CURVE('',#1008,#1148,#1156,.T.);
#1156 = LINE('',#1157,#1158);
#1157 = CARTESIAN_POINT('',(-1.6,0.76,0.));
#1158 = VECTOR('',#1159,1.);
#1159 = DIRECTION('',(1.,0.,0.));
#1160 = PLANE('',#1161);
#1161 = AXIS2_PLACEMENT_3D('',#1162,#1163,#1164);
#1162 = CARTESIAN_POINT('',(-1.6,-0.8,0.));
#1163 = DIRECTION('',(0.,0.,1.));
#1164 = DIRECTION('',(1.,0.,-0.));
#1165 = ADVANCED_FACE('',(#1166),#1184,.T.);
#1166 = FACE_BOUND('',#1167,.T.);
#1167 = EDGE_LOOP('',(#1168,#1169,#1170,#1178));
#1168 = ORIENTED_EDGE('',*,*,#1041,.F.);
#1169 = ORIENTED_EDGE('',*,*,#1130,.T.);
#1170 = ORIENTED_EDGE('',*,*,#1171,.T.);
#1171 = EDGE_CURVE('',#1122,#1172,#1174,.T.);
#1172 = VERTEX_POINT('',#1173);
#1173 = CARTESIAN_POINT('',(-1.2,0.76,1.6));
#1174 = LINE('',#1175,#1176);
#1175 = CARTESIAN_POINT('',(-1.2,-0.8,1.6));
#1176 = VECTOR('',#1177,1.);
#1177 = DIRECTION('',(0.,1.,0.));
#1178 = ORIENTED_EDGE('',*,*,#1179,.F.);
#1179 = EDGE_CURVE('',#1033,#1172,#1180,.T.);
#1180 = LINE('',#1181,#1182);
#1181 = CARTESIAN_POINT('',(-1.6,0.76,1.6));
#1182 = VECTOR('',#1183,1.);
#1183 = DIRECTION('',(1.,0.,0.));
#1184 = PLANE('',#1185);
#1185 = AXIS2_PLACEMENT_3D('',#1186,#1187,#1188);
#1186 = CARTESIAN_POINT('',(-1.6,-0.8,1.6));
#1187 = DIRECTION('',(0.,0.,1.));
#1188 = DIRECTION('',(1.,0.,-0.));
#1189 = ADVANCED_FACE('',(#1190),#1209,.T.);
#1190 = FACE_BOUND('',#1191,.T.);
#1191 = EDGE_LOOP('',(#1192,#1200,#1207,#1208));
#1192 = ORIENTED_EDGE('',*,*,#1193,.T.);
#1193 = EDGE_CURVE('',#1016,#1194,#1196,.T.);
#1194 = VERTEX_POINT('',#1195);
#1195 = CARTESIAN_POINT('',(-1.2,0.8,4.E-02));
#1196 = LINE('',#1197,#1198);
#1197 = CARTESIAN_POINT('',(-1.6,0.8,4.E-02));
#1198 = VECTOR('',#1199,1.);
#1199 = DIRECTION('',(1.,0.,0.));
#1200 = ORIENTED_EDGE('',*,*,#1201,.T.);
#1201 = EDGE_CURVE('',#1194,#1148,#1202,.T.);
#1202 = CIRCLE('',#1203,4.E-02);
#1203 = AXIS2_PLACEMENT_3D('',#1204,#1205,#1206);
#1204 = CARTESIAN_POINT('',(-1.2,0.76,4.E-02));
#1205 = DIRECTION('',(-1.,0.,0.));
#1206 = DIRECTION('',(0.,0.,1.));
#1207 = ORIENTED_EDGE('',*,*,#1155,.F.);
#1208 = ORIENTED_EDGE('',*,*,#1015,.F.);
#1209 = CYLINDRICAL_SURFACE('',#1210,4.E-02);
#1210 = AXIS2_PLACEMENT_3D('',#1211,#1212,#1213);
#1211 = CARTESIAN_POINT('',(-1.6,0.76,4.E-02));
#1212 = DIRECTION('',(1.,0.,0.));
#1213 = DIRECTION('',(-0.,1.,0.));
#1214 = ADVANCED_FACE('',(#1215),#1234,.T.);
#1215 = FACE_BOUND('',#1216,.T.);
#1216 = EDGE_LOOP('',(#1217,#1218,#1219,#1228));
#1217 = ORIENTED_EDGE('',*,*,#1032,.T.);
#1218 = ORIENTED_EDGE('',*,*,#1179,.T.);
#1219 = ORIENTED_EDGE('',*,*,#1220,.F.);
#1220 = EDGE_CURVE('',#1221,#1172,#1223,.T.);
#1221 = VERTEX_POINT('',#1222);
#1222 = CARTESIAN_POINT('',(-1.2,0.8,1.56));
#1223 = CIRCLE('',#1224,4.E-02);
#1224 = AXIS2_PLACEMENT_3D('',#1225,#1226,#1227);
#1225 = CARTESIAN_POINT('',(-1.2,0.76,1.56));
#1226 = DIRECTION('',(1.,0.,-0.));
#1227 = DIRECTION('',(0.,0.,1.));
#1228 = ORIENTED_EDGE('',*,*,#1229,.F.);
#1229 = EDGE_CURVE('',#1025,#1221,#1230,.T.);
#1230 = LINE('',#1231,#1232);
#1231 = CARTESIAN_POINT('',(-1.6,0.8,1.56));
#1232 = VECTOR('',#1233,1.);
#1233 = DIRECTION('',(1.,0.,0.));
#1234 = CYLINDRICAL_SURFACE('',#1235,4.E-02);
#1235 = AXIS2_PLACEMENT_3D('',#1236,#1237,#1238);
#1236 = CARTESIAN_POINT('',(-1.6,0.76,1.56));
#1237 = DIRECTION('',(1.,0.,0.));
#1238 = DIRECTION('',(-0.,1.,0.));
#1239 = ADVANCED_FACE('',(#1240),#1251,.T.);
#1240 = FACE_BOUND('',#1241,.T.);
#1241 = EDGE_LOOP('',(#1242,#1248,#1249,#1250));
#1242 = ORIENTED_EDGE('',*,*,#1243,.F.);
#1243 = EDGE_CURVE('',#1194,#1221,#1244,.T.);
#1244 = LINE('',#1245,#1246);
#1245 = CARTESIAN_POINT('',(-1.2,0.8,0.));
#1246 = VECTOR('',#1247,1.);
#1247 = DIRECTION('',(0.,0.,1.));
#1248 = ORIENTED_EDGE('',*,*,#1193,.F.);
#1249 = ORIENTED_EDGE('',*,*,#1024,.T.);
#1250 = ORIENTED_EDGE('',*,*,#1229,.T.);
#1251 = PLANE('',#1252);
#1252 = AXIS2_PLACEMENT_3D('',#1253,#1254,#1255);
#1253 = CARTESIAN_POINT('',(-1.6,0.8,0.));
#1254 = DIRECTION('',(0.,1.,0.));
#1255 = DIRECTION('',(0.,-0.,1.));
#1256 = ADVANCED_FACE('',(#1257,#1267),#1337,.T.);
#1257 = FACE_BOUND('',#1258,.T.);
#1258 = EDGE_LOOP('',(#1259,#1260,#1261,#1262,#1263,#1264,#1265,#1266));
#1259 = ORIENTED_EDGE('',*,*,#1064,.F.);
#1260 = ORIENTED_EDGE('',*,*,#1104,.T.);
#1261 = ORIENTED_EDGE('',*,*,#1147,.T.);
#1262 = ORIENTED_EDGE('',*,*,#1201,.F.);
#1263 = ORIENTED_EDGE('',*,*,#1243,.T.);
#1264 = ORIENTED_EDGE('',*,*,#1220,.T.);
#1265 = ORIENTED_EDGE('',*,*,#1171,.F.);
#1266 = ORIENTED_EDGE('',*,*,#1121,.F.);
#1267 = FACE_BOUND('',#1268,.T.);
#1268 = EDGE_LOOP('',(#1269,#1280,#1288,#1297,#1305,#1314,#1322,#1331));
#1269 = ORIENTED_EDGE('',*,*,#1270,.F.);
#1270 = EDGE_CURVE('',#1271,#1273,#1275,.T.);
#1271 = VERTEX_POINT('',#1272);
#1272 = CARTESIAN_POINT('',(-1.2,-0.76,8.E-02));
#1273 = VERTEX_POINT('',#1274);
#1274 = CARTESIAN_POINT('',(-1.2,-0.72,4.E-02));
#1275 = CIRCLE('',#1276,4.E-02);
#1276 = AXIS2_PLACEMENT_3D('',#1277,#1278,#1279);
#1277 = CARTESIAN_POINT('',(-1.2,-0.72,8.E-02));
#1278 = DIRECTION('',(1.,0.,-0.));
#1279 = DIRECTION('',(0.,0.,1.));
#1280 = ORIENTED_EDGE('',*,*,#1281,.T.);
#1281 = EDGE_CURVE('',#1271,#1282,#1284,.T.);
#1282 = VERTEX_POINT('',#1283);
#1283 = CARTESIAN_POINT('',(-1.2,-0.76,1.52));
#1284 = LINE('',#1285,#1286);
#1285 = CARTESIAN_POINT('',(-1.2,-0.76,4.E-02));
#1286 = VECTOR('',#1287,1.);
#1287 = DIRECTION('',(0.,0.,1.));
#1288 = ORIENTED_EDGE('',*,*,#1289,.T.);
#1289 = EDGE_CURVE('',#1282,#1290,#1292,.T.);
#1290 = VERTEX_POINT('',#1291);
#1291 = CARTESIAN_POINT('',(-1.2,-0.72,1.56));
#1292 = CIRCLE('',#1293,4.E-02);
#1293 = AXIS2_PLACEMENT_3D('',#1294,#1295,#1296);
#1294 = CARTESIAN_POINT('',(-1.2,-0.72,1.52));
#1295 = DIRECTION('',(-1.,0.,0.));
#1296 = DIRECTION('',(0.,0.,1.));
#1297 = ORIENTED_EDGE('',*,*,#1298,.T.);
#1298 = EDGE_CURVE('',#1290,#1299,#1301,.T.);
#1299 = VERTEX_POINT('',#1300);
#1300 = CARTESIAN_POINT('',(-1.2,0.72,1.56));
#1301 = LINE('',#1302,#1303);
#1302 = CARTESIAN_POINT('',(-1.2,-0.76,1.56));
#1303 = VECTOR('',#1304,1.);
#1304 = DIRECTION('',(0.,1.,0.));
#1305 = ORIENTED_EDGE('',*,*,#1306,.F.);
#1306 = EDGE_CURVE('',#1307,#1299,#1309,.T.);
#1307 = VERTEX_POINT('',#1308);
#1308 = CARTESIAN_POINT('',(-1.2,0.76,1.52));
#1309 = CIRCLE('',#1310,4.E-02);
#1310 = AXIS2_PLACEMENT_3D('',#1311,#1312,#1313);
#1311 = CARTESIAN_POINT('',(-1.2,0.72,1.52));
#1312 = DIRECTION('',(1.,0.,-0.));
#1313 = DIRECTION('',(0.,0.,1.));
#1314 = ORIENTED_EDGE('',*,*,#1315,.F.);
#1315 = EDGE_CURVE('',#1316,#1307,#1318,.T.);
#1316 = VERTEX_POINT('',#1317);
#1317 = CARTESIAN_POINT('',(-1.2,0.76,8.E-02));
#1318 = LINE('',#1319,#1320);
#1319 = CARTESIAN_POINT('',(-1.2,0.76,4.E-02));
#1320 = VECTOR('',#1321,1.);
#1321 = DIRECTION('',(0.,0.,1.));
#1322 = ORIENTED_EDGE('',*,*,#1323,.T.);
#1323 = EDGE_CURVE('',#1316,#1324,#1326,.T.);
#1324 = VERTEX_POINT('',#1325);
#1325 = CARTESIAN_POINT('',(-1.2,0.72,4.E-02));
#1326 = CIRCLE('',#1327,4.E-02);
#1327 = AXIS2_PLACEMENT_3D('',#1328,#1329,#1330);
#1328 = CARTESIAN_POINT('',(-1.2,0.72,8.E-02));
#1329 = DIRECTION('',(-1.,0.,0.));
#1330 = DIRECTION('',(0.,0.,1.));
#1331 = ORIENTED_EDGE('',*,*,#1332,.F.);
#1332 = EDGE_CURVE('',#1273,#1324,#1333,.T.);
#1333 = LINE('',#1334,#1335);
#1334 = CARTESIAN_POINT('',(-1.2,-0.76,4.E-02));
#1335 = VECTOR('',#1336,1.);
#1336 = DIRECTION('',(0.,1.,0.));
#1337 = PLANE('',#1338);
#1338 = AXIS2_PLACEMENT_3D('',#1339,#1340,#1341);
#1339 = CARTESIAN_POINT('',(-1.2,-0.8,0.));
#1340 = DIRECTION('',(1.,0.,0.));
#1341 = DIRECTION('',(0.,0.,1.));
#1342 = ADVANCED_FACE('',(#1343),#1369,.T.);
#1343 = FACE_BOUND('',#1344,.T.);
#1344 = EDGE_LOOP('',(#1345,#1346,#1354,#1363));
#1345 = ORIENTED_EDGE('',*,*,#1270,.T.);
#1346 = ORIENTED_EDGE('',*,*,#1347,.T.);
#1347 = EDGE_CURVE('',#1273,#1348,#1350,.T.);
#1348 = VERTEX_POINT('',#1349);
#1349 = CARTESIAN_POINT('',(1.2,-0.72,4.E-02));
#1350 = LINE('',#1351,#1352);
#1351 = CARTESIAN_POINT('',(-1.2,-0.72,4.E-02));
#1352 = VECTOR('',#1353,1.);
#1353 = DIRECTION('',(1.,0.,0.));
#1354 = ORIENTED_EDGE('',*,*,#1355,.F.);
#1355 = EDGE_CURVE('',#1356,#1348,#1358,.T.);
#1356 = VERTEX_POINT('',#1357);
#1357 = CARTESIAN_POINT('',(1.2,-0.76,8.E-02));
#1358 = CIRCLE('',#1359,4.E-02);
#1359 = AXIS2_PLACEMENT_3D('',#1360,#1361,#1362);
#1360 = CARTESIAN_POINT('',(1.2,-0.72,8.E-02));
#1361 = DIRECTION('',(1.,0.,-0.));
#1362 = DIRECTION('',(0.,0.,1.));
#1363 = ORIENTED_EDGE('',*,*,#1364,.F.);
#1364 = EDGE_CURVE('',#1271,#1356,#1365,.T.);
#1365 = LINE('',#1366,#1367);
#1366 = CARTESIAN_POINT('',(-1.2,-0.76,8.E-02));
#1367 = VECTOR('',#1368,1.);
#1368 = DIRECTION('',(1.,0.,0.));
#1369 = CYLINDRICAL_SURFACE('',#1370,4.E-02);
#1370 = AXIS2_PLACEMENT_3D('',#1371,#1372,#1373);
#1371 = CARTESIAN_POINT('',(-1.2,-0.72,8.E-02));
#1372 = DIRECTION('',(1.,0.,0.));
#1373 = DIRECTION('',(0.,-1.,0.));
#1374 = ADVANCED_FACE('',(#1375),#1393,.F.);
#1375 = FACE_BOUND('',#1376,.F.);
#1376 = EDGE_LOOP('',(#1377,#1378,#1379,#1387));
#1377 = ORIENTED_EDGE('',*,*,#1332,.F.);
#1378 = ORIENTED_EDGE('',*,*,#1347,.T.);
#1379 = ORIENTED_EDGE('',*,*,#1380,.T.);
#1380 = EDGE_CURVE('',#1348,#1381,#1383,.T.);
#1381 = VERTEX_POINT('',#1382);
#1382 = CARTESIAN_POINT('',(1.2,0.72,4.E-02));
#1383 = LINE('',#1384,#1385);
#1384 = CARTESIAN_POINT('',(1.2,-0.76,4.E-02));
#1385 = VECTOR('',#1386,1.);
#1386 = DIRECTION('',(0.,1.,0.));
#1387 = ORIENTED_EDGE('',*,*,#1388,.F.);
#1388 = EDGE_CURVE('',#1324,#1381,#1389,.T.);
#1389 = LINE('',#1390,#1391);
#1390 = CARTESIAN_POINT('',(-1.2,0.72,4.E-02));
#1391 = VECTOR('',#1392,1.);
#1392 = DIRECTION('',(1.,0.,0.));
#1393 = PLANE('',#1394);
#1394 = AXIS2_PLACEMENT_3D('',#1395,#1396,#1397);
#1395 = CARTESIAN_POINT('',(-1.2,-0.76,4.E-02));
#1396 = DIRECTION('',(0.,0.,1.));
#1397 = DIRECTION('',(1.,0.,-0.));
#1398 = ADVANCED_FACE('',(#1399),#1418,.T.);
#1399 = FACE_BOUND('',#1400,.T.);
#1400 = EDGE_LOOP('',(#1401,#1409,#1416,#1417));
#1401 = ORIENTED_EDGE('',*,*,#1402,.T.);
#1402 = EDGE_CURVE('',#1316,#1403,#1405,.T.);
#1403 = VERTEX_POINT('',#1404);
#1404 = CARTESIAN_POINT('',(1.2,0.76,8.E-02));
#1405 = LINE('',#1406,#1407);
#1406 = CARTESIAN_POINT('',(-1.2,0.76,8.E-02));
#1407 = VECTOR('',#1408,1.);
#1408 = DIRECTION('',(1.,0.,0.));
#1409 = ORIENTED_EDGE('',*,*,#1410,.T.);
#1410 = EDGE_CURVE('',#1403,#1381,#1411,.T.);
#1411 = CIRCLE('',#1412,4.E-02);
#1412 = AXIS2_PLACEMENT_3D('',#1413,#1414,#1415);
#1413 = CARTESIAN_POINT('',(1.2,0.72,8.E-02));
#1414 = DIRECTION('',(-1.,0.,0.));
#1415 = DIRECTION('',(0.,0.,1.));
#1416 = ORIENTED_EDGE('',*,*,#1388,.F.);
#1417 = ORIENTED_EDGE('',*,*,#1323,.F.);
#1418 = CYLINDRICAL_SURFACE('',#1419,4.E-02);
#1419 = AXIS2_PLACEMENT_3D('',#1420,#1421,#1422);
#1420 = CARTESIAN_POINT('',(-1.2,0.72,8.E-02));
#1421 = DIRECTION('',(1.,0.,0.));
#1422 = DIRECTION('',(-0.,1.,0.));
#1423 = ADVANCED_FACE('',(#1424),#1442,.T.);
#1424 = FACE_BOUND('',#1425,.T.);
#1425 = EDGE_LOOP('',(#1426,#1434,#1435,#1436));
#1426 = ORIENTED_EDGE('',*,*,#1427,.F.);
#1427 = EDGE_CURVE('',#1403,#1428,#1430,.T.);
#1428 = VERTEX_POINT('',#1429);
#1429 = CARTESIAN_POINT('',(1.2,0.76,1.52));
#1430 = LINE('',#1431,#1432);
#1431 = CARTESIAN_POINT('',(1.2,0.76,4.E-02));
#1432 = VECTOR('',#1433,1.);
#1433 = DIRECTION('',(0.,0.,1.));
#1434 = ORIENTED_EDGE('',*,*,#1402,.F.);
#1435 = ORIENTED_EDGE('',*,*,#1315,.T.);
#1436 = ORIENTED_EDGE('',*,*,#1437,.T.);
#1437 = EDGE_CURVE('',#1307,#1428,#1438,.T.);
#1438 = LINE('',#1439,#1440);
#1439 = CARTESIAN_POINT('',(-1.2,0.76,1.52));
#1440 = VECTOR('',#1441,1.);
#1441 = DIRECTION('',(1.,0.,0.));
#1442 = PLANE('',#1443);
#1443 = AXIS2_PLACEMENT_3D('',#1444,#1445,#1446);
#1444 = CARTESIAN_POINT('',(-1.2,0.76,4.E-02));
#1445 = DIRECTION('',(0.,1.,0.));
#1446 = DIRECTION('',(0.,-0.,1.));
#1447 = ADVANCED_FACE('',(#1448),#1467,.T.);
#1448 = FACE_BOUND('',#1449,.T.);
#1449 = EDGE_LOOP('',(#1450,#1451,#1459,#1466));
#1450 = ORIENTED_EDGE('',*,*,#1306,.T.);
#1451 = ORIENTED_EDGE('',*,*,#1452,.T.);
#1452 = EDGE_CURVE('',#1299,#1453,#1455,.T.);
#1453 = VERTEX_POINT('',#1454);
#1454 = CARTESIAN_POINT('',(1.2,0.72,1.56));
#1455 = LINE('',#1456,#1457);
#1456 = CARTESIAN_POINT('',(-1.2,0.72,1.56));
#1457 = VECTOR('',#1458,1.);
#1458 = DIRECTION('',(1.,0.,0.));
#1459 = ORIENTED_EDGE('',*,*,#1460,.F.);
#1460 = EDGE_CURVE('',#1428,#1453,#1461,.T.);
#1461 = CIRCLE('',#1462,4.E-02);
#1462 = AXIS2_PLACEMENT_3D('',#1463,#1464,#1465);
#1463 = CARTESIAN_POINT('',(1.2,0.72,1.52));
#1464 = DIRECTION('',(1.,0.,-0.));
#1465 = DIRECTION('',(0.,0.,1.));
#1466 = ORIENTED_EDGE('',*,*,#1437,.F.);
#1467 = CYLINDRICAL_SURFACE('',#1468,4.E-02);
#1468 = AXIS2_PLACEMENT_3D('',#1469,#1470,#1471);
#1469 = CARTESIAN_POINT('',(-1.2,0.72,1.52));
#1470 = DIRECTION('',(1.,0.,0.));
#1471 = DIRECTION('',(-0.,1.,0.));
#1472 = ADVANCED_FACE('',(#1473),#1491,.T.);
#1473 = FACE_BOUND('',#1474,.T.);
#1474 = EDGE_LOOP('',(#1475,#1476,#1484,#1490));
#1475 = ORIENTED_EDGE('',*,*,#1298,.F.);
#1476 = ORIENTED_EDGE('',*,*,#1477,.T.);
#1477 = EDGE_CURVE('',#1290,#1478,#1480,.T.);
#1478 = VERTEX_POINT('',#1479);
#1479 = CARTESIAN_POINT('',(1.2,-0.72,1.56));
#1480 = LINE('',#1481,#1482);
#1481 = CARTESIAN_POINT('',(-1.2,-0.72,1.56));
#1482 = VECTOR('',#1483,1.);
#1483 = DIRECTION('',(1.,0.,0.));
#1484 = ORIENTED_EDGE('',*,*,#1485,.T.);
#1485 = EDGE_CURVE('',#1478,#1453,#1486,.T.);
#1486 = LINE('',#1487,#1488);
#1487 = CARTESIAN_POINT('',(1.2,-0.76,1.56));
#1488 = VECTOR('',#1489,1.);
#1489 = DIRECTION('',(0.,1.,0.));
#1490 = ORIENTED_EDGE('',*,*,#1452,.F.);
#1491 = PLANE('',#1492);
#1492 = AXIS2_PLACEMENT_3D('',#1493,#1494,#1495);
#1493 = CARTESIAN_POINT('',(-1.2,-0.76,1.56));
#1494 = DIRECTION('',(0.,0.,1.));
#1495 = DIRECTION('',(1.,0.,-0.));
#1496 = ADVANCED_FACE('',(#1497),#1516,.T.);
#1497 = FACE_BOUND('',#1498,.T.);
#1498 = EDGE_LOOP('',(#1499,#1507,#1514,#1515));
#1499 = ORIENTED_EDGE('',*,*,#1500,.T.);
#1500 = EDGE_CURVE('',#1282,#1501,#1503,.T.);
#1501 = VERTEX_POINT('',#1502);
#1502 = CARTESIAN_POINT('',(1.2,-0.76,1.52));
#1503 = LINE('',#1504,#1505);
#1504 = CARTESIAN_POINT('',(-1.2,-0.76,1.52));
#1505 = VECTOR('',#1506,1.);
#1506 = DIRECTION('',(1.,0.,0.));
#1507 = ORIENTED_EDGE('',*,*,#1508,.T.);
#1508 = EDGE_CURVE('',#1501,#1478,#1509,.T.);
#1509 = CIRCLE('',#1510,4.E-02);
#1510 = AXIS2_PLACEMENT_3D('',#1511,#1512,#1513);
#1511 = CARTESIAN_POINT('',(1.2,-0.72,1.52));
#1512 = DIRECTION('',(-1.,0.,0.));
#1513 = DIRECTION('',(0.,0.,1.));
#1514 = ORIENTED_EDGE('',*,*,#1477,.F.);
#1515 = ORIENTED_EDGE('',*,*,#1289,.F.);
#1516 = CYLINDRICAL_SURFACE('',#1517,4.E-02);
#1517 = AXIS2_PLACEMENT_3D('',#1518,#1519,#1520);
#1518 = CARTESIAN_POINT('',(-1.2,-0.72,1.52));
#1519 = DIRECTION('',(1.,0.,0.));
#1520 = DIRECTION('',(0.,-1.,0.));
#1521 = ADVANCED_FACE('',(#1522),#1533,.F.);
#1522 = FACE_BOUND('',#1523,.F.);
#1523 = EDGE_LOOP('',(#1524,#1530,#1531,#1532));
#1524 = ORIENTED_EDGE('',*,*,#1525,.F.);
#1525 = EDGE_CURVE('',#1356,#1501,#1526,.T.);
#1526 = LINE('',#1527,#1528);
#1527 = CARTESIAN_POINT('',(1.2,-0.76,4.E-02));
#1528 = VECTOR('',#1529,1.);
#1529 = DIRECTION('',(0.,0.,1.));
#1530 = ORIENTED_EDGE('',*,*,#1364,.F.);
#1531 = ORIENTED_EDGE('',*,*,#1281,.T.);
#1532 = ORIENTED_EDGE('',*,*,#1500,.T.);
#1533 = PLANE('',#1534);
#1534 = AXIS2_PLACEMENT_3D('',#1535,#1536,#1537);
#1535 = CARTESIAN_POINT('',(-1.2,-0.76,4.E-02));
#1536 = DIRECTION('',(0.,1.,0.));
#1537 = DIRECTION('',(0.,-0.,1.));
#1538 = ADVANCED_FACE('',(#1539,#1609),#1619,.F.);
#1539 = FACE_BOUND('',#1540,.F.);
#1540 = EDGE_LOOP('',(#1541,#1551,#1560,#1568,#1577,#1585,#1594,#1602));
#1541 = ORIENTED_EDGE('',*,*,#1542,.F.);
#1542 = EDGE_CURVE('',#1543,#1545,#1547,.T.);
#1543 = VERTEX_POINT('',#1544);
#1544 = CARTESIAN_POINT('',(1.2,-0.8,4.E-02));
#1545 = VERTEX_POINT('',#1546);
#1546 = CARTESIAN_POINT('',(1.2,-0.8,1.56));
#1547 = LINE('',#1548,#1549);
#1548 = CARTESIAN_POINT('',(1.2,-0.8,0.));
#1549 = VECTOR('',#1550,1.);
#1550 = DIRECTION('',(0.,0.,1.));
#1551 = ORIENTED_EDGE('',*,*,#1552,.T.);
#1552 = EDGE_CURVE('',#1543,#1553,#1555,.T.);
#1553 = VERTEX_POINT('',#1554);
#1554 = CARTESIAN_POINT('',(1.2,-0.76,0.));
#1555 = CIRCLE('',#1556,4.E-02);
#1556 = AXIS2_PLACEMENT_3D('',#1557,#1558,#1559);
#1557 = CARTESIAN_POINT('',(1.2,-0.76,4.E-02));
#1558 = DIRECTION('',(1.,0.,-0.));
#1559 = DIRECTION('',(0.,0.,1.));
#1560 = ORIENTED_EDGE('',*,*,#1561,.T.);
#1561 = EDGE_CURVE('',#1553,#1562,#1564,.T.);
#1562 = VERTEX_POINT('',#1563);
#1563 = CARTESIAN_POINT('',(1.2,0.76,0.));
#1564 = LINE('',#1565,#1566);
#1565 = CARTESIAN_POINT('',(1.2,-0.8,0.));
#1566 = VECTOR('',#1567,1.);
#1567 = DIRECTION('',(0.,1.,0.));
#1568 = ORIENTED_EDGE('',*,*,#1569,.F.);
#1569 = EDGE_CURVE('',#1570,#1562,#1572,.T.);
#1570 = VERTEX_POINT('',#1571);
#1571 = CARTESIAN_POINT('',(1.2,0.8,4.E-02));
#1572 = CIRCLE('',#1573,4.E-02);
#1573 = AXIS2_PLACEMENT_3D('',#1574,#1575,#1576);
#1574 = CARTESIAN_POINT('',(1.2,0.76,4.E-02));
#1575 = DIRECTION('',(-1.,0.,0.));
#1576 = DIRECTION('',(0.,0.,1.));
#1577 = ORIENTED_EDGE('',*,*,#1578,.T.);
#1578 = EDGE_CURVE('',#1570,#1579,#1581,.T.);
#1579 = VERTEX_POINT('',#1580);
#1580 = CARTESIAN_POINT('',(1.2,0.8,1.56));
#1581 = LINE('',#1582,#1583);
#1582 = CARTESIAN_POINT('',(1.2,0.8,0.));
#1583 = VECTOR('',#1584,1.);
#1584 = DIRECTION('',(0.,0.,1.));
#1585 = ORIENTED_EDGE('',*,*,#1586,.T.);
#1586 = EDGE_CURVE('',#1579,#1587,#1589,.T.);
#1587 = VERTEX_POINT('',#1588);
#1588 = CARTESIAN_POINT('',(1.2,0.76,1.6));
#1589 = CIRCLE('',#1590,4.E-02);
#1590 = AXIS2_PLACEMENT_3D('',#1591,#1592,#1593);
#1591 = CARTESIAN_POINT('',(1.2,0.76,1.56));
#1592 = DIRECTION('',(1.,0.,-0.));
#1593 = DIRECTION('',(0.,0.,1.));
#1594 = ORIENTED_EDGE('',*,*,#1595,.F.);
#1595 = EDGE_CURVE('',#1596,#1587,#1598,.T.);
#1596 = VERTEX_POINT('',#1597);
#1597 = CARTESIAN_POINT('',(1.2,-0.76,1.6));
#1598 = LINE('',#1599,#1600);
#1599 = CARTESIAN_POINT('',(1.2,-0.8,1.6));
#1600 = VECTOR('',#1601,1.);
#1601 = DIRECTION('',(0.,1.,0.));
#1602 = ORIENTED_EDGE('',*,*,#1603,.F.);
#1603 = EDGE_CURVE('',#1545,#1596,#1604,.T.);
#1604 = CIRCLE('',#1605,4.E-02);
#1605 = AXIS2_PLACEMENT_3D('',#1606,#1607,#1608);
#1606 = CARTESIAN_POINT('',(1.2,-0.76,1.56));
#1607 = DIRECTION('',(-1.,0.,0.));
#1608 = DIRECTION('',(0.,0.,1.));
#1609 = FACE_BOUND('',#1610,.F.);
#1610 = EDGE_LOOP('',(#1611,#1612,#1613,#1614,#1615,#1616,#1617,#1618));
#1611 = ORIENTED_EDGE('',*,*,#1355,.F.);
#1612 = ORIENTED_EDGE('',*,*,#1525,.T.);
#1613 = ORIENTED_EDGE('',*,*,#1508,.T.);
#1614 = ORIENTED_EDGE('',*,*,#1485,.T.);
#1615 = ORIENTED_EDGE('',*,*,#1460,.F.);
#1616 = ORIENTED_EDGE('',*,*,#1427,.F.);
#1617 = ORIENTED_EDGE('',*,*,#1410,.T.);
#1618 = ORIENTED_EDGE('',*,*,#1380,.F.);
#1619 = PLANE('',#1620);
#1620 = AXIS2_PLACEMENT_3D('',#1621,#1622,#1623);
#1621 = CARTESIAN_POINT('',(1.2,-0.8,0.));
#1622 = DIRECTION('',(1.,0.,0.));
#1623 = DIRECTION('',(0.,0.,1.));
#1624 = ADVANCED_FACE('',(#1625),#1650,.F.);
#1625 = FACE_BOUND('',#1626,.F.);
#1626 = EDGE_LOOP('',(#1627,#1637,#1643,#1644));
#1627 = ORIENTED_EDGE('',*,*,#1628,.F.);
#1628 = EDGE_CURVE('',#1629,#1631,#1633,.T.);
#1629 = VERTEX_POINT('',#1630);
#1630 = CARTESIAN_POINT('',(1.6,-0.8,4.E-02));
#1631 = VERTEX_POINT('',#1632);
#1632 = CARTESIAN_POINT('',(1.6,-0.8,1.56));
#1633 = LINE('',#1634,#1635);
#1634 = CARTESIAN_POINT('',(1.6,-0.8,0.));
#1635 = VECTOR('',#1636,1.);
#1636 = DIRECTION('',(0.,0.,1.));
#1637 = ORIENTED_EDGE('',*,*,#1638,.F.);
#1638 = EDGE_CURVE('',#1543,#1629,#1639,.T.);
#1639 = LINE('',#1640,#1641);
#1640 = CARTESIAN_POINT('',(1.2,-0.8,4.E-02));
#1641 = VECTOR('',#1642,1.);
#1642 = DIRECTION('',(1.,0.,0.));
#1643 = ORIENTED_EDGE('',*,*,#1542,.T.);
#1644 = ORIENTED_EDGE('',*,*,#1645,.T.);
#1645 = EDGE_CURVE('',#1545,#1631,#1646,.T.);
#1646 = LINE('',#1647,#1648);
#1647 = CARTESIAN_POINT('',(1.2,-0.8,1.56));
#1648 = VECTOR('',#1649,1.);
#1649 = DIRECTION('',(1.,0.,0.));
#1650 = PLANE('',#1651);
#1651 = AXIS2_PLACEMENT_3D('',#1652,#1653,#1654);
#1652 = CARTESIAN_POINT('',(1.2,-0.8,0.));
#1653 = DIRECTION('',(0.,1.,0.));
#1654 = DIRECTION('',(0.,-0.,1.));
#1655 = ADVANCED_FACE('',(#1656),#1675,.T.);
#1656 = FACE_BOUND('',#1657,.T.);
#1657 = EDGE_LOOP('',(#1658,#1659,#1667,#1674));
#1658 = ORIENTED_EDGE('',*,*,#1552,.T.);
#1659 = ORIENTED_EDGE('',*,*,#1660,.T.);
#1660 = EDGE_CURVE('',#1553,#1661,#1663,.T.);
#1661 = VERTEX_POINT('',#1662);
#1662 = CARTESIAN_POINT('',(1.6,-0.76,0.));
#1663 = LINE('',#1664,#1665);
#1664 = CARTESIAN_POINT('',(1.2,-0.76,0.));
#1665 = VECTOR('',#1666,1.);
#1666 = DIRECTION('',(1.,0.,0.));
#1667 = ORIENTED_EDGE('',*,*,#1668,.F.);
#1668 = EDGE_CURVE('',#1629,#1661,#1669,.T.);
#1669 = CIRCLE('',#1670,4.E-02);
#1670 = AXIS2_PLACEMENT_3D('',#1671,#1672,#1673);
#1671 = CARTESIAN_POINT('',(1.6,-0.76,4.E-02));
#1672 = DIRECTION('',(1.,0.,-0.));
#1673 = DIRECTION('',(0.,0.,1.));
#1674 = ORIENTED_EDGE('',*,*,#1638,.F.);
#1675 = CYLINDRICAL_SURFACE('',#1676,4.E-02);
#1676 = AXIS2_PLACEMENT_3D('',#1677,#1678,#1679);
#1677 = CARTESIAN_POINT('',(1.2,-0.76,4.E-02));
#1678 = DIRECTION('',(1.,0.,0.));
#1679 = DIRECTION('',(0.,-1.,0.));
#1680 = ADVANCED_FACE('',(#1681),#1700,.T.);
#1681 = FACE_BOUND('',#1682,.T.);
#1682 = EDGE_LOOP('',(#1683,#1684,#1693,#1699));
#1683 = ORIENTED_EDGE('',*,*,#1645,.T.);
#1684 = ORIENTED_EDGE('',*,*,#1685,.T.);
#1685 = EDGE_CURVE('',#1631,#1686,#1688,.T.);
#1686 = VERTEX_POINT('',#1687);
#1687 = CARTESIAN_POINT('',(1.6,-0.76,1.6));
#1688 = CIRCLE('',#1689,4.E-02);
#1689 = AXIS2_PLACEMENT_3D('',#1690,#1691,#1692);
#1690 = CARTESIAN_POINT('',(1.6,-0.76,1.56));
#1691 = DIRECTION('',(-1.,0.,0.));
#1692 = DIRECTION('',(0.,0.,1.));
#1693 = ORIENTED_EDGE('',*,*,#1694,.F.);
#1694 = EDGE_CURVE('',#1596,#1686,#1695,.T.);
#1695 = LINE('',#1696,#1697);
#1696 = CARTESIAN_POINT('',(1.2,-0.76,1.6));
#1697 = VECTOR('',#1698,1.);
#1698 = DIRECTION('',(1.,0.,0.));
#1699 = ORIENTED_EDGE('',*,*,#1603,.F.);
#1700 = CYLINDRICAL_SURFACE('',#1701,4.E-02);
#1701 = AXIS2_PLACEMENT_3D('',#1702,#1703,#1704);
#1702 = CARTESIAN_POINT('',(1.2,-0.76,1.56));
#1703 = DIRECTION('',(1.,0.,0.));
#1704 = DIRECTION('',(0.,-1.,0.));
#1705 = ADVANCED_FACE('',(#1706),#1724,.F.);
#1706 = FACE_BOUND('',#1707,.F.);
#1707 = EDGE_LOOP('',(#1708,#1709,#1710,#1718));
#1708 = ORIENTED_EDGE('',*,*,#1561,.F.);
#1709 = ORIENTED_EDGE('',*,*,#1660,.T.);
#1710 = ORIENTED_EDGE('',*,*,#1711,.T.);
#1711 = EDGE_CURVE('',#1661,#1712,#1714,.T.);
#1712 = VERTEX_POINT('',#1713);
#1713 = CARTESIAN_POINT('',(1.6,0.76,0.));
#1714 = LINE('',#1715,#1716);
#1715 = CARTESIAN_POINT('',(1.6,-0.8,0.));
#1716 = VECTOR('',#1717,1.);
#1717 = DIRECTION('',(0.,1.,0.));
#1718 = ORIENTED_EDGE('',*,*,#1719,.F.);
#1719 = EDGE_CURVE('',#1562,#1712,#1720,.T.);
#1720 = LINE('',#1721,#1722);
#1721 = CARTESIAN_POINT('',(1.2,0.76,0.));
#1722 = VECTOR('',#1723,1.);
#1723 = DIRECTION('',(1.,0.,0.));
#1724 = PLANE('',#1725);
#1725 = AXIS2_PLACEMENT_3D('',#1726,#1727,#1728);
#1726 = CARTESIAN_POINT('',(1.2,-0.8,0.));
#1727 = DIRECTION('',(0.,0.,1.));
#1728 = DIRECTION('',(1.,0.,-0.));
#1729 = ADVANCED_FACE('',(#1730),#1748,.T.);
#1730 = FACE_BOUND('',#1731,.T.);
#1731 = EDGE_LOOP('',(#1732,#1733,#1734,#1742));
#1732 = ORIENTED_EDGE('',*,*,#1595,.F.);
#1733 = ORIENTED_EDGE('',*,*,#1694,.T.);
#1734 = ORIENTED_EDGE('',*,*,#1735,.T.);
#1735 = EDGE_CURVE('',#1686,#1736,#1738,.T.);
#1736 = VERTEX_POINT('',#1737);
#1737 = CARTESIAN_POINT('',(1.6,0.76,1.6));
#1738 = LINE('',#1739,#1740);
#1739 = CARTESIAN_POINT('',(1.6,-0.8,1.6));
#1740 = VECTOR('',#1741,1.);
#1741 = DIRECTION('',(0.,1.,0.));
#1742 = ORIENTED_EDGE('',*,*,#1743,.F.);
#1743 = EDGE_CURVE('',#1587,#1736,#1744,.T.);
#1744 = LINE('',#1745,#1746);
#1745 = CARTESIAN_POINT('',(1.2,0.76,1.6));
#1746 = VECTOR('',#1747,1.);
#1747 = DIRECTION('',(1.,0.,0.));
#1748 = PLANE('',#1749);
#1749 = AXIS2_PLACEMENT_3D('',#1750,#1751,#1752);
#1750 = CARTESIAN_POINT('',(1.2,-0.8,1.6));
#1751 = DIRECTION('',(0.,0.,1.));
#1752 = DIRECTION('',(1.,0.,-0.));
#1753 = ADVANCED_FACE('',(#1754),#1773,.T.);
#1754 = FACE_BOUND('',#1755,.T.);
#1755 = EDGE_LOOP('',(#1756,#1764,#1771,#1772));
#1756 = ORIENTED_EDGE('',*,*,#1757,.T.);
#1757 = EDGE_CURVE('',#1570,#1758,#1760,.T.);
#1758 = VERTEX_POINT('',#1759);
#1759 = CARTESIAN_POINT('',(1.6,0.8,4.E-02));
#1760 = LINE('',#1761,#1762);
#1761 = CARTESIAN_POINT('',(1.2,0.8,4.E-02));
#1762 = VECTOR('',#1763,1.);
#1763 = DIRECTION('',(1.,0.,0.));
#1764 = ORIENTED_EDGE('',*,*,#1765,.T.);
#1765 = EDGE_CURVE('',#1758,#1712,#1766,.T.);
#1766 = CIRCLE('',#1767,4.E-02);
#1767 = AXIS2_PLACEMENT_3D('',#1768,#1769,#1770);
#1768 = CARTESIAN_POINT('',(1.6,0.76,4.E-02));
#1769 = DIRECTION('',(-1.,0.,0.));
#1770 = DIRECTION('',(0.,0.,1.));
#1771 = ORIENTED_EDGE('',*,*,#1719,.F.);
#1772 = ORIENTED_EDGE('',*,*,#1569,.F.);
#1773 = CYLINDRICAL_SURFACE('',#1774,4.E-02);
#1774 = AXIS2_PLACEMENT_3D('',#1775,#1776,#1777);
#1775 = CARTESIAN_POINT('',(1.2,0.76,4.E-02));
#1776 = DIRECTION('',(1.,0.,0.));
#1777 = DIRECTION('',(-0.,1.,0.));
#1778 = ADVANCED_FACE('',(#1779),#1798,.T.);
#1779 = FACE_BOUND('',#1780,.T.);
#1780 = EDGE_LOOP('',(#1781,#1782,#1783,#1792));
#1781 = ORIENTED_EDGE('',*,*,#1586,.T.);
#1782 = ORIENTED_EDGE('',*,*,#1743,.T.);
#1783 = ORIENTED_EDGE('',*,*,#1784,.F.);
#1784 = EDGE_CURVE('',#1785,#1736,#1787,.T.);
#1785 = VERTEX_POINT('',#1786);
#1786 = CARTESIAN_POINT('',(1.6,0.8,1.56));
#1787 = CIRCLE('',#1788,4.E-02);
#1788 = AXIS2_PLACEMENT_3D('',#1789,#1790,#1791);
#1789 = CARTESIAN_POINT('',(1.6,0.76,1.56));
#1790 = DIRECTION('',(1.,0.,-0.));
#1791 = DIRECTION('',(0.,0.,1.));
#1792 = ORIENTED_EDGE('',*,*,#1793,.F.);
#1793 = EDGE_CURVE('',#1579,#1785,#1794,.T.);
#1794 = LINE('',#1795,#1796);
#1795 = CARTESIAN_POINT('',(1.2,0.8,1.56));
#1796 = VECTOR('',#1797,1.);
#1797 = DIRECTION('',(1.,0.,0.));
#1798 = CYLINDRICAL_SURFACE('',#1799,4.E-02);
#1799 = AXIS2_PLACEMENT_3D('',#1800,#1801,#1802);
#1800 = CARTESIAN_POINT('',(1.2,0.76,1.56));
#1801 = DIRECTION('',(1.,0.,0.));
#1802 = DIRECTION('',(-0.,1.,0.));
#1803 = ADVANCED_FACE('',(#1804),#1815,.T.);
#1804 = FACE_BOUND('',#1805,.T.);
#1805 = EDGE_LOOP('',(#1806,#1812,#1813,#1814));
#1806 = ORIENTED_EDGE('',*,*,#1807,.F.);
#1807 = EDGE_CURVE('',#1758,#1785,#1808,.T.);
#1808 = LINE('',#1809,#1810);
#1809 = CARTESIAN_POINT('',(1.6,0.8,0.));
#1810 = VECTOR('',#1811,1.);
#1811 = DIRECTION('',(0.,0.,1.));
#1812 = ORIENTED_EDGE('',*,*,#1757,.F.);
#1813 = ORIENTED_EDGE('',*,*,#1578,.T.);
#1814 = ORIENTED_EDGE('',*,*,#1793,.T.);
#1815 = PLANE('',#1816);
#1816 = AXIS2_PLACEMENT_3D('',#1817,#1818,#1819);
#1817 = CARTESIAN_POINT('',(1.2,0.8,0.));
#1818 = DIRECTION('',(0.,1.,0.));
#1819 = DIRECTION('',(0.,-0.,1.));
#1820 = ADVANCED_FACE('',(#1821),#1831,.T.);
#1821 = FACE_BOUND('',#1822,.T.);
#1822 = EDGE_LOOP('',(#1823,#1824,#1825,#1826,#1827,#1828,#1829,#1830));
#1823 = ORIENTED_EDGE('',*,*,#1628,.F.);
#1824 = ORIENTED_EDGE('',*,*,#1668,.T.);
#1825 = ORIENTED_EDGE('',*,*,#1711,.T.);
#1826 = ORIENTED_EDGE('',*,*,#1765,.F.);
#1827 = ORIENTED_EDGE('',*,*,#1807,.T.);
#1828 = ORIENTED_EDGE('',*,*,#1784,.T.);
#1829 = ORIENTED_EDGE('',*,*,#1735,.F.);
#1830 = ORIENTED_EDGE('',*,*,#1685,.F.);
#1831 = PLANE('',#1832);
#1832 = AXIS2_PLACEMENT_3D('',#1833,#1834,#1835);
#1833 = CARTESIAN_POINT('',(1.6,-0.8,0.));
#1834 = DIRECTION('',(1.,0.,0.));
#1835 = DIRECTION('',(0.,0.,1.));
#1836 = ( GEOMETRIC_REPRESENTATION_CONTEXT(3) 
GLOBAL_UNCERTAINTY_ASSIGNED_CONTEXT((#1840)) 
GLOBAL_UNIT_ASSIGNED_CONTEXT((#1837,#1838,#1839)) REPRESENTATION_CONTEXT
('Context #1','3D Context with UNIT and UNCERTAINTY') );
#1837 = ( LENGTH_UNIT() NAMED_UNIT(*) SI_UNIT(.MILLI.,.METRE.) );
#1838 = ( NAMED_UNIT(*) PLANE_ANGLE_UNIT() SI_UNIT($,.RADIAN.) );
#1839 = ( NAMED_UNIT(*) SI_UNIT($,.STERADIAN.) SOLID_ANGLE_UNIT() );
#1840 = UNCERTAINTY_MEASURE_WITH_UNIT(LENGTH_MEASURE(1.E-07),#1837,
  'distance_accuracy_value','confusion accuracy');
#1841 = CONTEXT_DEPENDENT_SHAPE_REPRESENTATION(#1842,#1844);
#1842 = ( REPRESENTATION_RELATIONSHIP('','',#981,#10) 
REPRESENTATION_RELATIONSHIP_WITH_TRANSFORMATION(#1843) 
SHAPE_REPRESENTATION_RELATIONSHIP() );
#1843 = ITEM_DEFINED_TRANSFORMATION('','',#11,#19);
#1844 = PRODUCT_DEFINITION_SHAPE('Placement','Placement of an item',
  #1845);
#1845 = NEXT_ASSEMBLY_USAGE_OCCURRENCE('2','C3','',#5,#976,$);
#1846 = PRODUCT_RELATED_PRODUCT_CATEGORY('part',$,(#978));
#1847 = SHAPE_DEFINITION_REPRESENTATION(#1848,#1854);
#1848 = PRODUCT_DEFINITION_SHAPE('','',#1849);
#1849 = PRODUCT_DEFINITION('design','',#1850,#1853);
#1850 = PRODUCT_DEFINITION_FORMATION('','',#1851);
#1851 = PRODUCT('Texas_RGW0020A_VQFN-20-1EP_5x5mm_P0.65mm_EP3.15x3.15mm'
  ,'Texas_RGW0020A_VQFN-20-1EP_5x5mm_P0.65mm_EP3.15x3.15mm','',(#1852));
#1852 = PRODUCT_CONTEXT('',#2,'mechanical');
#1853 = PRODUCT_DEFINITION_CONTEXT('part definition',#2,'design');
#1854 = ADVANCED_BREP_SHAPE_REPRESENTATION('',(#11,#1855),#6185);
#1855 = MANIFOLD_SOLID_BREP('',#1856);
#1856 = CLOSED_SHELL('',(#1857,#1874,#1899,#1942,#2133,#2317,#2501,#2678
    ,#3192,#3232,#3256,#3289,#3329,#3353,#3386,#3426,#3450,#3483,#3523,
    #3547,#3580,#3620,#3644,#3677,#3717,#3741,#3774,#3814,#3838,#3871,
    #3911,#3935,#3968,#4008,#4032,#4065,#4105,#4129,#4162,#4202,#4226,
    #4259,#4299,#4323,#4356,#4396,#4420,#4453,#4493,#4517,#4550,#4590,
    #4614,#4647,#4687,#4711,#4744,#4784,#4808,#4841,#4881,#4905,#4938,
    #4978,#5002,#5035,#5075,#5099,#5132,#5149,#5166,#5183,#5200,#5217,
    #5234,#5251,#5268,#5285,#5302,#5319,#5336,#5353,#5370,#5387,#5404,
    #5421,#5438,#5455,#5472,#5503,#5527,#5551,#5575,#5592,#5609,#5621,
    #5638,#5650,#5667,#5679,#5696,#5708,#5725,#5737,#5754,#5766,#5783,
    #5795,#5812,#5824,#5841,#5853,#5870,#5882,#5899,#5911,#5928,#5940,
    #5957,#5969,#5986,#5998,#6015,#6027,#6044,#6056,#6073,#6085,#6102,
    #6114,#6131,#6143,#6160,#6172));
#1857 = ADVANCED_FACE('',(#1858),#1869,.F.);
#1858 = FACE_BOUND('',#1859,.T.);
#1859 = EDGE_LOOP('',(#1860));
#1860 = ORIENTED_EDGE('',*,*,#1861,.F.);
#1861 = EDGE_CURVE('',#1862,#1862,#1864,.T.);
#1862 = VERTEX_POINT('',#1863);
#1863 = CARTESIAN_POINT('',(-1.6,1.4,0.8));
#1864 = CIRCLE('',#1865,0.2);
#1865 = AXIS2_PLACEMENT_3D('',#1866,#1867,#1868);
#1866 = CARTESIAN_POINT('',(-1.6,1.6,0.8));
#1867 = DIRECTION('',(0.,-0.,-1.));
#1868 = DIRECTION('',(1.110223024625E-16,-1.,0.));
#1869 = PLANE('',#1870);
#1870 = AXIS2_PLACEMENT_3D('',#1871,#1872,#1873);
#1871 = CARTESIAN_POINT('',(-1.6,1.6,0.8));
#1872 = DIRECTION('',(0.,0.,-1.));
#1873 = DIRECTION('',(1.110223024625E-16,-1.,0.));
#1874 = ADVANCED_FACE('',(#1875),#1894,.T.);
#1875 = FACE_BOUND('',#1876,.T.);
#1876 = EDGE_LOOP('',(#1877,#1885,#1886,#1887));
#1877 = ORIENTED_EDGE('',*,*,#1878,.F.);
#1878 = EDGE_CURVE('',#1862,#1879,#1881,.T.);
#1879 = VERTEX_POINT('',#1880);
#1880 = CARTESIAN_POINT('',(-1.6,1.4,0.78));
#1881 = LINE('',#1882,#1883);
#1882 = CARTESIAN_POINT('',(-1.6,1.4,0.8));
#1883 = VECTOR('',#1884,1.);
#1884 = DIRECTION('',(0.,0.,-1.));
#1885 = ORIENTED_EDGE('',*,*,#1861,.T.);
#1886 = ORIENTED_EDGE('',*,*,#1878,.T.);
#1887 = ORIENTED_EDGE('',*,*,#1888,.F.);
#1888 = EDGE_CURVE('',#1879,#1879,#1889,.T.);
#1889 = CIRCLE('',#1890,0.2);
#1890 = AXIS2_PLACEMENT_3D('',#1891,#1892,#1893);
#1891 = CARTESIAN_POINT('',(-1.6,1.6,0.78));
#1892 = DIRECTION('',(0.,0.,-1.));
#1893 = DIRECTION('',(1.110223024625E-16,-1.,0.));
#1894 = CYLINDRICAL_SURFACE('',#1895,0.2);
#1895 = AXIS2_PLACEMENT_3D('',#1896,#1897,#1898);
#1896 = CARTESIAN_POINT('',(-1.6,1.6,0.8));
#1897 = DIRECTION('',(0.,0.,-1.));
#1898 = DIRECTION('',(1.110223024625E-16,-1.,0.));
#1899 = ADVANCED_FACE('',(#1900,#1934),#1937,.T.);
#1900 = FACE_BOUND('',#1901,.T.);
#1901 = EDGE_LOOP('',(#1902,#1912,#1920,#1928));
#1902 = ORIENTED_EDGE('',*,*,#1903,.F.);
#1903 = EDGE_CURVE('',#1904,#1906,#1908,.T.);
#1904 = VERTEX_POINT('',#1905);
#1905 = CARTESIAN_POINT('',(-2.485,2.485,0.78));
#1906 = VERTEX_POINT('',#1907);
#1907 = CARTESIAN_POINT('',(2.485,2.485,0.78));
#1908 = LINE('',#1909,#1910);
#1909 = CARTESIAN_POINT('',(-2.485,2.485,0.78));
#1910 = VECTOR('',#1911,1.);
#1911 = DIRECTION('',(1.,1.110223024625E-16,0.));
#1912 = ORIENTED_EDGE('',*,*,#1913,.T.);
#1913 = EDGE_CURVE('',#1904,#1914,#1916,.T.);
#1914 = VERTEX_POINT('',#1915);
#1915 = CARTESIAN_POINT('',(-2.485,-2.485,0.78));
#1916 = LINE('',#1917,#1918);
#1917 = CARTESIAN_POINT('',(-2.485,2.485,0.78));
#1918 = VECTOR('',#1919,1.);
#1919 = DIRECTION('',(1.110223024625E-16,-1.,0.));
#1920 = ORIENTED_EDGE('',*,*,#1921,.T.);
#1921 = EDGE_CURVE('',#1914,#1922,#1924,.T.);
#1922 = VERTEX_POINT('',#1923);
#1923 = CARTESIAN_POINT('',(2.485,-2.485,0.78));
#1924 = LINE('',#1925,#1926);
#1925 = CARTESIAN_POINT('',(-2.485,-2.485,0.78));
#1926 = VECTOR('',#1927,1.);
#1927 = DIRECTION('',(1.,1.110223024625E-16,0.));
#1928 = ORIENTED_EDGE('',*,*,#1929,.F.);
#1929 = EDGE_CURVE('',#1906,#1922,#1930,.T.);
#1930 = LINE('',#1931,#1932);
#1931 = CARTESIAN_POINT('',(2.485,2.485,0.78));
#1932 = VECTOR('',#1933,1.);
#1933 = DIRECTION('',(1.110223024625E-16,-1.,0.));
#1934 = FACE_BOUND('',#1935,.T.);
#1935 = EDGE_LOOP('',(#1936));
#1936 = ORIENTED_EDGE('',*,*,#1888,.T.);
#1937 = PLANE('',#1938);
#1938 = AXIS2_PLACEMENT_3D('',#1939,#1940,#1941);
#1939 = CARTESIAN_POINT('',(-2.485,2.485,0.78));
#1940 = DIRECTION('',(0.,0.,1.));
#1941 = DIRECTION('',(1.110223024625E-16,-1.,0.));
#1942 = ADVANCED_FACE('',(#1943),#2128,.F.);
#1943 = FACE_BOUND('',#1944,.F.);
#1944 = EDGE_LOOP('',(#1945,#1946,#1954,#1962,#1970,#1978,#1986,#1994,
    #2002,#2010,#2018,#2026,#2034,#2042,#2050,#2058,#2066,#2074,#2082,
    #2090,#2098,#2106,#2114,#2122));
#1945 = ORIENTED_EDGE('',*,*,#1903,.F.);
#1946 = ORIENTED_EDGE('',*,*,#1947,.F.);
#1947 = EDGE_CURVE('',#1948,#1904,#1950,.T.);
#1948 = VERTEX_POINT('',#1949);
#1949 = CARTESIAN_POINT('',(-2.485,2.485,3.E-02));
#1950 = LINE('',#1951,#1952);
#1951 = CARTESIAN_POINT('',(-2.485,2.485,3.E-02));
#1952 = VECTOR('',#1953,1.);
#1953 = DIRECTION('',(0.,0.,1.));
#1954 = ORIENTED_EDGE('',*,*,#1955,.T.);
#1955 = EDGE_CURVE('',#1948,#1956,#1958,.T.);
#1956 = VERTEX_POINT('',#1957);
#1957 = CARTESIAN_POINT('',(-1.45,2.485,3.E-02));
#1958 = LINE('',#1959,#1960);
#1959 = CARTESIAN_POINT('',(-2.485,2.485,3.E-02));
#1960 = VECTOR('',#1961,1.);
#1961 = DIRECTION('',(1.,1.110223024625E-16,0.));
#1962 = ORIENTED_EDGE('',*,*,#1963,.T.);
#1963 = EDGE_CURVE('',#1956,#1964,#1966,.T.);
#1964 = VERTEX_POINT('',#1965);
#1965 = CARTESIAN_POINT('',(-1.45,2.485,0.1));
#1966 = LINE('',#1967,#1968);
#1967 = CARTESIAN_POINT('',(-1.45,2.485,1.5E-02));
#1968 = VECTOR('',#1969,1.);
#1969 = DIRECTION('',(0.,0.,1.));
#1970 = ORIENTED_EDGE('',*,*,#1971,.F.);
#1971 = EDGE_CURVE('',#1972,#1964,#1974,.T.);
#1972 = VERTEX_POINT('',#1973);
#1973 = CARTESIAN_POINT('',(-1.15,2.485,0.1));
#1974 = LINE('',#1975,#1976);
#1975 = CARTESIAN_POINT('',(-1.8925,2.485,0.1));
#1976 = VECTOR('',#1977,1.);
#1977 = DIRECTION('',(-1.,-1.110223024625E-16,0.));
#1978 = ORIENTED_EDGE('',*,*,#1979,.T.);
#1979 = EDGE_CURVE('',#1972,#1980,#1982,.T.);
#1980 = VERTEX_POINT('',#1981);
#1981 = CARTESIAN_POINT('',(-1.15,2.485,3.E-02));
#1982 = LINE('',#1983,#1984);
#1983 = CARTESIAN_POINT('',(-1.15,2.485,1.5E-02));
#1984 = VECTOR('',#1985,1.);
#1985 = DIRECTION('',(0.,0.,-1.));
#1986 = ORIENTED_EDGE('',*,*,#1987,.T.);
#1987 = EDGE_CURVE('',#1980,#1988,#1990,.T.);
#1988 = VERTEX_POINT('',#1989);
#1989 = CARTESIAN_POINT('',(-0.8,2.485,3.E-02));
#1990 = LINE('',#1991,#1992);
#1991 = CARTESIAN_POINT('',(-2.485,2.485,3.E-02));
#1992 = VECTOR('',#1993,1.);
#1993 = DIRECTION('',(1.,1.110223024625E-16,0.));
#1994 = ORIENTED_EDGE('',*,*,#1995,.T.);
#1995 = EDGE_CURVE('',#1988,#1996,#1998,.T.);
#1996 = VERTEX_POINT('',#1997);
#1997 = CARTESIAN_POINT('',(-0.8,2.485,0.1));
#1998 = LINE('',#1999,#2000);
#1999 = CARTESIAN_POINT('',(-0.8,2.485,1.5E-02));
#2000 = VECTOR('',#2001,1.);
#2001 = DIRECTION('',(0.,0.,1.));
#2002 = ORIENTED_EDGE('',*,*,#2003,.F.);
#2003 = EDGE_CURVE('',#2004,#1996,#2006,.T.);
#2004 = VERTEX_POINT('',#2005);
#2005 = CARTESIAN_POINT('',(-0.5,2.485,0.1));
#2006 = LINE('',#2007,#2008);
#2007 = CARTESIAN_POINT('',(-1.5675,2.485,0.1));
#2008 = VECTOR('',#2009,1.);
#2009 = DIRECTION('',(-1.,-1.110223024625E-16,0.));
#2010 = ORIENTED_EDGE('',*,*,#2011,.T.);
#2011 = EDGE_CURVE('',#2004,#2012,#2014,.T.);
#2012 = VERTEX_POINT('',#2013);
#2013 = CARTESIAN_POINT('',(-0.5,2.485,3.E-02));
#2014 = LINE('',#2015,#2016);
#2015 = CARTESIAN_POINT('',(-0.5,2.485,1.5E-02));
#2016 = VECTOR('',#2017,1.);
#2017 = DIRECTION('',(0.,0.,-1.));
#2018 = ORIENTED_EDGE('',*,*,#2019,.T.);
#2019 = EDGE_CURVE('',#2012,#2020,#2022,.T.);
#2020 = VERTEX_POINT('',#2021);
#2021 = CARTESIAN_POINT('',(-0.15,2.485,3.E-02));
#2022 = LINE('',#2023,#2024);
#2023 = CARTESIAN_POINT('',(-2.485,2.485,3.E-02));
#2024 = VECTOR('',#2025,1.);
#2025 = DIRECTION('',(1.,1.110223024625E-16,0.));
#2026 = ORIENTED_EDGE('',*,*,#2027,.T.);
#2027 = EDGE_CURVE('',#2020,#2028,#2030,.T.);
#2028 = VERTEX_POINT('',#2029);
#2029 = CARTESIAN_POINT('',(-0.15,2.485,0.1));
#2030 = LINE('',#2031,#2032);
#2031 = CARTESIAN_POINT('',(-0.15,2.485,1.5E-02));
#2032 = VECTOR('',#2033,1.);
#2033 = DIRECTION('',(0.,0.,1.));
#2034 = ORIENTED_EDGE('',*,*,#2035,.F.);
#2035 = EDGE_CURVE('',#2036,#2028,#2038,.T.);
#2036 = VERTEX_POINT('',#2037);
#2037 = CARTESIAN_POINT('',(0.15,2.485,0.1));
#2038 = LINE('',#2039,#2040);
#2039 = CARTESIAN_POINT('',(-1.2425,2.485,0.1));
#2040 = VECTOR('',#2041,1.);
#2041 = DIRECTION('',(-1.,-1.110223024625E-16,0.));
#2042 = ORIENTED_EDGE('',*,*,#2043,.T.);
#2043 = EDGE_CURVE('',#2036,#2044,#2046,.T.);
#2044 = VERTEX_POINT('',#2045);
#2045 = CARTESIAN_POINT('',(0.15,2.485,3.E-02));
#2046 = LINE('',#2047,#2048);
#2047 = CARTESIAN_POINT('',(0.15,2.485,1.5E-02));
#2048 = VECTOR('',#2049,1.);
#2049 = DIRECTION('',(0.,0.,-1.));
#2050 = ORIENTED_EDGE('',*,*,#2051,.T.);
#2051 = EDGE_CURVE('',#2044,#2052,#2054,.T.);
#2052 = VERTEX_POINT('',#2053);
#2053 = CARTESIAN_POINT('',(0.5,2.485,3.E-02));
#2054 = LINE('',#2055,#2056);
#2055 = CARTESIAN_POINT('',(-2.485,2.485,3.E-02));
#2056 = VECTOR('',#2057,1.);
#2057 = DIRECTION('',(1.,1.110223024625E-16,0.));
#2058 = ORIENTED_EDGE('',*,*,#2059,.T.);
#2059 = EDGE_CURVE('',#2052,#2060,#2062,.T.);
#2060 = VERTEX_POINT('',#2061);
#2061 = CARTESIAN_POINT('',(0.5,2.485,0.1));
#2062 = LINE('',#2063,#2064);
#2063 = CARTESIAN_POINT('',(0.5,2.485,1.5E-02));
#2064 = VECTOR('',#2065,1.);
#2065 = DIRECTION('',(0.,0.,1.));
#2066 = ORIENTED_EDGE('',*,*,#2067,.F.);
#2067 = EDGE_CURVE('',#2068,#2060,#2070,.T.);
#2068 = VERTEX_POINT('',#2069);
#2069 = CARTESIAN_POINT('',(0.8,2.485,0.1));
#2070 = LINE('',#2071,#2072);
#2071 = CARTESIAN_POINT('',(-0.9175,2.485,0.1));
#2072 = VECTOR('',#2073,1.);
#2073 = DIRECTION('',(-1.,-1.110223024625E-16,0.));
#2074 = ORIENTED_EDGE('',*,*,#2075,.T.);
#2075 = EDGE_CURVE('',#2068,#2076,#2078,.T.);
#2076 = VERTEX_POINT('',#2077);
#2077 = CARTESIAN_POINT('',(0.8,2.485,3.E-02));
#2078 = LINE('',#2079,#2080);
#2079 = CARTESIAN_POINT('',(0.8,2.485,1.5E-02));
#2080 = VECTOR('',#2081,1.);
#2081 = DIRECTION('',(0.,0.,-1.));
#2082 = ORIENTED_EDGE('',*,*,#2083,.T.);
#2083 = EDGE_CURVE('',#2076,#2084,#2086,.T.);
#2084 = VERTEX_POINT('',#2085);
#2085 = CARTESIAN_POINT('',(1.15,2.485,3.E-02));
#2086 = LINE('',#2087,#2088);
#2087 = CARTESIAN_POINT('',(-2.485,2.485,3.E-02));
#2088 = VECTOR('',#2089,1.);
#2089 = DIRECTION('',(1.,1.110223024625E-16,0.));
#2090 = ORIENTED_EDGE('',*,*,#2091,.T.);
#2091 = EDGE_CURVE('',#2084,#2092,#2094,.T.);
#2092 = VERTEX_POINT('',#2093);
#2093 = CARTESIAN_POINT('',(1.15,2.485,0.1));
#2094 = LINE('',#2095,#2096);
#2095 = CARTESIAN_POINT('',(1.15,2.485,1.5E-02));
#2096 = VECTOR('',#2097,1.);
#2097 = DIRECTION('',(0.,0.,1.));
#2098 = ORIENTED_EDGE('',*,*,#2099,.F.);
#2099 = EDGE_CURVE('',#2100,#2092,#2102,.T.);
#2100 = VERTEX_POINT('',#2101);
#2101 = CARTESIAN_POINT('',(1.45,2.485,0.1));
#2102 = LINE('',#2103,#2104);
#2103 = CARTESIAN_POINT('',(-0.5925,2.485,0.1));
#2104 = VECTOR('',#2105,1.);
#2105 = DIRECTION('',(-1.,-1.110223024625E-16,0.));
#2106 = ORIENTED_EDGE('',*,*,#2107,.T.);
#2107 = EDGE_CURVE('',#2100,#2108,#2110,.T.);
#2108 = VERTEX_POINT('',#2109);
#2109 = CARTESIAN_POINT('',(1.45,2.485,3.E-02));
#2110 = LINE('',#2111,#2112);
#2111 = CARTESIAN_POINT('',(1.45,2.485,1.5E-02));
#2112 = VECTOR('',#2113,1.);
#2113 = DIRECTION('',(0.,0.,-1.));
#2114 = ORIENTED_EDGE('',*,*,#2115,.T.);
#2115 = EDGE_CURVE('',#2108,#2116,#2118,.T.);
#2116 = VERTEX_POINT('',#2117);
#2117 = CARTESIAN_POINT('',(2.485,2.485,3.E-02));
#2118 = LINE('',#2119,#2120);
#2119 = CARTESIAN_POINT('',(-2.485,2.485,3.E-02));
#2120 = VECTOR('',#2121,1.);
#2121 = DIRECTION('',(1.,1.110223024625E-16,0.));
#2122 = ORIENTED_EDGE('',*,*,#2123,.T.);
#2123 = EDGE_CURVE('',#2116,#1906,#2124,.T.);
#2124 = LINE('',#2125,#2126);
#2125 = CARTESIAN_POINT('',(2.485,2.485,3.E-02));
#2126 = VECTOR('',#2127,1.);
#2127 = DIRECTION('',(0.,0.,1.));
#2128 = PLANE('',#2129);
#2129 = AXIS2_PLACEMENT_3D('',#2130,#2131,#2132);
#2130 = CARTESIAN_POINT('',(-2.485,2.485,3.E-02));
#2131 = DIRECTION('',(1.110223024625E-16,-1.,0.));
#2132 = DIRECTION('',(0.,0.,1.));
#2133 = ADVANCED_FACE('',(#2134),#2312,.T.);
#2134 = FACE_BOUND('',#2135,.T.);
#2135 = EDGE_LOOP('',(#2136,#2144,#2145,#2146,#2154,#2162,#2170,#2178,
    #2186,#2194,#2202,#2210,#2218,#2226,#2234,#2242,#2250,#2258,#2266,
    #2274,#2282,#2290,#2298,#2306));
#2136 = ORIENTED_EDGE('',*,*,#2137,.F.);
#2137 = EDGE_CURVE('',#2116,#2138,#2140,.T.);
#2138 = VERTEX_POINT('',#2139);
#2139 = CARTESIAN_POINT('',(2.485,1.45,3.E-02));
#2140 = LINE('',#2141,#2142);
#2141 = CARTESIAN_POINT('',(2.485,2.485,3.E-02));
#2142 = VECTOR('',#2143,1.);
#2143 = DIRECTION('',(1.110223024625E-16,-1.,0.));
#2144 = ORIENTED_EDGE('',*,*,#2123,.T.);
#2145 = ORIENTED_EDGE('',*,*,#1929,.T.);
#2146 = ORIENTED_EDGE('',*,*,#2147,.F.);
#2147 = EDGE_CURVE('',#2148,#1922,#2150,.T.);
#2148 = VERTEX_POINT('',#2149);
#2149 = CARTESIAN_POINT('',(2.485,-2.485,3.E-02));
#2150 = LINE('',#2151,#2152);
#2151 = CARTESIAN_POINT('',(2.485,-2.485,3.E-02));
#2152 = VECTOR('',#2153,1.);
#2153 = DIRECTION('',(0.,0.,1.));
#2154 = ORIENTED_EDGE('',*,*,#2155,.F.);
#2155 = EDGE_CURVE('',#2156,#2148,#2158,.T.);
#2156 = VERTEX_POINT('',#2157);
#2157 = CARTESIAN_POINT('',(2.485,-1.45,3.E-02));
#2158 = LINE('',#2159,#2160);
#2159 = CARTESIAN_POINT('',(2.485,2.485,3.E-02));
#2160 = VECTOR('',#2161,1.);
#2161 = DIRECTION('',(1.110223024625E-16,-1.,0.));
#2162 = ORIENTED_EDGE('',*,*,#2163,.T.);
#2163 = EDGE_CURVE('',#2156,#2164,#2166,.T.);
#2164 = VERTEX_POINT('',#2165);
#2165 = CARTESIAN_POINT('',(2.485,-1.45,0.1));
#2166 = LINE('',#2167,#2168);
#2167 = CARTESIAN_POINT('',(2.485,-1.45,1.5E-02));
#2168 = VECTOR('',#2169,1.);
#2169 = DIRECTION('',(0.,0.,1.));
#2170 = ORIENTED_EDGE('',*,*,#2171,.F.);
#2171 = EDGE_CURVE('',#2172,#2164,#2174,.T.);
#2172 = VERTEX_POINT('',#2173);
#2173 = CARTESIAN_POINT('',(2.485,-1.15,0.1));
#2174 = LINE('',#2175,#2176);
#2175 = CARTESIAN_POINT('',(2.485,0.5925,0.1));
#2176 = VECTOR('',#2177,1.);
#2177 = DIRECTION('',(1.110223024625E-16,-1.,0.));
#2178 = ORIENTED_EDGE('',*,*,#2179,.T.);
#2179 = EDGE_CURVE('',#2172,#2180,#2182,.T.);
#2180 = VERTEX_POINT('',#2181);
#2181 = CARTESIAN_POINT('',(2.485,-1.15,3.E-02));
#2182 = LINE('',#2183,#2184);
#2183 = CARTESIAN_POINT('',(2.485,-1.15,1.5E-02));
#2184 = VECTOR('',#2185,1.);
#2185 = DIRECTION('',(0.,0.,-1.));
#2186 = ORIENTED_EDGE('',*,*,#2187,.F.);
#2187 = EDGE_CURVE('',#2188,#2180,#2190,.T.);
#2188 = VERTEX_POINT('',#2189);
#2189 = CARTESIAN_POINT('',(2.485,-0.8,3.E-02));
#2190 = LINE('',#2191,#2192);
#2191 = CARTESIAN_POINT('',(2.485,2.485,3.E-02));
#2192 = VECTOR('',#2193,1.);
#2193 = DIRECTION('',(1.110223024625E-16,-1.,0.));
#2194 = ORIENTED_EDGE('',*,*,#2195,.T.);
#2195 = EDGE_CURVE('',#2188,#2196,#2198,.T.);
#2196 = VERTEX_POINT('',#2197);
#2197 = CARTESIAN_POINT('',(2.485,-0.8,0.1));
#2198 = LINE('',#2199,#2200);
#2199 = CARTESIAN_POINT('',(2.485,-0.8,1.5E-02));
#2200 = VECTOR('',#2201,1.);
#2201 = DIRECTION('',(0.,0.,1.));
#2202 = ORIENTED_EDGE('',*,*,#2203,.F.);
#2203 = EDGE_CURVE('',#2204,#2196,#2206,.T.);
#2204 = VERTEX_POINT('',#2205);
#2205 = CARTESIAN_POINT('',(2.485,-0.5,0.1));
#2206 = LINE('',#2207,#2208);
#2207 = CARTESIAN_POINT('',(2.485,0.9175,0.1));
#2208 = VECTOR('',#2209,1.);
#2209 = DIRECTION('',(1.110223024625E-16,-1.,0.));
#2210 = ORIENTED_EDGE('',*,*,#2211,.T.);
#2211 = EDGE_CURVE('',#2204,#2212,#2214,.T.);
#2212 = VERTEX_POINT('',#2213);
#2213 = CARTESIAN_POINT('',(2.485,-0.5,3.E-02));
#2214 = LINE('',#2215,#2216);
#2215 = CARTESIAN_POINT('',(2.485,-0.5,1.5E-02));
#2216 = VECTOR('',#2217,1.);
#2217 = DIRECTION('',(0.,0.,-1.));
#2218 = ORIENTED_EDGE('',*,*,#2219,.F.);
#2219 = EDGE_CURVE('',#2220,#2212,#2222,.T.);
#2220 = VERTEX_POINT('',#2221);
#2221 = CARTESIAN_POINT('',(2.485,-0.15,3.E-02));
#2222 = LINE('',#2223,#2224);
#2223 = CARTESIAN_POINT('',(2.485,2.485,3.E-02));
#2224 = VECTOR('',#2225,1.);
#2225 = DIRECTION('',(1.110223024625E-16,-1.,0.));
#2226 = ORIENTED_EDGE('',*,*,#2227,.T.);
#2227 = EDGE_CURVE('',#2220,#2228,#2230,.T.);
#2228 = VERTEX_POINT('',#2229);
#2229 = CARTESIAN_POINT('',(2.485,-0.15,0.1));
#2230 = LINE('',#2231,#2232);
#2231 = CARTESIAN_POINT('',(2.485,-0.15,1.5E-02));
#2232 = VECTOR('',#2233,1.);
#2233 = DIRECTION('',(0.,0.,1.));
#2234 = ORIENTED_EDGE('',*,*,#2235,.F.);
#2235 = EDGE_CURVE('',#2236,#2228,#2238,.T.);
#2236 = VERTEX_POINT('',#2237);
#2237 = CARTESIAN_POINT('',(2.485,0.15,0.1));
#2238 = LINE('',#2239,#2240);
#2239 = CARTESIAN_POINT('',(2.485,1.2425,0.1));
#2240 = VECTOR('',#2241,1.);
#2241 = DIRECTION('',(1.110223024625E-16,-1.,0.));
#2242 = ORIENTED_EDGE('',*,*,#2243,.T.);
#2243 = EDGE_CURVE('',#2236,#2244,#2246,.T.);
#2244 = VERTEX_POINT('',#2245);
#2245 = CARTESIAN_POINT('',(2.485,0.15,3.E-02));
#2246 = LINE('',#2247,#2248);
#2247 = CARTESIAN_POINT('',(2.485,0.15,1.5E-02));
#2248 = VECTOR('',#2249,1.);
#2249 = DIRECTION('',(0.,0.,-1.));
#2250 = ORIENTED_EDGE('',*,*,#2251,.F.);
#2251 = EDGE_CURVE('',#2252,#2244,#2254,.T.);
#2252 = VERTEX_POINT('',#2253);
#2253 = CARTESIAN_POINT('',(2.485,0.5,3.E-02));
#2254 = LINE('',#2255,#2256);
#2255 = CARTESIAN_POINT('',(2.485,2.485,3.E-02));
#2256 = VECTOR('',#2257,1.);
#2257 = DIRECTION('',(1.110223024625E-16,-1.,0.));
#2258 = ORIENTED_EDGE('',*,*,#2259,.T.);
#2259 = EDGE_CURVE('',#2252,#2260,#2262,.T.);
#2260 = VERTEX_POINT('',#2261);
#2261 = CARTESIAN_POINT('',(2.485,0.5,0.1));
#2262 = LINE('',#2263,#2264);
#2263 = CARTESIAN_POINT('',(2.485,0.5,1.5E-02));
#2264 = VECTOR('',#2265,1.);
#2265 = DIRECTION('',(0.,0.,1.));
#2266 = ORIENTED_EDGE('',*,*,#2267,.F.);
#2267 = EDGE_CURVE('',#2268,#2260,#2270,.T.);
#2268 = VERTEX_POINT('',#2269);
#2269 = CARTESIAN_POINT('',(2.485,0.8,0.1));
#2270 = LINE('',#2271,#2272);
#2271 = CARTESIAN_POINT('',(2.485,1.5675,0.1));
#2272 = VECTOR('',#2273,1.);
#2273 = DIRECTION('',(1.110223024625E-16,-1.,0.));
#2274 = ORIENTED_EDGE('',*,*,#2275,.T.);
#2275 = EDGE_CURVE('',#2268,#2276,#2278,.T.);
#2276 = VERTEX_POINT('',#2277);
#2277 = CARTESIAN_POINT('',(2.485,0.8,3.E-02));
#2278 = LINE('',#2279,#2280);
#2279 = CARTESIAN_POINT('',(2.485,0.8,1.5E-02));
#2280 = VECTOR('',#2281,1.);
#2281 = DIRECTION('',(0.,0.,-1.));
#2282 = ORIENTED_EDGE('',*,*,#2283,.F.);
#2283 = EDGE_CURVE('',#2284,#2276,#2286,.T.);
#2284 = VERTEX_POINT('',#2285);
#2285 = CARTESIAN_POINT('',(2.485,1.15,3.E-02));
#2286 = LINE('',#2287,#2288);
#2287 = CARTESIAN_POINT('',(2.485,2.485,3.E-02));
#2288 = VECTOR('',#2289,1.);
#2289 = DIRECTION('',(1.110223024625E-16,-1.,0.));
#2290 = ORIENTED_EDGE('',*,*,#2291,.T.);
#2291 = EDGE_CURVE('',#2284,#2292,#2294,.T.);
#2292 = VERTEX_POINT('',#2293);
#2293 = CARTESIAN_POINT('',(2.485,1.15,0.1));
#2294 = LINE('',#2295,#2296);
#2295 = CARTESIAN_POINT('',(2.485,1.15,1.5E-02));
#2296 = VECTOR('',#2297,1.);
#2297 = DIRECTION('',(0.,0.,1.));
#2298 = ORIENTED_EDGE('',*,*,#2299,.F.);
#2299 = EDGE_CURVE('',#2300,#2292,#2302,.T.);
#2300 = VERTEX_POINT('',#2301);
#2301 = CARTESIAN_POINT('',(2.485,1.45,0.1));
#2302 = LINE('',#2303,#2304);
#2303 = CARTESIAN_POINT('',(2.485,1.8925,0.1));
#2304 = VECTOR('',#2305,1.);
#2305 = DIRECTION('',(1.110223024625E-16,-1.,0.));
#2306 = ORIENTED_EDGE('',*,*,#2307,.T.);
#2307 = EDGE_CURVE('',#2300,#2138,#2308,.T.);
#2308 = LINE('',#2309,#2310);
#2309 = CARTESIAN_POINT('',(2.485,1.45,1.5E-02));
#2310 = VECTOR('',#2311,1.);
#2311 = DIRECTION('',(0.,0.,-1.));
#2312 = PLANE('',#2313);
#2313 = AXIS2_PLACEMENT_3D('',#2314,#2315,#2316);
#2314 = CARTESIAN_POINT('',(2.485,2.485,3.E-02));
#2315 = DIRECTION('',(1.,1.110223024625E-16,0.));
#2316 = DIRECTION('',(0.,-0.,1.));
#2317 = ADVANCED_FACE('',(#2318),#2496,.F.);
#2318 = FACE_BOUND('',#2319,.F.);
#2319 = EDGE_LOOP('',(#2320,#2328,#2329,#2330,#2338,#2346,#2354,#2362,
    #2370,#2378,#2386,#2394,#2402,#2410,#2418,#2426,#2434,#2442,#2450,
    #2458,#2466,#2474,#2482,#2490));
#2320 = ORIENTED_EDGE('',*,*,#2321,.F.);
#2321 = EDGE_CURVE('',#1948,#2322,#2324,.T.);
#2322 = VERTEX_POINT('',#2323);
#2323 = CARTESIAN_POINT('',(-2.485,1.45,3.E-02));
#2324 = LINE('',#2325,#2326);
#2325 = CARTESIAN_POINT('',(-2.485,2.485,3.E-02));
#2326 = VECTOR('',#2327,1.);
#2327 = DIRECTION('',(1.110223024625E-16,-1.,0.));
#2328 = ORIENTED_EDGE('',*,*,#1947,.T.);
#2329 = ORIENTED_EDGE('',*,*,#1913,.T.);
#2330 = ORIENTED_EDGE('',*,*,#2331,.F.);
#2331 = EDGE_CURVE('',#2332,#1914,#2334,.T.);
#2332 = VERTEX_POINT('',#2333);
#2333 = CARTESIAN_POINT('',(-2.485,-2.485,3.E-02));
#2334 = LINE('',#2335,#2336);
#2335 = CARTESIAN_POINT('',(-2.485,-2.485,3.E-02));
#2336 = VECTOR('',#2337,1.);
#2337 = DIRECTION('',(0.,0.,1.));
#2338 = ORIENTED_EDGE('',*,*,#2339,.F.);
#2339 = EDGE_CURVE('',#2340,#2332,#2342,.T.);
#2340 = VERTEX_POINT('',#2341);
#2341 = CARTESIAN_POINT('',(-2.485,-1.45,3.E-02));
#2342 = LINE('',#2343,#2344);
#2343 = CARTESIAN_POINT('',(-2.485,2.485,3.E-02));
#2344 = VECTOR('',#2345,1.);
#2345 = DIRECTION('',(1.110223024625E-16,-1.,0.));
#2346 = ORIENTED_EDGE('',*,*,#2347,.T.);
#2347 = EDGE_CURVE('',#2340,#2348,#2350,.T.);
#2348 = VERTEX_POINT('',#2349);
#2349 = CARTESIAN_POINT('',(-2.485,-1.45,0.1));
#2350 = LINE('',#2351,#2352);
#2351 = CARTESIAN_POINT('',(-2.485,-1.45,1.5E-02));
#2352 = VECTOR('',#2353,1.);
#2353 = DIRECTION('',(0.,0.,1.));
#2354 = ORIENTED_EDGE('',*,*,#2355,.F.);
#2355 = EDGE_CURVE('',#2356,#2348,#2358,.T.);
#2356 = VERTEX_POINT('',#2357);
#2357 = CARTESIAN_POINT('',(-2.485,-1.15,0.1));
#2358 = LINE('',#2359,#2360);
#2359 = CARTESIAN_POINT('',(-2.485,0.5925,0.1));
#2360 = VECTOR('',#2361,1.);
#2361 = DIRECTION('',(1.110223024625E-16,-1.,0.));
#2362 = ORIENTED_EDGE('',*,*,#2363,.T.);
#2363 = EDGE_CURVE('',#2356,#2364,#2366,.T.);
#2364 = VERTEX_POINT('',#2365);
#2365 = CARTESIAN_POINT('',(-2.485,-1.15,3.E-02));
#2366 = LINE('',#2367,#2368);
#2367 = CARTESIAN_POINT('',(-2.485,-1.15,1.5E-02));
#2368 = VECTOR('',#2369,1.);
#2369 = DIRECTION('',(0.,0.,-1.));
#2370 = ORIENTED_EDGE('',*,*,#2371,.F.);
#2371 = EDGE_CURVE('',#2372,#2364,#2374,.T.);
#2372 = VERTEX_POINT('',#2373);
#2373 = CARTESIAN_POINT('',(-2.485,-0.8,3.E-02));
#2374 = LINE('',#2375,#2376);
#2375 = CARTESIAN_POINT('',(-2.485,2.485,3.E-02));
#2376 = VECTOR('',#2377,1.);
#2377 = DIRECTION('',(1.110223024625E-16,-1.,0.));
#2378 = ORIENTED_EDGE('',*,*,#2379,.T.);
#2379 = EDGE_CURVE('',#2372,#2380,#2382,.T.);
#2380 = VERTEX_POINT('',#2381);
#2381 = CARTESIAN_POINT('',(-2.485,-0.8,0.1));
#2382 = LINE('',#2383,#2384);
#2383 = CARTESIAN_POINT('',(-2.485,-0.8,1.5E-02));
#2384 = VECTOR('',#2385,1.);
#2385 = DIRECTION('',(0.,0.,1.));
#2386 = ORIENTED_EDGE('',*,*,#2387,.F.);
#2387 = EDGE_CURVE('',#2388,#2380,#2390,.T.);
#2388 = VERTEX_POINT('',#2389);
#2389 = CARTESIAN_POINT('',(-2.485,-0.5,0.1));
#2390 = LINE('',#2391,#2392);
#2391 = CARTESIAN_POINT('',(-2.485,0.9175,0.1));
#2392 = VECTOR('',#2393,1.);
#2393 = DIRECTION('',(1.110223024625E-16,-1.,0.));
#2394 = ORIENTED_EDGE('',*,*,#2395,.T.);
#2395 = EDGE_CURVE('',#2388,#2396,#2398,.T.);
#2396 = VERTEX_POINT('',#2397);
#2397 = CARTESIAN_POINT('',(-2.485,-0.5,3.E-02));
#2398 = LINE('',#2399,#2400);
#2399 = CARTESIAN_POINT('',(-2.485,-0.5,1.5E-02));
#2400 = VECTOR('',#2401,1.);
#2401 = DIRECTION('',(0.,0.,-1.));
#2402 = ORIENTED_EDGE('',*,*,#2403,.F.);
#2403 = EDGE_CURVE('',#2404,#2396,#2406,.T.);
#2404 = VERTEX_POINT('',#2405);
#2405 = CARTESIAN_POINT('',(-2.485,-0.15,3.E-02));
#2406 = LINE('',#2407,#2408);
#2407 = CARTESIAN_POINT('',(-2.485,2.485,3.E-02));
#2408 = VECTOR('',#2409,1.);
#2409 = DIRECTION('',(1.110223024625E-16,-1.,0.));
#2410 = ORIENTED_EDGE('',*,*,#2411,.T.);
#2411 = EDGE_CURVE('',#2404,#2412,#2414,.T.);
#2412 = VERTEX_POINT('',#2413);
#2413 = CARTESIAN_POINT('',(-2.485,-0.15,0.1));
#2414 = LINE('',#2415,#2416);
#2415 = CARTESIAN_POINT('',(-2.485,-0.15,1.5E-02));
#2416 = VECTOR('',#2417,1.);
#2417 = DIRECTION('',(0.,0.,1.));
#2418 = ORIENTED_EDGE('',*,*,#2419,.F.);
#2419 = EDGE_CURVE('',#2420,#2412,#2422,.T.);
#2420 = VERTEX_POINT('',#2421);
#2421 = CARTESIAN_POINT('',(-2.485,0.15,0.1));
#2422 = LINE('',#2423,#2424);
#2423 = CARTESIAN_POINT('',(-2.485,1.2425,0.1));
#2424 = VECTOR('',#2425,1.);
#2425 = DIRECTION('',(1.110223024625E-16,-1.,0.));
#2426 = ORIENTED_EDGE('',*,*,#2427,.T.);
#2427 = EDGE_CURVE('',#2420,#2428,#2430,.T.);
#2428 = VERTEX_POINT('',#2429);
#2429 = CARTESIAN_POINT('',(-2.485,0.15,3.E-02));
#2430 = LINE('',#2431,#2432);
#2431 = CARTESIAN_POINT('',(-2.485,0.15,1.5E-02));
#2432 = VECTOR('',#2433,1.);
#2433 = DIRECTION('',(0.,0.,-1.));
#2434 = ORIENTED_EDGE('',*,*,#2435,.F.);
#2435 = EDGE_CURVE('',#2436,#2428,#2438,.T.);
#2436 = VERTEX_POINT('',#2437);
#2437 = CARTESIAN_POINT('',(-2.485,0.5,3.E-02));
#2438 = LINE('',#2439,#2440);
#2439 = CARTESIAN_POINT('',(-2.485,2.485,3.E-02));
#2440 = VECTOR('',#2441,1.);
#2441 = DIRECTION('',(1.110223024625E-16,-1.,0.));
#2442 = ORIENTED_EDGE('',*,*,#2443,.T.);
#2443 = EDGE_CURVE('',#2436,#2444,#2446,.T.);
#2444 = VERTEX_POINT('',#2445);
#2445 = CARTESIAN_POINT('',(-2.485,0.5,0.1));
#2446 = LINE('',#2447,#2448);
#2447 = CARTESIAN_POINT('',(-2.485,0.5,1.5E-02));
#2448 = VECTOR('',#2449,1.);
#2449 = DIRECTION('',(0.,0.,1.));
#2450 = ORIENTED_EDGE('',*,*,#2451,.F.);
#2451 = EDGE_CURVE('',#2452,#2444,#2454,.T.);
#2452 = VERTEX_POINT('',#2453);
#2453 = CARTESIAN_POINT('',(-2.485,0.8,0.1));
#2454 = LINE('',#2455,#2456);
#2455 = CARTESIAN_POINT('',(-2.485,1.5675,0.1));
#2456 = VECTOR('',#2457,1.);
#2457 = DIRECTION('',(1.110223024625E-16,-1.,0.));
#2458 = ORIENTED_EDGE('',*,*,#2459,.T.);
#2459 = EDGE_CURVE('',#2452,#2460,#2462,.T.);
#2460 = VERTEX_POINT('',#2461);
#2461 = CARTESIAN_POINT('',(-2.485,0.8,3.E-02));
#2462 = LINE('',#2463,#2464);
#2463 = CARTESIAN_POINT('',(-2.485,0.8,1.5E-02));
#2464 = VECTOR('',#2465,1.);
#2465 = DIRECTION('',(0.,0.,-1.));
#2466 = ORIENTED_EDGE('',*,*,#2467,.F.);
#2467 = EDGE_CURVE('',#2468,#2460,#2470,.T.);
#2468 = VERTEX_POINT('',#2469);
#2469 = CARTESIAN_POINT('',(-2.485,1.15,3.E-02));
#2470 = LINE('',#2471,#2472);
#2471 = CARTESIAN_POINT('',(-2.485,2.485,3.E-02));
#2472 = VECTOR('',#2473,1.);
#2473 = DIRECTION('',(1.110223024625E-16,-1.,0.));
#2474 = ORIENTED_EDGE('',*,*,#2475,.T.);
#2475 = EDGE_CURVE('',#2468,#2476,#2478,.T.);
#2476 = VERTEX_POINT('',#2477);
#2477 = CARTESIAN_POINT('',(-2.485,1.15,0.1));
#2478 = LINE('',#2479,#2480);
#2479 = CARTESIAN_POINT('',(-2.485,1.15,1.5E-02));
#2480 = VECTOR('',#2481,1.);
#2481 = DIRECTION('',(0.,0.,1.));
#2482 = ORIENTED_EDGE('',*,*,#2483,.F.);
#2483 = EDGE_CURVE('',#2484,#2476,#2486,.T.);
#2484 = VERTEX_POINT('',#2485);
#2485 = CARTESIAN_POINT('',(-2.485,1.45,0.1));
#2486 = LINE('',#2487,#2488);
#2487 = CARTESIAN_POINT('',(-2.485,1.8925,0.1));
#2488 = VECTOR('',#2489,1.);
#2489 = DIRECTION('',(1.110223024625E-16,-1.,0.));
#2490 = ORIENTED_EDGE('',*,*,#2491,.T.);
#2491 = EDGE_CURVE('',#2484,#2322,#2492,.T.);
#2492 = LINE('',#2493,#2494);
#2493 = CARTESIAN_POINT('',(-2.485,1.45,1.5E-02));
#2494 = VECTOR('',#2495,1.);
#2495 = DIRECTION('',(0.,0.,-1.));
#2496 = PLANE('',#2497);
#2497 = AXIS2_PLACEMENT_3D('',#2498,#2499,#2500);
#2498 = CARTESIAN_POINT('',(-2.485,2.485,3.E-02));
#2499 = DIRECTION('',(1.,1.110223024625E-16,0.));
#2500 = DIRECTION('',(0.,-0.,1.));
#2501 = ADVANCED_FACE('',(#2502),#2673,.T.);
#2502 = FACE_BOUND('',#2503,.T.);
#2503 = EDGE_LOOP('',(#2504,#2505,#2506,#2514,#2522,#2530,#2538,#2546,
    #2554,#2562,#2570,#2578,#2586,#2594,#2602,#2610,#2618,#2626,#2634,
    #2642,#2650,#2658,#2666,#2672));
#2504 = ORIENTED_EDGE('',*,*,#1921,.F.);
#2505 = ORIENTED_EDGE('',*,*,#2331,.F.);
#2506 = ORIENTED_EDGE('',*,*,#2507,.T.);
#2507 = EDGE_CURVE('',#2332,#2508,#2510,.T.);
#2508 = VERTEX_POINT('',#2509);
#2509 = CARTESIAN_POINT('',(-1.45,-2.485,3.E-02));
#2510 = LINE('',#2511,#2512);
#2511 = CARTESIAN_POINT('',(-2.485,-2.485,3.E-02));
#2512 = VECTOR('',#2513,1.);
#2513 = DIRECTION('',(1.,1.110223024625E-16,0.));
#2514 = ORIENTED_EDGE('',*,*,#2515,.T.);
#2515 = EDGE_CURVE('',#2508,#2516,#2518,.T.);
#2516 = VERTEX_POINT('',#2517);
#2517 = CARTESIAN_POINT('',(-1.45,-2.485,0.1));
#2518 = LINE('',#2519,#2520);
#2519 = CARTESIAN_POINT('',(-1.45,-2.485,1.5E-02));
#2520 = VECTOR('',#2521,1.);
#2521 = DIRECTION('',(0.,0.,1.));
#2522 = ORIENTED_EDGE('',*,*,#2523,.F.);
#2523 = EDGE_CURVE('',#2524,#2516,#2526,.T.);
#2524 = VERTEX_POINT('',#2525);
#2525 = CARTESIAN_POINT('',(-1.15,-2.485,0.1));
#2526 = LINE('',#2527,#2528);
#2527 = CARTESIAN_POINT('',(-1.8925,-2.485,0.1));
#2528 = VECTOR('',#2529,1.);
#2529 = DIRECTION('',(-1.,-1.110223024625E-16,0.));
#2530 = ORIENTED_EDGE('',*,*,#2531,.T.);
#2531 = EDGE_CURVE('',#2524,#2532,#2534,.T.);
#2532 = VERTEX_POINT('',#2533);
#2533 = CARTESIAN_POINT('',(-1.15,-2.485,3.E-02));
#2534 = LINE('',#2535,#2536);
#2535 = CARTESIAN_POINT('',(-1.15,-2.485,1.5E-02));
#2536 = VECTOR('',#2537,1.);
#2537 = DIRECTION('',(0.,-0.,-1.));
#2538 = ORIENTED_EDGE('',*,*,#2539,.T.);
#2539 = EDGE_CURVE('',#2532,#2540,#2542,.T.);
#2540 = VERTEX_POINT('',#2541);
#2541 = CARTESIAN_POINT('',(-0.8,-2.485,3.E-02));
#2542 = LINE('',#2543,#2544);
#2543 = CARTESIAN_POINT('',(-2.485,-2.485,3.E-02));
#2544 = VECTOR('',#2545,1.);
#2545 = DIRECTION('',(1.,1.110223024625E-16,0.));
#2546 = ORIENTED_EDGE('',*,*,#2547,.T.);
#2547 = EDGE_CURVE('',#2540,#2548,#2550,.T.);
#2548 = VERTEX_POINT('',#2549);
#2549 = CARTESIAN_POINT('',(-0.8,-2.485,0.1));
#2550 = LINE('',#2551,#2552);
#2551 = CARTESIAN_POINT('',(-0.8,-2.485,1.5E-02));
#2552 = VECTOR('',#2553,1.);
#2553 = DIRECTION('',(0.,0.,1.));
#2554 = ORIENTED_EDGE('',*,*,#2555,.F.);
#2555 = EDGE_CURVE('',#2556,#2548,#2558,.T.);
#2556 = VERTEX_POINT('',#2557);
#2557 = CARTESIAN_POINT('',(-0.5,-2.485,0.1));
#2558 = LINE('',#2559,#2560);
#2559 = CARTESIAN_POINT('',(-1.5675,-2.485,0.1));
#2560 = VECTOR('',#2561,1.);
#2561 = DIRECTION('',(-1.,-1.110223024625E-16,0.));
#2562 = ORIENTED_EDGE('',*,*,#2563,.T.);
#2563 = EDGE_CURVE('',#2556,#2564,#2566,.T.);
#2564 = VERTEX_POINT('',#2565);
#2565 = CARTESIAN_POINT('',(-0.5,-2.485,3.E-02));
#2566 = LINE('',#2567,#2568);
#2567 = CARTESIAN_POINT('',(-0.5,-2.485,1.5E-02));
#2568 = VECTOR('',#2569,1.);
#2569 = DIRECTION('',(0.,-0.,-1.));
#2570 = ORIENTED_EDGE('',*,*,#2571,.T.);
#2571 = EDGE_CURVE('',#2564,#2572,#2574,.T.);
#2572 = VERTEX_POINT('',#2573);
#2573 = CARTESIAN_POINT('',(-0.15,-2.485,3.E-02));
#2574 = LINE('',#2575,#2576);
#2575 = CARTESIAN_POINT('',(-2.485,-2.485,3.E-02));
#2576 = VECTOR('',#2577,1.);
#2577 = DIRECTION('',(1.,1.110223024625E-16,0.));
#2578 = ORIENTED_EDGE('',*,*,#2579,.T.);
#2579 = EDGE_CURVE('',#2572,#2580,#2582,.T.);
#2580 = VERTEX_POINT('',#2581);
#2581 = CARTESIAN_POINT('',(-0.15,-2.485,0.1));
#2582 = LINE('',#2583,#2584);
#2583 = CARTESIAN_POINT('',(-0.15,-2.485,1.5E-02));
#2584 = VECTOR('',#2585,1.);
#2585 = DIRECTION('',(0.,0.,1.));
#2586 = ORIENTED_EDGE('',*,*,#2587,.F.);
#2587 = EDGE_CURVE('',#2588,#2580,#2590,.T.);
#2588 = VERTEX_POINT('',#2589);
#2589 = CARTESIAN_POINT('',(0.15,-2.485,0.1));
#2590 = LINE('',#2591,#2592);
#2591 = CARTESIAN_POINT('',(-1.2425,-2.485,0.1));
#2592 = VECTOR('',#2593,1.);
#2593 = DIRECTION('',(-1.,-1.110223024625E-16,0.));
#2594 = ORIENTED_EDGE('',*,*,#2595,.T.);
#2595 = EDGE_CURVE('',#2588,#2596,#2598,.T.);
#2596 = VERTEX_POINT('',#2597);
#2597 = CARTESIAN_POINT('',(0.15,-2.485,3.E-02));
#2598 = LINE('',#2599,#2600);
#2599 = CARTESIAN_POINT('',(0.15,-2.485,1.5E-02));
#2600 = VECTOR('',#2601,1.);
#2601 = DIRECTION('',(0.,-0.,-1.));
#2602 = ORIENTED_EDGE('',*,*,#2603,.T.);
#2603 = EDGE_CURVE('',#2596,#2604,#2606,.T.);
#2604 = VERTEX_POINT('',#2605);
#2605 = CARTESIAN_POINT('',(0.5,-2.485,3.E-02));
#2606 = LINE('',#2607,#2608);
#2607 = CARTESIAN_POINT('',(-2.485,-2.485,3.E-02));
#2608 = VECTOR('',#2609,1.);
#2609 = DIRECTION('',(1.,1.110223024625E-16,0.));
#2610 = ORIENTED_EDGE('',*,*,#2611,.T.);
#2611 = EDGE_CURVE('',#2604,#2612,#2614,.T.);
#2612 = VERTEX_POINT('',#2613);
#2613 = CARTESIAN_POINT('',(0.5,-2.485,0.1));
#2614 = LINE('',#2615,#2616);
#2615 = CARTESIAN_POINT('',(0.5,-2.485,1.5E-02));
#2616 = VECTOR('',#2617,1.);
#2617 = DIRECTION('',(0.,0.,1.));
#2618 = ORIENTED_EDGE('',*,*,#2619,.F.);
#2619 = EDGE_CURVE('',#2620,#2612,#2622,.T.);
#2620 = VERTEX_POINT('',#2621);
#2621 = CARTESIAN_POINT('',(0.8,-2.485,0.1));
#2622 = LINE('',#2623,#2624);
#2623 = CARTESIAN_POINT('',(-0.9175,-2.485,0.1));
#2624 = VECTOR('',#2625,1.);
#2625 = DIRECTION('',(-1.,-1.110223024625E-16,0.));
#2626 = ORIENTED_EDGE('',*,*,#2627,.T.);
#2627 = EDGE_CURVE('',#2620,#2628,#2630,.T.);
#2628 = VERTEX_POINT('',#2629);
#2629 = CARTESIAN_POINT('',(0.8,-2.485,3.E-02));
#2630 = LINE('',#2631,#2632);
#2631 = CARTESIAN_POINT('',(0.8,-2.485,1.5E-02));
#2632 = VECTOR('',#2633,1.);
#2633 = DIRECTION('',(0.,-0.,-1.));
#2634 = ORIENTED_EDGE('',*,*,#2635,.T.);
#2635 = EDGE_CURVE('',#2628,#2636,#2638,.T.);
#2636 = VERTEX_POINT('',#2637);
#2637 = CARTESIAN_POINT('',(1.15,-2.485,3.E-02));
#2638 = LINE('',#2639,#2640);
#2639 = CARTESIAN_POINT('',(-2.485,-2.485,3.E-02));
#2640 = VECTOR('',#2641,1.);
#2641 = DIRECTION('',(1.,1.110223024625E-16,0.));
#2642 = ORIENTED_EDGE('',*,*,#2643,.T.);
#2643 = EDGE_CURVE('',#2636,#2644,#2646,.T.);
#2644 = VERTEX_POINT('',#2645);
#2645 = CARTESIAN_POINT('',(1.15,-2.485,0.1));
#2646 = LINE('',#2647,#2648);
#2647 = CARTESIAN_POINT('',(1.15,-2.485,1.5E-02));
#2648 = VECTOR('',#2649,1.);
#2649 = DIRECTION('',(0.,0.,1.));
#2650 = ORIENTED_EDGE('',*,*,#2651,.F.);
#2651 = EDGE_CURVE('',#2652,#2644,#2654,.T.);
#2652 = VERTEX_POINT('',#2653);
#2653 = CARTESIAN_POINT('',(1.45,-2.485,0.1));
#2654 = LINE('',#2655,#2656);
#2655 = CARTESIAN_POINT('',(-0.5925,-2.485,0.1));
#2656 = VECTOR('',#2657,1.);
#2657 = DIRECTION('',(-1.,-1.110223024625E-16,0.));
#2658 = ORIENTED_EDGE('',*,*,#2659,.T.);
#2659 = EDGE_CURVE('',#2652,#2660,#2662,.T.);
#2660 = VERTEX_POINT('',#2661);
#2661 = CARTESIAN_POINT('',(1.45,-2.485,3.E-02));
#2662 = LINE('',#2663,#2664);
#2663 = CARTESIAN_POINT('',(1.45,-2.485,1.5E-02));
#2664 = VECTOR('',#2665,1.);
#2665 = DIRECTION('',(0.,-0.,-1.));
#2666 = ORIENTED_EDGE('',*,*,#2667,.T.);
#2667 = EDGE_CURVE('',#2660,#2148,#2668,.T.);
#2668 = LINE('',#2669,#2670);
#2669 = CARTESIAN_POINT('',(-2.485,-2.485,3.E-02));
#2670 = VECTOR('',#2671,1.);
#2671 = DIRECTION('',(1.,1.110223024625E-16,0.));
#2672 = ORIENTED_EDGE('',*,*,#2147,.T.);
#2673 = PLANE('',#2674);
#2674 = AXIS2_PLACEMENT_3D('',#2675,#2676,#2677);
#2675 = CARTESIAN_POINT('',(-2.485,-2.485,3.E-02));
#2676 = DIRECTION('',(1.110223024625E-16,-1.,0.));
#2677 = DIRECTION('',(0.,0.,1.));
#2678 = ADVANCED_FACE('',(#2679,#3145),#3187,.F.);
#2679 = FACE_BOUND('',#2680,.F.);
#2680 = EDGE_LOOP('',(#2681,#2682,#2683,#2691,#2699,#2705,#2706,#2714,
    #2722,#2728,#2729,#2737,#2745,#2751,#2752,#2760,#2768,#2774,#2775,
    #2783,#2791,#2797,#2798,#2799,#2807,#2815,#2821,#2822,#2830,#2838,
    #2844,#2845,#2853,#2861,#2867,#2868,#2876,#2884,#2890,#2891,#2899,
    #2907,#2913,#2914,#2915,#2923,#2931,#2937,#2938,#2946,#2954,#2960,
    #2961,#2969,#2977,#2983,#2984,#2992,#3000,#3006,#3007,#3015,#3023,
    #3029,#3030,#3031,#3039,#3047,#3053,#3054,#3062,#3070,#3076,#3077,
    #3085,#3093,#3099,#3100,#3108,#3116,#3122,#3123,#3131,#3139));
#2681 = ORIENTED_EDGE('',*,*,#1955,.F.);
#2682 = ORIENTED_EDGE('',*,*,#2321,.T.);
#2683 = ORIENTED_EDGE('',*,*,#2684,.T.);
#2684 = EDGE_CURVE('',#2322,#2685,#2687,.T.);
#2685 = VERTEX_POINT('',#2686);
#2686 = CARTESIAN_POINT('',(-2.3,1.45,3.E-02));
#2687 = LINE('',#2688,#2689);
#2688 = CARTESIAN_POINT('',(-2.3925,1.45,3.E-02));
#2689 = VECTOR('',#2690,1.);
#2690 = DIRECTION('',(1.,1.110223024625E-16,0.));
#2691 = ORIENTED_EDGE('',*,*,#2692,.T.);
#2692 = EDGE_CURVE('',#2685,#2693,#2695,.T.);
#2693 = VERTEX_POINT('',#2694);
#2694 = CARTESIAN_POINT('',(-2.3,1.15,3.E-02));
#2695 = LINE('',#2696,#2697);
#2696 = CARTESIAN_POINT('',(-2.3,1.8175,3.E-02));
#2697 = VECTOR('',#2698,1.);
#2698 = DIRECTION('',(1.110223024625E-16,-1.,0.));
#2699 = ORIENTED_EDGE('',*,*,#2700,.T.);
#2700 = EDGE_CURVE('',#2693,#2468,#2701,.T.);
#2701 = LINE('',#2702,#2703);
#2702 = CARTESIAN_POINT('',(-2.4925,1.15,3.E-02));
#2703 = VECTOR('',#2704,1.);
#2704 = DIRECTION('',(-1.,-1.110223024625E-16,0.));
#2705 = ORIENTED_EDGE('',*,*,#2467,.T.);
#2706 = ORIENTED_EDGE('',*,*,#2707,.T.);
#2707 = EDGE_CURVE('',#2460,#2708,#2710,.T.);
#2708 = VERTEX_POINT('',#2709);
#2709 = CARTESIAN_POINT('',(-2.3,0.8,3.E-02));
#2710 = LINE('',#2711,#2712);
#2711 = CARTESIAN_POINT('',(-2.3925,0.8,3.E-02));
#2712 = VECTOR('',#2713,1.);
#2713 = DIRECTION('',(1.,1.110223024625E-16,0.));
#2714 = ORIENTED_EDGE('',*,*,#2715,.T.);
#2715 = EDGE_CURVE('',#2708,#2716,#2718,.T.);
#2716 = VERTEX_POINT('',#2717);
#2717 = CARTESIAN_POINT('',(-2.3,0.5,3.E-02));
#2718 = LINE('',#2719,#2720);
#2719 = CARTESIAN_POINT('',(-2.3,1.4925,3.E-02));
#2720 = VECTOR('',#2721,1.);
#2721 = DIRECTION('',(1.110223024625E-16,-1.,0.));
#2722 = ORIENTED_EDGE('',*,*,#2723,.T.);
#2723 = EDGE_CURVE('',#2716,#2436,#2724,.T.);
#2724 = LINE('',#2725,#2726);
#2725 = CARTESIAN_POINT('',(-2.4925,0.5,3.E-02));
#2726 = VECTOR('',#2727,1.);
#2727 = DIRECTION('',(-1.,-1.110223024625E-16,0.));
#2728 = ORIENTED_EDGE('',*,*,#2435,.T.);
#2729 = ORIENTED_EDGE('',*,*,#2730,.T.);
#2730 = EDGE_CURVE('',#2428,#2731,#2733,.T.);
#2731 = VERTEX_POINT('',#2732);
#2732 = CARTESIAN_POINT('',(-2.3,0.15,3.E-02));
#2733 = LINE('',#2734,#2735);
#2734 = CARTESIAN_POINT('',(-2.3925,0.15,3.E-02));
#2735 = VECTOR('',#2736,1.);
#2736 = DIRECTION('',(1.,1.110223024625E-16,0.));
#2737 = ORIENTED_EDGE('',*,*,#2738,.T.);
#2738 = EDGE_CURVE('',#2731,#2739,#2741,.T.);
#2739 = VERTEX_POINT('',#2740);
#2740 = CARTESIAN_POINT('',(-2.3,-0.15,3.E-02));
#2741 = LINE('',#2742,#2743);
#2742 = CARTESIAN_POINT('',(-2.3,1.1675,3.E-02));
#2743 = VECTOR('',#2744,1.);
#2744 = DIRECTION('',(1.110223024625E-16,-1.,0.));
#2745 = ORIENTED_EDGE('',*,*,#2746,.T.);
#2746 = EDGE_CURVE('',#2739,#2404,#2747,.T.);
#2747 = LINE('',#2748,#2749);
#2748 = CARTESIAN_POINT('',(-2.4925,-0.15,3.E-02));
#2749 = VECTOR('',#2750,1.);
#2750 = DIRECTION('',(-1.,-1.110223024625E-16,0.));
#2751 = ORIENTED_EDGE('',*,*,#2403,.T.);
#2752 = ORIENTED_EDGE('',*,*,#2753,.T.);
#2753 = EDGE_CURVE('',#2396,#2754,#2756,.T.);
#2754 = VERTEX_POINT('',#2755);
#2755 = CARTESIAN_POINT('',(-2.3,-0.5,3.E-02));
#2756 = LINE('',#2757,#2758);
#2757 = CARTESIAN_POINT('',(-2.3925,-0.5,3.E-02));
#2758 = VECTOR('',#2759,1.);
#2759 = DIRECTION('',(1.,1.110223024625E-16,0.));
#2760 = ORIENTED_EDGE('',*,*,#2761,.T.);
#2761 = EDGE_CURVE('',#2754,#2762,#2764,.T.);
#2762 = VERTEX_POINT('',#2763);
#2763 = CARTESIAN_POINT('',(-2.3,-0.8,3.E-02));
#2764 = LINE('',#2765,#2766);
#2765 = CARTESIAN_POINT('',(-2.3,0.8425,3.E-02));
#2766 = VECTOR('',#2767,1.);
#2767 = DIRECTION('',(1.110223024625E-16,-1.,0.));
#2768 = ORIENTED_EDGE('',*,*,#2769,.T.);
#2769 = EDGE_CURVE('',#2762,#2372,#2770,.T.);
#2770 = LINE('',#2771,#2772);
#2771 = CARTESIAN_POINT('',(-2.4925,-0.8,3.E-02));
#2772 = VECTOR('',#2773,1.);
#2773 = DIRECTION('',(-1.,-1.110223024625E-16,0.));
#2774 = ORIENTED_EDGE('',*,*,#2371,.T.);
#2775 = ORIENTED_EDGE('',*,*,#2776,.T.);
#2776 = EDGE_CURVE('',#2364,#2777,#2779,.T.);
#2777 = VERTEX_POINT('',#2778);
#2778 = CARTESIAN_POINT('',(-2.3,-1.15,3.E-02));
#2779 = LINE('',#2780,#2781);
#2780 = CARTESIAN_POINT('',(-2.3925,-1.15,3.E-02));
#2781 = VECTOR('',#2782,1.);
#2782 = DIRECTION('',(1.,1.110223024625E-16,0.));
#2783 = ORIENTED_EDGE('',*,*,#2784,.T.);
#2784 = EDGE_CURVE('',#2777,#2785,#2787,.T.);
#2785 = VERTEX_POINT('',#2786);
#2786 = CARTESIAN_POINT('',(-2.3,-1.45,3.E-02));
#2787 = LINE('',#2788,#2789);
#2788 = CARTESIAN_POINT('',(-2.3,0.5175,3.E-02));
#2789 = VECTOR('',#2790,1.);
#2790 = DIRECTION('',(1.110223024625E-16,-1.,0.));
#2791 = ORIENTED_EDGE('',*,*,#2792,.T.);
#2792 = EDGE_CURVE('',#2785,#2340,#2793,.T.);
#2793 = LINE('',#2794,#2795);
#2794 = CARTESIAN_POINT('',(-2.4925,-1.45,3.E-02));
#2795 = VECTOR('',#2796,1.);
#2796 = DIRECTION('',(-1.,-1.110223024625E-16,0.));
#2797 = ORIENTED_EDGE('',*,*,#2339,.T.);
#2798 = ORIENTED_EDGE('',*,*,#2507,.T.);
#2799 = ORIENTED_EDGE('',*,*,#2800,.T.);
#2800 = EDGE_CURVE('',#2508,#2801,#2803,.T.);
#2801 = VERTEX_POINT('',#2802);
#2802 = CARTESIAN_POINT('',(-1.45,-2.3,3.E-02));
#2803 = LINE('',#2804,#2805);
#2804 = CARTESIAN_POINT('',(-1.45,9.25E-02,3.E-02));
#2805 = VECTOR('',#2806,1.);
#2806 = DIRECTION('',(-1.144237745222E-17,1.,0.));
#2807 = ORIENTED_EDGE('',*,*,#2808,.T.);
#2808 = EDGE_CURVE('',#2801,#2809,#2811,.T.);
#2809 = VERTEX_POINT('',#2810);
#2810 = CARTESIAN_POINT('',(-1.15,-2.3,3.E-02));
#2811 = LINE('',#2812,#2813);
#2812 = CARTESIAN_POINT('',(-1.8175,-2.3,3.E-02));
#2813 = VECTOR('',#2814,1.);
#2814 = DIRECTION('',(1.,1.144237745222E-17,0.));
#2815 = ORIENTED_EDGE('',*,*,#2816,.T.);
#2816 = EDGE_CURVE('',#2809,#2532,#2817,.T.);
#2817 = LINE('',#2818,#2819);
#2818 = CARTESIAN_POINT('',(-1.15,-7.5E-03,3.E-02));
#2819 = VECTOR('',#2820,1.);
#2820 = DIRECTION('',(1.144237745222E-17,-1.,0.));
#2821 = ORIENTED_EDGE('',*,*,#2539,.T.);
#2822 = ORIENTED_EDGE('',*,*,#2823,.T.);
#2823 = EDGE_CURVE('',#2540,#2824,#2826,.T.);
#2824 = VERTEX_POINT('',#2825);
#2825 = CARTESIAN_POINT('',(-0.8,-2.3,3.E-02));
#2826 = LINE('',#2827,#2828);
#2827 = CARTESIAN_POINT('',(-0.8,9.25E-02,3.E-02));
#2828 = VECTOR('',#2829,1.);
#2829 = DIRECTION('',(-1.144237745222E-17,1.,0.));
#2830 = ORIENTED_EDGE('',*,*,#2831,.T.);
#2831 = EDGE_CURVE('',#2824,#2832,#2834,.T.);
#2832 = VERTEX_POINT('',#2833);
#2833 = CARTESIAN_POINT('',(-0.5,-2.3,3.E-02));
#2834 = LINE('',#2835,#2836);
#2835 = CARTESIAN_POINT('',(-1.4925,-2.3,3.E-02));
#2836 = VECTOR('',#2837,1.);
#2837 = DIRECTION('',(1.,1.144237745222E-17,0.));
#2838 = ORIENTED_EDGE('',*,*,#2839,.T.);
#2839 = EDGE_CURVE('',#2832,#2564,#2840,.T.);
#2840 = LINE('',#2841,#2842);
#2841 = CARTESIAN_POINT('',(-0.5,-7.5E-03,3.E-02));
#2842 = VECTOR('',#2843,1.);
#2843 = DIRECTION('',(1.144237745222E-17,-1.,0.));
#2844 = ORIENTED_EDGE('',*,*,#2571,.T.);
#2845 = ORIENTED_EDGE('',*,*,#2846,.T.);
#2846 = EDGE_CURVE('',#2572,#2847,#2849,.T.);
#2847 = VERTEX_POINT('',#2848);
#2848 = CARTESIAN_POINT('',(-0.15,-2.3,3.E-02));
#2849 = LINE('',#2850,#2851);
#2850 = CARTESIAN_POINT('',(-0.15,9.25E-02,3.E-02));
#2851 = VECTOR('',#2852,1.);
#2852 = DIRECTION('',(-1.144237745222E-17,1.,0.));
#2853 = ORIENTED_EDGE('',*,*,#2854,.T.);
#2854 = EDGE_CURVE('',#2847,#2855,#2857,.T.);
#2855 = VERTEX_POINT('',#2856);
#2856 = CARTESIAN_POINT('',(0.15,-2.3,3.E-02));
#2857 = LINE('',#2858,#2859);
#2858 = CARTESIAN_POINT('',(-1.1675,-2.3,3.E-02));
#2859 = VECTOR('',#2860,1.);
#2860 = DIRECTION('',(1.,1.144237745222E-17,0.));
#2861 = ORIENTED_EDGE('',*,*,#2862,.T.);
#2862 = EDGE_CURVE('',#2855,#2596,#2863,.T.);
#2863 = LINE('',#2864,#2865);
#2864 = CARTESIAN_POINT('',(0.15,-7.5E-03,3.E-02));
#2865 = VECTOR('',#2866,1.);
#2866 = DIRECTION('',(1.144237745222E-17,-1.,0.));
#2867 = ORIENTED_EDGE('',*,*,#2603,.T.);
#2868 = ORIENTED_EDGE('',*,*,#2869,.T.);
#2869 = EDGE_CURVE('',#2604,#2870,#2872,.T.);
#2870 = VERTEX_POINT('',#2871);
#2871 = CARTESIAN_POINT('',(0.5,-2.3,3.E-02));
#2872 = LINE('',#2873,#2874);
#2873 = CARTESIAN_POINT('',(0.5,9.25E-02,3.E-02));
#2874 = VECTOR('',#2875,1.);
#2875 = DIRECTION('',(-1.144237745222E-17,1.,0.));
#2876 = ORIENTED_EDGE('',*,*,#2877,.T.);
#2877 = EDGE_CURVE('',#2870,#2878,#2880,.T.);
#2878 = VERTEX_POINT('',#2879);
#2879 = CARTESIAN_POINT('',(0.8,-2.3,3.E-02));
#2880 = LINE('',#2881,#2882);
#2881 = CARTESIAN_POINT('',(-0.8425,-2.3,3.E-02));
#2882 = VECTOR('',#2883,1.);
#2883 = DIRECTION('',(1.,1.144237745222E-17,0.));
#2884 = ORIENTED_EDGE('',*,*,#2885,.T.);
#2885 = EDGE_CURVE('',#2878,#2628,#2886,.T.);
#2886 = LINE('',#2887,#2888);
#2887 = CARTESIAN_POINT('',(0.8,-7.5E-03,3.E-02));
#2888 = VECTOR('',#2889,1.);
#2889 = DIRECTION('',(1.144237745222E-17,-1.,0.));
#2890 = ORIENTED_EDGE('',*,*,#2635,.T.);
#2891 = ORIENTED_EDGE('',*,*,#2892,.T.);
#2892 = EDGE_CURVE('',#2636,#2893,#2895,.T.);
#2893 = VERTEX_POINT('',#2894);
#2894 = CARTESIAN_POINT('',(1.15,-2.3,3.E-02));
#2895 = LINE('',#2896,#2897);
#2896 = CARTESIAN_POINT('',(1.15,9.25E-02,3.E-02));
#2897 = VECTOR('',#2898,1.);
#2898 = DIRECTION('',(-1.144237745222E-17,1.,0.));
#2899 = ORIENTED_EDGE('',*,*,#2900,.T.);
#2900 = EDGE_CURVE('',#2893,#2901,#2903,.T.);
#2901 = VERTEX_POINT('',#2902);
#2902 = CARTESIAN_POINT('',(1.45,-2.3,3.E-02));
#2903 = LINE('',#2904,#2905);
#2904 = CARTESIAN_POINT('',(-0.5175,-2.3,3.E-02));
#2905 = VECTOR('',#2906,1.);
#2906 = DIRECTION('',(1.,1.144237745222E-17,0.));
#2907 = ORIENTED_EDGE('',*,*,#2908,.T.);
#2908 = EDGE_CURVE('',#2901,#2660,#2909,.T.);
#2909 = LINE('',#2910,#2911);
#2910 = CARTESIAN_POINT('',(1.45,-7.5E-03,3.E-02));
#2911 = VECTOR('',#2912,1.);
#2912 = DIRECTION('',(1.144237745222E-17,-1.,0.));
#2913 = ORIENTED_EDGE('',*,*,#2667,.T.);
#2914 = ORIENTED_EDGE('',*,*,#2155,.F.);
#2915 = ORIENTED_EDGE('',*,*,#2916,.T.);
#2916 = EDGE_CURVE('',#2156,#2917,#2919,.T.);
#2917 = VERTEX_POINT('',#2918);
#2918 = CARTESIAN_POINT('',(2.3,-1.45,3.E-02));
#2919 = LINE('',#2920,#2921);
#2920 = CARTESIAN_POINT('',(-9.25E-02,-1.45,3.E-02));
#2921 = VECTOR('',#2922,1.);
#2922 = DIRECTION('',(-1.,-2.334869823773E-16,0.));
#2923 = ORIENTED_EDGE('',*,*,#2924,.T.);
#2924 = EDGE_CURVE('',#2917,#2925,#2927,.T.);
#2925 = VERTEX_POINT('',#2926);
#2926 = CARTESIAN_POINT('',(2.3,-1.15,3.E-02));
#2927 = LINE('',#2928,#2929);
#2928 = CARTESIAN_POINT('',(2.3,0.6675,3.E-02));
#2929 = VECTOR('',#2930,1.);
#2930 = DIRECTION('',(-2.334869823773E-16,1.,0.));
#2931 = ORIENTED_EDGE('',*,*,#2932,.T.);
#2932 = EDGE_CURVE('',#2925,#2180,#2933,.T.);
#2933 = LINE('',#2934,#2935);
#2934 = CARTESIAN_POINT('',(7.5E-03,-1.15,3.E-02));
#2935 = VECTOR('',#2936,1.);
#2936 = DIRECTION('',(1.,2.334869823773E-16,0.));
#2937 = ORIENTED_EDGE('',*,*,#2187,.F.);
#2938 = ORIENTED_EDGE('',*,*,#2939,.T.);
#2939 = EDGE_CURVE('',#2188,#2940,#2942,.T.);
#2940 = VERTEX_POINT('',#2941);
#2941 = CARTESIAN_POINT('',(2.3,-0.8,3.E-02));
#2942 = LINE('',#2943,#2944);
#2943 = CARTESIAN_POINT('',(-9.25E-02,-0.8,3.E-02));
#2944 = VECTOR('',#2945,1.);
#2945 = DIRECTION('',(-1.,-2.334869823773E-16,0.));
#2946 = ORIENTED_EDGE('',*,*,#2947,.T.);
#2947 = EDGE_CURVE('',#2940,#2948,#2950,.T.);
#2948 = VERTEX_POINT('',#2949);
#2949 = CARTESIAN_POINT('',(2.3,-0.5,3.E-02));
#2950 = LINE('',#2951,#2952);
#2951 = CARTESIAN_POINT('',(2.3,0.9925,3.E-02));
#2952 = VECTOR('',#2953,1.);
#2953 = DIRECTION('',(-2.334869823773E-16,1.,0.));
#2954 = ORIENTED_EDGE('',*,*,#2955,.T.);
#2955 = EDGE_CURVE('',#2948,#2212,#2956,.T.);
#2956 = LINE('',#2957,#2958);
#2957 = CARTESIAN_POINT('',(7.5E-03,-0.5,3.E-02));
#2958 = VECTOR('',#2959,1.);
#2959 = DIRECTION('',(1.,2.334869823773E-16,0.));
#2960 = ORIENTED_EDGE('',*,*,#2219,.F.);
#2961 = ORIENTED_EDGE('',*,*,#2962,.T.);
#2962 = EDGE_CURVE('',#2220,#2963,#2965,.T.);
#2963 = VERTEX_POINT('',#2964);
#2964 = CARTESIAN_POINT('',(2.3,-0.15,3.E-02));
#2965 = LINE('',#2966,#2967);
#2966 = CARTESIAN_POINT('',(-9.25E-02,-0.15,3.E-02));
#2967 = VECTOR('',#2968,1.);
#2968 = DIRECTION('',(-1.,-2.334869823773E-16,0.));
#2969 = ORIENTED_EDGE('',*,*,#2970,.T.);
#2970 = EDGE_CURVE('',#2963,#2971,#2973,.T.);
#2971 = VERTEX_POINT('',#2972);
#2972 = CARTESIAN_POINT('',(2.3,0.15,3.E-02));
#2973 = LINE('',#2974,#2975);
#2974 = CARTESIAN_POINT('',(2.3,1.3175,3.E-02));
#2975 = VECTOR('',#2976,1.);
#2976 = DIRECTION('',(-2.334869823773E-16,1.,0.));
#2977 = ORIENTED_EDGE('',*,*,#2978,.T.);
#2978 = EDGE_CURVE('',#2971,#2244,#2979,.T.);
#2979 = LINE('',#2980,#2981);
#2980 = CARTESIAN_POINT('',(7.5E-03,0.15,3.E-02));
#2981 = VECTOR('',#2982,1.);
#2982 = DIRECTION('',(1.,2.334869823773E-16,0.));
#2983 = ORIENTED_EDGE('',*,*,#2251,.F.);
#2984 = ORIENTED_EDGE('',*,*,#2985,.T.);
#2985 = EDGE_CURVE('',#2252,#2986,#2988,.T.);
#2986 = VERTEX_POINT('',#2987);
#2987 = CARTESIAN_POINT('',(2.3,0.5,3.E-02));
#2988 = LINE('',#2989,#2990);
#2989 = CARTESIAN_POINT('',(-9.25E-02,0.5,3.E-02));
#2990 = VECTOR('',#2991,1.);
#2991 = DIRECTION('',(-1.,-2.334869823773E-16,0.));
#2992 = ORIENTED_EDGE('',*,*,#2993,.T.);
#2993 = EDGE_CURVE('',#2986,#2994,#2996,.T.);
#2994 = VERTEX_POINT('',#2995);
#2995 = CARTESIAN_POINT('',(2.3,0.8,3.E-02));
#2996 = LINE('',#2997,#2998);
#2997 = CARTESIAN_POINT('',(2.3,1.6425,3.E-02));
#2998 = VECTOR('',#2999,1.);
#2999 = DIRECTION('',(-2.334869823773E-16,1.,0.));
#3000 = ORIENTED_EDGE('',*,*,#3001,.T.);
#3001 = EDGE_CURVE('',#2994,#2276,#3002,.T.);
#3002 = LINE('',#3003,#3004);
#3003 = CARTESIAN_POINT('',(7.5E-03,0.8,3.E-02));
#3004 = VECTOR('',#3005,1.);
#3005 = DIRECTION('',(1.,2.334869823773E-16,0.));
#3006 = ORIENTED_EDGE('',*,*,#2283,.F.);
#3007 = ORIENTED_EDGE('',*,*,#3008,.T.);
#3008 = EDGE_CURVE('',#2284,#3009,#3011,.T.);
#3009 = VERTEX_POINT('',#3010);
#3010 = CARTESIAN_POINT('',(2.3,1.15,3.E-02));
#3011 = LINE('',#3012,#3013);
#3012 = CARTESIAN_POINT('',(-9.25E-02,1.15,3.E-02));
#3013 = VECTOR('',#3014,1.);
#3014 = DIRECTION('',(-1.,-2.334869823773E-16,0.));
#3015 = ORIENTED_EDGE('',*,*,#3016,.T.);
#3016 = EDGE_CURVE('',#3009,#3017,#3019,.T.);
#3017 = VERTEX_POINT('',#3018);
#3018 = CARTESIAN_POINT('',(2.3,1.45,3.E-02));
#3019 = LINE('',#3020,#3021);
#3020 = CARTESIAN_POINT('',(2.3,1.9675,3.E-02));
#3021 = VECTOR('',#3022,1.);
#3022 = DIRECTION('',(-2.334869823773E-16,1.,0.));
#3023 = ORIENTED_EDGE('',*,*,#3024,.T.);
#3024 = EDGE_CURVE('',#3017,#2138,#3025,.T.);
#3025 = LINE('',#3026,#3027);
#3026 = CARTESIAN_POINT('',(7.5E-03,1.45,3.E-02));
#3027 = VECTOR('',#3028,1.);
#3028 = DIRECTION('',(1.,2.334869823773E-16,0.));
#3029 = ORIENTED_EDGE('',*,*,#2137,.F.);
#3030 = ORIENTED_EDGE('',*,*,#2115,.F.);
#3031 = ORIENTED_EDGE('',*,*,#3032,.T.);
#3032 = EDGE_CURVE('',#2108,#3033,#3035,.T.);
#3033 = VERTEX_POINT('',#3034);
#3034 = CARTESIAN_POINT('',(1.45,2.3,3.E-02));
#3035 = LINE('',#3036,#3037);
#3036 = CARTESIAN_POINT('',(1.45,2.3925,3.E-02));
#3037 = VECTOR('',#3038,1.);
#3038 = DIRECTION('',(1.224646799147E-16,-1.,0.));
#3039 = ORIENTED_EDGE('',*,*,#3040,.T.);
#3040 = EDGE_CURVE('',#3033,#3041,#3043,.T.);
#3041 = VERTEX_POINT('',#3042);
#3042 = CARTESIAN_POINT('',(1.15,2.3,3.E-02));
#3043 = LINE('',#3044,#3045);
#3044 = CARTESIAN_POINT('',(-0.6675,2.3,3.E-02));
#3045 = VECTOR('',#3046,1.);
#3046 = DIRECTION('',(-1.,-1.224646799147E-16,0.));
#3047 = ORIENTED_EDGE('',*,*,#3048,.T.);
#3048 = EDGE_CURVE('',#3041,#2084,#3049,.T.);
#3049 = LINE('',#3050,#3051);
#3050 = CARTESIAN_POINT('',(1.15,2.4925,3.E-02));
#3051 = VECTOR('',#3052,1.);
#3052 = DIRECTION('',(-1.224646799147E-16,1.,0.));
#3053 = ORIENTED_EDGE('',*,*,#2083,.F.);
#3054 = ORIENTED_EDGE('',*,*,#3055,.T.);
#3055 = EDGE_CURVE('',#2076,#3056,#3058,.T.);
#3056 = VERTEX_POINT('',#3057);
#3057 = CARTESIAN_POINT('',(0.8,2.3,3.E-02));
#3058 = LINE('',#3059,#3060);
#3059 = CARTESIAN_POINT('',(0.8,2.3925,3.E-02));
#3060 = VECTOR('',#3061,1.);
#3061 = DIRECTION('',(1.224646799147E-16,-1.,0.));
#3062 = ORIENTED_EDGE('',*,*,#3063,.T.);
#3063 = EDGE_CURVE('',#3056,#3064,#3066,.T.);
#3064 = VERTEX_POINT('',#3065);
#3065 = CARTESIAN_POINT('',(0.5,2.3,3.E-02));
#3066 = LINE('',#3067,#3068);
#3067 = CARTESIAN_POINT('',(-0.9925,2.3,3.E-02));
#3068 = VECTOR('',#3069,1.);
#3069 = DIRECTION('',(-1.,-1.224646799147E-16,0.));
#3070 = ORIENTED_EDGE('',*,*,#3071,.T.);
#3071 = EDGE_CURVE('',#3064,#2052,#3072,.T.);
#3072 = LINE('',#3073,#3074);
#3073 = CARTESIAN_POINT('',(0.5,2.4925,3.E-02));
#3074 = VECTOR('',#3075,1.);
#3075 = DIRECTION('',(-1.224646799147E-16,1.,0.));
#3076 = ORIENTED_EDGE('',*,*,#2051,.F.);
#3077 = ORIENTED_EDGE('',*,*,#3078,.T.);
#3078 = EDGE_CURVE('',#2044,#3079,#3081,.T.);
#3079 = VERTEX_POINT('',#3080);
#3080 = CARTESIAN_POINT('',(0.15,2.3,3.E-02));
#3081 = LINE('',#3082,#3083);
#3082 = CARTESIAN_POINT('',(0.15,2.3925,3.E-02));
#3083 = VECTOR('',#3084,1.);
#3084 = DIRECTION('',(1.224646799147E-16,-1.,0.));
#3085 = ORIENTED_EDGE('',*,*,#3086,.T.);
#3086 = EDGE_CURVE('',#3079,#3087,#3089,.T.);
#3087 = VERTEX_POINT('',#3088);
#3088 = CARTESIAN_POINT('',(-0.15,2.3,3.E-02));
#3089 = LINE('',#3090,#3091);
#3090 = CARTESIAN_POINT('',(-1.3175,2.3,3.E-02));
#3091 = VECTOR('',#3092,1.);
#3092 = DIRECTION('',(-1.,-1.224646799147E-16,0.));
#3093 = ORIENTED_EDGE('',*,*,#3094,.T.);
#3094 = EDGE_CURVE('',#3087,#2020,#3095,.T.);
#3095 = LINE('',#3096,#3097);
#3096 = CARTESIAN_POINT('',(-0.15,2.4925,3.E-02));
#3097 = VECTOR('',#3098,1.);
#3098 = DIRECTION('',(-1.224646799147E-16,1.,0.));
#3099 = ORIENTED_EDGE('',*,*,#2019,.F.);
#3100 = ORIENTED_EDGE('',*,*,#3101,.T.);
#3101 = EDGE_CURVE('',#2012,#3102,#3104,.T.);
#3102 = VERTEX_POINT('',#3103);
#3103 = CARTESIAN_POINT('',(-0.5,2.3,3.E-02));
#3104 = LINE('',#3105,#3106);
#3105 = CARTESIAN_POINT('',(-0.5,2.3925,3.E-02));
#3106 = VECTOR('',#3107,1.);
#3107 = DIRECTION('',(1.224646799147E-16,-1.,0.));
#3108 = ORIENTED_EDGE('',*,*,#3109,.T.);
#3109 = EDGE_CURVE('',#3102,#3110,#3112,.T.);
#3110 = VERTEX_POINT('',#3111);
#3111 = CARTESIAN_POINT('',(-0.8,2.3,3.E-02));
#3112 = LINE('',#3113,#3114);
#3113 = CARTESIAN_POINT('',(-1.6425,2.3,3.E-02));
#3114 = VECTOR('',#3115,1.);
#3115 = DIRECTION('',(-1.,-1.224646799147E-16,0.));
#3116 = ORIENTED_EDGE('',*,*,#3117,.T.);
#3117 = EDGE_CURVE('',#3110,#1988,#3118,.T.);
#3118 = LINE('',#3119,#3120);
#3119 = CARTESIAN_POINT('',(-0.8,2.4925,3.E-02));
#3120 = VECTOR('',#3121,1.);
#3121 = DIRECTION('',(-1.224646799147E-16,1.,0.));
#3122 = ORIENTED_EDGE('',*,*,#1987,.F.);
#3123 = ORIENTED_EDGE('',*,*,#3124,.T.);
#3124 = EDGE_CURVE('',#1980,#3125,#3127,.T.);
#3125 = VERTEX_POINT('',#3126);
#3126 = CARTESIAN_POINT('',(-1.15,2.3,3.E-02));
#3127 = LINE('',#3128,#3129);
#3128 = CARTESIAN_POINT('',(-1.15,2.3925,3.E-02));
#3129 = VECTOR('',#3130,1.);
#3130 = DIRECTION('',(1.224646799147E-16,-1.,0.));
#3131 = ORIENTED_EDGE('',*,*,#3132,.T.);
#3132 = EDGE_CURVE('',#3125,#3133,#3135,.T.);
#3133 = VERTEX_POINT('',#3134);
#3134 = CARTESIAN_POINT('',(-1.45,2.3,3.E-02));
#3135 = LINE('',#3136,#3137);
#3136 = CARTESIAN_POINT('',(-1.9675,2.3,3.E-02));
#3137 = VECTOR('',#3138,1.);
#3138 = DIRECTION('',(-1.,-1.224646799147E-16,0.));
#3139 = ORIENTED_EDGE('',*,*,#3140,.T.);
#3140 = EDGE_CURVE('',#3133,#1956,#3141,.T.);
#3141 = LINE('',#3142,#3143);
#3142 = CARTESIAN_POINT('',(-1.45,2.4925,3.E-02));
#3143 = VECTOR('',#3144,1.);
#3144 = DIRECTION('',(-1.224646799147E-16,1.,0.));
#3145 = FACE_BOUND('',#3146,.F.);
#3146 = EDGE_LOOP('',(#3147,#3157,#3165,#3173,#3181));
#3147 = ORIENTED_EDGE('',*,*,#3148,.T.);
#3148 = EDGE_CURVE('',#3149,#3151,#3153,.T.);
#3149 = VERTEX_POINT('',#3150);
#3150 = CARTESIAN_POINT('',(1.575,-1.575,3.E-02));
#3151 = VERTEX_POINT('',#3152);
#3152 = CARTESIAN_POINT('',(-1.575,-1.575,3.E-02));
#3153 = LINE('',#3154,#3155);
#3154 = CARTESIAN_POINT('',(-2.03,-1.575,3.E-02));
#3155 = VECTOR('',#3156,1.);
#3156 = DIRECTION('',(-1.,-1.110223024625E-16,0.));
#3157 = ORIENTED_EDGE('',*,*,#3158,.T.);
#3158 = EDGE_CURVE('',#3151,#3159,#3161,.T.);
#3159 = VERTEX_POINT('',#3160);
#3160 = CARTESIAN_POINT('',(-1.575,1.325,3.E-02));
#3161 = LINE('',#3162,#3163);
#3162 = CARTESIAN_POINT('',(-1.575,1.905,3.E-02));
#3163 = VECTOR('',#3164,1.);
#3164 = DIRECTION('',(-1.110223024625E-16,1.,0.));
#3165 = ORIENTED_EDGE('',*,*,#3166,.T.);
#3166 = EDGE_CURVE('',#3159,#3167,#3169,.T.);
#3167 = VERTEX_POINT('',#3168);
#3168 = CARTESIAN_POINT('',(-1.325,1.575,3.E-02));
#3169 = LINE('',#3170,#3171);
#3170 = CARTESIAN_POINT('',(-1.3875,1.5125,3.E-02));
#3171 = VECTOR('',#3172,1.);
#3172 = DIRECTION('',(0.707106781187,0.707106781187,0.));
#3173 = ORIENTED_EDGE('',*,*,#3174,.T.);
#3174 = EDGE_CURVE('',#3167,#3175,#3177,.T.);
#3175 = VERTEX_POINT('',#3176);
#3176 = CARTESIAN_POINT('',(1.575,1.575,3.E-02));
#3177 = LINE('',#3178,#3179);
#3178 = CARTESIAN_POINT('',(-0.455,1.575,3.E-02));
#3179 = VECTOR('',#3180,1.);
#3180 = DIRECTION('',(1.,1.110223024625E-16,0.));
#3181 = ORIENTED_EDGE('',*,*,#3182,.T.);
#3182 = EDGE_CURVE('',#3175,#3149,#3183,.T.);
#3183 = LINE('',#3184,#3185);
#3184 = CARTESIAN_POINT('',(1.575,0.455,3.E-02));
#3185 = VECTOR('',#3186,1.);
#3186 = DIRECTION('',(1.110223024625E-16,-1.,0.));
#3187 = PLANE('',#3188);
#3188 = AXIS2_PLACEMENT_3D('',#3189,#3190,#3191);
#3189 = CARTESIAN_POINT('',(-2.485,2.485,3.E-02));
#3190 = DIRECTION('',(0.,0.,1.));
#3191 = DIRECTION('',(1.110223024625E-16,-1.,0.));
#3192 = ADVANCED_FACE('',(#3193),#3227,.F.);
#3193 = FACE_BOUND('',#3194,.F.);
#3194 = EDGE_LOOP('',(#3195,#3205,#3211,#3212,#3213,#3221));
#3195 = ORIENTED_EDGE('',*,*,#3196,.F.);
#3196 = EDGE_CURVE('',#3197,#3199,#3201,.T.);
#3197 = VERTEX_POINT('',#3198);
#3198 = CARTESIAN_POINT('',(1.45,2.3,0.));
#3199 = VERTEX_POINT('',#3200);
#3200 = CARTESIAN_POINT('',(1.45,2.5,0.));
#3201 = LINE('',#3202,#3203);
#3202 = CARTESIAN_POINT('',(1.45,2.3,0.));
#3203 = VECTOR('',#3204,1.);
#3204 = DIRECTION('',(-1.224646799147E-16,1.,0.));
#3205 = ORIENTED_EDGE('',*,*,#3206,.T.);
#3206 = EDGE_CURVE('',#3197,#3033,#3207,.T.);
#3207 = LINE('',#3208,#3209);
#3208 = CARTESIAN_POINT('',(1.45,2.3,0.));
#3209 = VECTOR('',#3210,1.);
#3210 = DIRECTION('',(0.,0.,1.));
#3211 = ORIENTED_EDGE('',*,*,#3032,.F.);
#3212 = ORIENTED_EDGE('',*,*,#2107,.F.);
#3213 = ORIENTED_EDGE('',*,*,#3214,.T.);
#3214 = EDGE_CURVE('',#2100,#3215,#3217,.T.);
#3215 = VERTEX_POINT('',#3216);
#3216 = CARTESIAN_POINT('',(1.45,2.5,0.1));
#3217 = LINE('',#3218,#3219);
#3218 = CARTESIAN_POINT('',(1.45,2.3,0.1));
#3219 = VECTOR('',#3220,1.);
#3220 = DIRECTION('',(-1.224646799147E-16,1.,0.));
#3221 = ORIENTED_EDGE('',*,*,#3222,.F.);
#3222 = EDGE_CURVE('',#3199,#3215,#3223,.T.);
#3223 = LINE('',#3224,#3225);
#3224 = CARTESIAN_POINT('',(1.45,2.5,0.));
#3225 = VECTOR('',#3226,1.);
#3226 = DIRECTION('',(0.,0.,1.));
#3227 = PLANE('',#3228);
#3228 = AXIS2_PLACEMENT_3D('',#3229,#3230,#3231);
#3229 = CARTESIAN_POINT('',(1.45,2.3,0.));
#3230 = DIRECTION('',(-1.,-1.224646799147E-16,0.));
#3231 = DIRECTION('',(-1.224646799147E-16,1.,0.));
#3232 = ADVANCED_FACE('',(#3233),#3251,.T.);
#3233 = FACE_BOUND('',#3234,.T.);
#3234 = EDGE_LOOP('',(#3235,#3243,#3249,#3250));
#3235 = ORIENTED_EDGE('',*,*,#3236,.T.);
#3236 = EDGE_CURVE('',#3215,#3237,#3239,.T.);
#3237 = VERTEX_POINT('',#3238);
#3238 = CARTESIAN_POINT('',(1.15,2.5,0.1));
#3239 = LINE('',#3240,#3241);
#3240 = CARTESIAN_POINT('',(1.45,2.5,0.1));
#3241 = VECTOR('',#3242,1.);
#3242 = DIRECTION('',(-1.,-1.224646799147E-16,0.));
#3243 = ORIENTED_EDGE('',*,*,#3244,.T.);
#3244 = EDGE_CURVE('',#3237,#2092,#3245,.T.);
#3245 = LINE('',#3246,#3247);
#3246 = CARTESIAN_POINT('',(1.15,2.5,0.1));
#3247 = VECTOR('',#3248,1.);
#3248 = DIRECTION('',(1.224646799147E-16,-1.,0.));
#3249 = ORIENTED_EDGE('',*,*,#2099,.F.);
#3250 = ORIENTED_EDGE('',*,*,#3214,.T.);
#3251 = PLANE('',#3252);
#3252 = AXIS2_PLACEMENT_3D('',#3253,#3254,#3255);
#3253 = CARTESIAN_POINT('',(1.3,2.4,0.1));
#3254 = DIRECTION('',(0.,0.,1.));
#3255 = DIRECTION('',(-1.,-1.224646799147E-16,0.));
#3256 = ADVANCED_FACE('',(#3257),#3284,.F.);
#3257 = FACE_BOUND('',#3258,.F.);
#3258 = EDGE_LOOP('',(#3259,#3269,#3275,#3276,#3277,#3278));
#3259 = ORIENTED_EDGE('',*,*,#3260,.F.);
#3260 = EDGE_CURVE('',#3261,#3263,#3265,.T.);
#3261 = VERTEX_POINT('',#3262);
#3262 = CARTESIAN_POINT('',(1.15,2.5,0.));
#3263 = VERTEX_POINT('',#3264);
#3264 = CARTESIAN_POINT('',(1.15,2.3,0.));
#3265 = LINE('',#3266,#3267);
#3266 = CARTESIAN_POINT('',(1.15,2.5,0.));
#3267 = VECTOR('',#3268,1.);
#3268 = DIRECTION('',(1.224646799147E-16,-1.,0.));
#3269 = ORIENTED_EDGE('',*,*,#3270,.T.);
#3270 = EDGE_CURVE('',#3261,#3237,#3271,.T.);
#3271 = LINE('',#3272,#3273);
#3272 = CARTESIAN_POINT('',(1.15,2.5,0.));
#3273 = VECTOR('',#3274,1.);
#3274 = DIRECTION('',(0.,0.,1.));
#3275 = ORIENTED_EDGE('',*,*,#3244,.T.);
#3276 = ORIENTED_EDGE('',*,*,#2091,.F.);
#3277 = ORIENTED_EDGE('',*,*,#3048,.F.);
#3278 = ORIENTED_EDGE('',*,*,#3279,.F.);
#3279 = EDGE_CURVE('',#3263,#3041,#3280,.T.);
#3280 = LINE('',#3281,#3282);
#3281 = CARTESIAN_POINT('',(1.15,2.3,0.));
#3282 = VECTOR('',#3283,1.);
#3283 = DIRECTION('',(0.,0.,1.));
#3284 = PLANE('',#3285);
#3285 = AXIS2_PLACEMENT_3D('',#3286,#3287,#3288);
#3286 = CARTESIAN_POINT('',(1.15,2.5,0.));
#3287 = DIRECTION('',(1.,1.224646799147E-16,0.));
#3288 = DIRECTION('',(1.224646799147E-16,-1.,0.));
#3289 = ADVANCED_FACE('',(#3290),#3324,.F.);
#3290 = FACE_BOUND('',#3291,.F.);
#3291 = EDGE_LOOP('',(#3292,#3302,#3308,#3309,#3310,#3318));
#3292 = ORIENTED_EDGE('',*,*,#3293,.F.);
#3293 = EDGE_CURVE('',#3294,#3296,#3298,.T.);
#3294 = VERTEX_POINT('',#3295);
#3295 = CARTESIAN_POINT('',(0.8,2.3,0.));
#3296 = VERTEX_POINT('',#3297);
#3297 = CARTESIAN_POINT('',(0.8,2.5,0.));
#3298 = LINE('',#3299,#3300);
#3299 = CARTESIAN_POINT('',(0.8,2.3,0.));
#3300 = VECTOR('',#3301,1.);
#3301 = DIRECTION('',(-1.224646799147E-16,1.,0.));
#3302 = ORIENTED_EDGE('',*,*,#3303,.T.);
#3303 = EDGE_CURVE('',#3294,#3056,#3304,.T.);
#3304 = LINE('',#3305,#3306);
#3305 = CARTESIAN_POINT('',(0.8,2.3,0.));
#3306 = VECTOR('',#3307,1.);
#3307 = DIRECTION('',(0.,0.,1.));
#3308 = ORIENTED_EDGE('',*,*,#3055,.F.);
#3309 = ORIENTED_EDGE('',*,*,#2075,.F.);
#3310 = ORIENTED_EDGE('',*,*,#3311,.T.);
#3311 = EDGE_CURVE('',#2068,#3312,#3314,.T.);
#3312 = VERTEX_POINT('',#3313);
#3313 = CARTESIAN_POINT('',(0.8,2.5,0.1));
#3314 = LINE('',#3315,#3316);
#3315 = CARTESIAN_POINT('',(0.8,2.3,0.1));
#3316 = VECTOR('',#3317,1.);
#3317 = DIRECTION('',(-1.224646799147E-16,1.,0.));
#3318 = ORIENTED_EDGE('',*,*,#3319,.F.);
#3319 = EDGE_CURVE('',#3296,#3312,#3320,.T.);
#3320 = LINE('',#3321,#3322);
#3321 = CARTESIAN_POINT('',(0.8,2.5,0.));
#3322 = VECTOR('',#3323,1.);
#3323 = DIRECTION('',(0.,0.,1.));
#3324 = PLANE('',#3325);
#3325 = AXIS2_PLACEMENT_3D('',#3326,#3327,#3328);
#3326 = CARTESIAN_POINT('',(0.8,2.3,0.));
#3327 = DIRECTION('',(-1.,-1.224646799147E-16,0.));
#3328 = DIRECTION('',(-1.224646799147E-16,1.,0.));
#3329 = ADVANCED_FACE('',(#3330),#3348,.T.);
#3330 = FACE_BOUND('',#3331,.T.);
#3331 = EDGE_LOOP('',(#3332,#3340,#3346,#3347));
#3332 = ORIENTED_EDGE('',*,*,#3333,.T.);
#3333 = EDGE_CURVE('',#3312,#3334,#3336,.T.);
#3334 = VERTEX_POINT('',#3335);
#3335 = CARTESIAN_POINT('',(0.5,2.5,0.1));
#3336 = LINE('',#3337,#3338);
#3337 = CARTESIAN_POINT('',(0.8,2.5,0.1));
#3338 = VECTOR('',#3339,1.);
#3339 = DIRECTION('',(-1.,-1.224646799147E-16,0.));
#3340 = ORIENTED_EDGE('',*,*,#3341,.T.);
#3341 = EDGE_CURVE('',#3334,#2060,#3342,.T.);
#3342 = LINE('',#3343,#3344);
#3343 = CARTESIAN_POINT('',(0.5,2.5,0.1));
#3344 = VECTOR('',#3345,1.);
#3345 = DIRECTION('',(1.224646799147E-16,-1.,0.));
#3346 = ORIENTED_EDGE('',*,*,#2067,.F.);
#3347 = ORIENTED_EDGE('',*,*,#3311,.T.);
#3348 = PLANE('',#3349);
#3349 = AXIS2_PLACEMENT_3D('',#3350,#3351,#3352);
#3350 = CARTESIAN_POINT('',(0.65,2.4,0.1));
#3351 = DIRECTION('',(0.,0.,1.));
#3352 = DIRECTION('',(-1.,-1.224646799147E-16,0.));
#3353 = ADVANCED_FACE('',(#3354),#3381,.F.);
#3354 = FACE_BOUND('',#3355,.F.);
#3355 = EDGE_LOOP('',(#3356,#3366,#3372,#3373,#3374,#3375));
#3356 = ORIENTED_EDGE('',*,*,#3357,.F.);
#3357 = EDGE_CURVE('',#3358,#3360,#3362,.T.);
#3358 = VERTEX_POINT('',#3359);
#3359 = CARTESIAN_POINT('',(0.5,2.5,0.));
#3360 = VERTEX_POINT('',#3361);
#3361 = CARTESIAN_POINT('',(0.5,2.3,0.));
#3362 = LINE('',#3363,#3364);
#3363 = CARTESIAN_POINT('',(0.5,2.5,0.));
#3364 = VECTOR('',#3365,1.);
#3365 = DIRECTION('',(1.224646799147E-16,-1.,0.));
#3366 = ORIENTED_EDGE('',*,*,#3367,.T.);
#3367 = EDGE_CURVE('',#3358,#3334,#3368,.T.);
#3368 = LINE('',#3369,#3370);
#3369 = CARTESIAN_POINT('',(0.5,2.5,0.));
#3370 = VECTOR('',#3371,1.);
#3371 = DIRECTION('',(0.,0.,1.));
#3372 = ORIENTED_EDGE('',*,*,#3341,.T.);
#3373 = ORIENTED_EDGE('',*,*,#2059,.F.);
#3374 = ORIENTED_EDGE('',*,*,#3071,.F.);
#3375 = ORIENTED_EDGE('',*,*,#3376,.F.);
#3376 = EDGE_CURVE('',#3360,#3064,#3377,.T.);
#3377 = LINE('',#3378,#3379);
#3378 = CARTESIAN_POINT('',(0.5,2.3,0.));
#3379 = VECTOR('',#3380,1.);
#3380 = DIRECTION('',(0.,0.,1.));
#3381 = PLANE('',#3382);
#3382 = AXIS2_PLACEMENT_3D('',#3383,#3384,#3385);
#3383 = CARTESIAN_POINT('',(0.5,2.5,0.));
#3384 = DIRECTION('',(1.,1.224646799147E-16,0.));
#3385 = DIRECTION('',(1.224646799147E-16,-1.,0.));
#3386 = ADVANCED_FACE('',(#3387),#3421,.F.);
#3387 = FACE_BOUND('',#3388,.F.);
#3388 = EDGE_LOOP('',(#3389,#3399,#3405,#3406,#3407,#3415));
#3389 = ORIENTED_EDGE('',*,*,#3390,.F.);
#3390 = EDGE_CURVE('',#3391,#3393,#3395,.T.);
#3391 = VERTEX_POINT('',#3392);
#3392 = CARTESIAN_POINT('',(0.15,2.3,0.));
#3393 = VERTEX_POINT('',#3394);
#3394 = CARTESIAN_POINT('',(0.15,2.5,0.));
#3395 = LINE('',#3396,#3397);
#3396 = CARTESIAN_POINT('',(0.15,2.3,0.));
#3397 = VECTOR('',#3398,1.);
#3398 = DIRECTION('',(-1.224646799147E-16,1.,0.));
#3399 = ORIENTED_EDGE('',*,*,#3400,.T.);
#3400 = EDGE_CURVE('',#3391,#3079,#3401,.T.);
#3401 = LINE('',#3402,#3403);
#3402 = CARTESIAN_POINT('',(0.15,2.3,0.));
#3403 = VECTOR('',#3404,1.);
#3404 = DIRECTION('',(0.,0.,1.));
#3405 = ORIENTED_EDGE('',*,*,#3078,.F.);
#3406 = ORIENTED_EDGE('',*,*,#2043,.F.);
#3407 = ORIENTED_EDGE('',*,*,#3408,.T.);
#3408 = EDGE_CURVE('',#2036,#3409,#3411,.T.);
#3409 = VERTEX_POINT('',#3410);
#3410 = CARTESIAN_POINT('',(0.15,2.5,0.1));
#3411 = LINE('',#3412,#3413);
#3412 = CARTESIAN_POINT('',(0.15,2.3,0.1));
#3413 = VECTOR('',#3414,1.);
#3414 = DIRECTION('',(-1.224646799147E-16,1.,0.));
#3415 = ORIENTED_EDGE('',*,*,#3416,.F.);
#3416 = EDGE_CURVE('',#3393,#3409,#3417,.T.);
#3417 = LINE('',#3418,#3419);
#3418 = CARTESIAN_POINT('',(0.15,2.5,0.));
#3419 = VECTOR('',#3420,1.);
#3420 = DIRECTION('',(0.,0.,1.));
#3421 = PLANE('',#3422);
#3422 = AXIS2_PLACEMENT_3D('',#3423,#3424,#3425);
#3423 = CARTESIAN_POINT('',(0.15,2.3,0.));
#3424 = DIRECTION('',(-1.,-1.224646799147E-16,0.));
#3425 = DIRECTION('',(-1.224646799147E-16,1.,0.));
#3426 = ADVANCED_FACE('',(#3427),#3445,.T.);
#3427 = FACE_BOUND('',#3428,.T.);
#3428 = EDGE_LOOP('',(#3429,#3437,#3443,#3444));
#3429 = ORIENTED_EDGE('',*,*,#3430,.T.);
#3430 = EDGE_CURVE('',#3409,#3431,#3433,.T.);
#3431 = VERTEX_POINT('',#3432);
#3432 = CARTESIAN_POINT('',(-0.15,2.5,0.1));
#3433 = LINE('',#3434,#3435);
#3434 = CARTESIAN_POINT('',(0.15,2.5,0.1));
#3435 = VECTOR('',#3436,1.);
#3436 = DIRECTION('',(-1.,-1.224646799147E-16,0.));
#3437 = ORIENTED_EDGE('',*,*,#3438,.T.);
#3438 = EDGE_CURVE('',#3431,#2028,#3439,.T.);
#3439 = LINE('',#3440,#3441);
#3440 = CARTESIAN_POINT('',(-0.15,2.5,0.1));
#3441 = VECTOR('',#3442,1.);
#3442 = DIRECTION('',(1.224646799147E-16,-1.,0.));
#3443 = ORIENTED_EDGE('',*,*,#2035,.F.);
#3444 = ORIENTED_EDGE('',*,*,#3408,.T.);
#3445 = PLANE('',#3446);
#3446 = AXIS2_PLACEMENT_3D('',#3447,#3448,#3449);
#3447 = CARTESIAN_POINT('',(-2.939152317954E-16,2.4,0.1));
#3448 = DIRECTION('',(0.,0.,1.));
#3449 = DIRECTION('',(-1.,-1.224646799147E-16,0.));
#3450 = ADVANCED_FACE('',(#3451),#3478,.F.);
#3451 = FACE_BOUND('',#3452,.F.);
#3452 = EDGE_LOOP('',(#3453,#3463,#3469,#3470,#3471,#3472));
#3453 = ORIENTED_EDGE('',*,*,#3454,.F.);
#3454 = EDGE_CURVE('',#3455,#3457,#3459,.T.);
#3455 = VERTEX_POINT('',#3456);
#3456 = CARTESIAN_POINT('',(-0.15,2.5,0.));
#3457 = VERTEX_POINT('',#3458);
#3458 = CARTESIAN_POINT('',(-0.15,2.3,0.));
#3459 = LINE('',#3460,#3461);
#3460 = CARTESIAN_POINT('',(-0.15,2.5,0.));
#3461 = VECTOR('',#3462,1.);
#3462 = DIRECTION('',(1.224646799147E-16,-1.,0.));
#3463 = ORIENTED_EDGE('',*,*,#3464,.T.);
#3464 = EDGE_CURVE('',#3455,#3431,#3465,.T.);
#3465 = LINE('',#3466,#3467);
#3466 = CARTESIAN_POINT('',(-0.15,2.5,0.));
#3467 = VECTOR('',#3468,1.);
#3468 = DIRECTION('',(0.,0.,1.));
#3469 = ORIENTED_EDGE('',*,*,#3438,.T.);
#3470 = ORIENTED_EDGE('',*,*,#2027,.F.);
#3471 = ORIENTED_EDGE('',*,*,#3094,.F.);
#3472 = ORIENTED_EDGE('',*,*,#3473,.F.);
#3473 = EDGE_CURVE('',#3457,#3087,#3474,.T.);
#3474 = LINE('',#3475,#3476);
#3475 = CARTESIAN_POINT('',(-0.15,2.3,0.));
#3476 = VECTOR('',#3477,1.);
#3477 = DIRECTION('',(0.,0.,1.));
#3478 = PLANE('',#3479);
#3479 = AXIS2_PLACEMENT_3D('',#3480,#3481,#3482);
#3480 = CARTESIAN_POINT('',(-0.15,2.5,0.));
#3481 = DIRECTION('',(1.,1.224646799147E-16,0.));
#3482 = DIRECTION('',(1.224646799147E-16,-1.,0.));
#3483 = ADVANCED_FACE('',(#3484),#3518,.F.);
#3484 = FACE_BOUND('',#3485,.F.);
#3485 = EDGE_LOOP('',(#3486,#3496,#3502,#3503,#3504,#3512));
#3486 = ORIENTED_EDGE('',*,*,#3487,.F.);
#3487 = EDGE_CURVE('',#3488,#3490,#3492,.T.);
#3488 = VERTEX_POINT('',#3489);
#3489 = CARTESIAN_POINT('',(-0.5,2.3,0.));
#3490 = VERTEX_POINT('',#3491);
#3491 = CARTESIAN_POINT('',(-0.5,2.5,0.));
#3492 = LINE('',#3493,#3494);
#3493 = CARTESIAN_POINT('',(-0.5,2.3,0.));
#3494 = VECTOR('',#3495,1.);
#3495 = DIRECTION('',(-1.224646799147E-16,1.,0.));
#3496 = ORIENTED_EDGE('',*,*,#3497,.T.);
#3497 = EDGE_CURVE('',#3488,#3102,#3498,.T.);
#3498 = LINE('',#3499,#3500);
#3499 = CARTESIAN_POINT('',(-0.5,2.3,0.));
#3500 = VECTOR('',#3501,1.);
#3501 = DIRECTION('',(0.,0.,1.));
#3502 = ORIENTED_EDGE('',*,*,#3101,.F.);
#3503 = ORIENTED_EDGE('',*,*,#2011,.F.);
#3504 = ORIENTED_EDGE('',*,*,#3505,.T.);
#3505 = EDGE_CURVE('',#2004,#3506,#3508,.T.);
#3506 = VERTEX_POINT('',#3507);
#3507 = CARTESIAN_POINT('',(-0.5,2.5,0.1));
#3508 = LINE('',#3509,#3510);
#3509 = CARTESIAN_POINT('',(-0.5,2.3,0.1));
#3510 = VECTOR('',#3511,1.);
#3511 = DIRECTION('',(-1.224646799147E-16,1.,0.));
#3512 = ORIENTED_EDGE('',*,*,#3513,.F.);
#3513 = EDGE_CURVE('',#3490,#3506,#3514,.T.);
#3514 = LINE('',#3515,#3516);
#3515 = CARTESIAN_POINT('',(-0.5,2.5,0.));
#3516 = VECTOR('',#3517,1.);
#3517 = DIRECTION('',(0.,0.,1.));
#3518 = PLANE('',#3519);
#3519 = AXIS2_PLACEMENT_3D('',#3520,#3521,#3522);
#3520 = CARTESIAN_POINT('',(-0.5,2.3,0.));
#3521 = DIRECTION('',(-1.,-1.224646799147E-16,0.));
#3522 = DIRECTION('',(-1.224646799147E-16,1.,0.));
#3523 = ADVANCED_FACE('',(#3524),#3542,.T.);
#3524 = FACE_BOUND('',#3525,.T.);
#3525 = EDGE_LOOP('',(#3526,#3534,#3540,#3541));
#3526 = ORIENTED_EDGE('',*,*,#3527,.T.);
#3527 = EDGE_CURVE('',#3506,#3528,#3530,.T.);
#3528 = VERTEX_POINT('',#3529);
#3529 = CARTESIAN_POINT('',(-0.8,2.5,0.1));
#3530 = LINE('',#3531,#3532);
#3531 = CARTESIAN_POINT('',(-0.5,2.5,0.1));
#3532 = VECTOR('',#3533,1.);
#3533 = DIRECTION('',(-1.,-1.224646799147E-16,0.));
#3534 = ORIENTED_EDGE('',*,*,#3535,.T.);
#3535 = EDGE_CURVE('',#3528,#1996,#3536,.T.);
#3536 = LINE('',#3537,#3538);
#3537 = CARTESIAN_POINT('',(-0.8,2.5,0.1));
#3538 = VECTOR('',#3539,1.);
#3539 = DIRECTION('',(1.224646799147E-16,-1.,0.));
#3540 = ORIENTED_EDGE('',*,*,#2003,.F.);
#3541 = ORIENTED_EDGE('',*,*,#3505,.T.);
#3542 = PLANE('',#3543);
#3543 = AXIS2_PLACEMENT_3D('',#3544,#3545,#3546);
#3544 = CARTESIAN_POINT('',(-0.65,2.4,0.1));
#3545 = DIRECTION('',(0.,0.,1.));
#3546 = DIRECTION('',(-1.,-1.224646799147E-16,0.));
#3547 = ADVANCED_FACE('',(#3548),#3575,.F.);
#3548 = FACE_BOUND('',#3549,.F.);
#3549 = EDGE_LOOP('',(#3550,#3560,#3566,#3567,#3568,#3569));
#3550 = ORIENTED_EDGE('',*,*,#3551,.F.);
#3551 = EDGE_CURVE('',#3552,#3554,#3556,.T.);
#3552 = VERTEX_POINT('',#3553);
#3553 = CARTESIAN_POINT('',(-0.8,2.5,0.));
#3554 = VERTEX_POINT('',#3555);
#3555 = CARTESIAN_POINT('',(-0.8,2.3,0.));
#3556 = LINE('',#3557,#3558);
#3557 = CARTESIAN_POINT('',(-0.8,2.5,0.));
#3558 = VECTOR('',#3559,1.);
#3559 = DIRECTION('',(1.224646799147E-16,-1.,0.));
#3560 = ORIENTED_EDGE('',*,*,#3561,.T.);
#3561 = EDGE_CURVE('',#3552,#3528,#3562,.T.);
#3562 = LINE('',#3563,#3564);
#3563 = CARTESIAN_POINT('',(-0.8,2.5,0.));
#3564 = VECTOR('',#3565,1.);
#3565 = DIRECTION('',(0.,0.,1.));
#3566 = ORIENTED_EDGE('',*,*,#3535,.T.);
#3567 = ORIENTED_EDGE('',*,*,#1995,.F.);
#3568 = ORIENTED_EDGE('',*,*,#3117,.F.);
#3569 = ORIENTED_EDGE('',*,*,#3570,.F.);
#3570 = EDGE_CURVE('',#3554,#3110,#3571,.T.);
#3571 = LINE('',#3572,#3573);
#3572 = CARTESIAN_POINT('',(-0.8,2.3,0.));
#3573 = VECTOR('',#3574,1.);
#3574 = DIRECTION('',(0.,0.,1.));
#3575 = PLANE('',#3576);
#3576 = AXIS2_PLACEMENT_3D('',#3577,#3578,#3579);
#3577 = CARTESIAN_POINT('',(-0.8,2.5,0.));
#3578 = DIRECTION('',(1.,1.224646799147E-16,0.));
#3579 = DIRECTION('',(1.224646799147E-16,-1.,0.));
#3580 = ADVANCED_FACE('',(#3581),#3615,.F.);
#3581 = FACE_BOUND('',#3582,.F.);
#3582 = EDGE_LOOP('',(#3583,#3593,#3599,#3600,#3601,#3609));
#3583 = ORIENTED_EDGE('',*,*,#3584,.F.);
#3584 = EDGE_CURVE('',#3585,#3587,#3589,.T.);
#3585 = VERTEX_POINT('',#3586);
#3586 = CARTESIAN_POINT('',(-1.15,2.3,0.));
#3587 = VERTEX_POINT('',#3588);
#3588 = CARTESIAN_POINT('',(-1.15,2.5,0.));
#3589 = LINE('',#3590,#3591);
#3590 = CARTESIAN_POINT('',(-1.15,2.3,0.));
#3591 = VECTOR('',#3592,1.);
#3592 = DIRECTION('',(-1.224646799147E-16,1.,0.));
#3593 = ORIENTED_EDGE('',*,*,#3594,.T.);
#3594 = EDGE_CURVE('',#3585,#3125,#3595,.T.);
#3595 = LINE('',#3596,#3597);
#3596 = CARTESIAN_POINT('',(-1.15,2.3,0.));
#3597 = VECTOR('',#3598,1.);
#3598 = DIRECTION('',(0.,0.,1.));
#3599 = ORIENTED_EDGE('',*,*,#3124,.F.);
#3600 = ORIENTED_EDGE('',*,*,#1979,.F.);
#3601 = ORIENTED_EDGE('',*,*,#3602,.T.);
#3602 = EDGE_CURVE('',#1972,#3603,#3605,.T.);
#3603 = VERTEX_POINT('',#3604);
#3604 = CARTESIAN_POINT('',(-1.15,2.5,0.1));
#3605 = LINE('',#3606,#3607);
#3606 = CARTESIAN_POINT('',(-1.15,2.3,0.1));
#3607 = VECTOR('',#3608,1.);
#3608 = DIRECTION('',(-1.224646799147E-16,1.,0.));
#3609 = ORIENTED_EDGE('',*,*,#3610,.F.);
#3610 = EDGE_CURVE('',#3587,#3603,#3611,.T.);
#3611 = LINE('',#3612,#3613);
#3612 = CARTESIAN_POINT('',(-1.15,2.5,0.));
#3613 = VECTOR('',#3614,1.);
#3614 = DIRECTION('',(0.,0.,1.));
#3615 = PLANE('',#3616);
#3616 = AXIS2_PLACEMENT_3D('',#3617,#3618,#3619);
#3617 = CARTESIAN_POINT('',(-1.15,2.3,0.));
#3618 = DIRECTION('',(-1.,-1.224646799147E-16,0.));
#3619 = DIRECTION('',(-1.224646799147E-16,1.,0.));
#3620 = ADVANCED_FACE('',(#3621),#3639,.T.);
#3621 = FACE_BOUND('',#3622,.T.);
#3622 = EDGE_LOOP('',(#3623,#3631,#3637,#3638));
#3623 = ORIENTED_EDGE('',*,*,#3624,.T.);
#3624 = EDGE_CURVE('',#3603,#3625,#3627,.T.);
#3625 = VERTEX_POINT('',#3626);
#3626 = CARTESIAN_POINT('',(-1.45,2.5,0.1));
#3627 = LINE('',#3628,#3629);
#3628 = CARTESIAN_POINT('',(-1.15,2.5,0.1));
#3629 = VECTOR('',#3630,1.);
#3630 = DIRECTION('',(-1.,-1.224646799147E-16,0.));
#3631 = ORIENTED_EDGE('',*,*,#3632,.T.);
#3632 = EDGE_CURVE('',#3625,#1964,#3633,.T.);
#3633 = LINE('',#3634,#3635);
#3634 = CARTESIAN_POINT('',(-1.45,2.5,0.1));
#3635 = VECTOR('',#3636,1.);
#3636 = DIRECTION('',(1.224646799147E-16,-1.,0.));
#3637 = ORIENTED_EDGE('',*,*,#1971,.F.);
#3638 = ORIENTED_EDGE('',*,*,#3602,.T.);
#3639 = PLANE('',#3640);
#3640 = AXIS2_PLACEMENT_3D('',#3641,#3642,#3643);
#3641 = CARTESIAN_POINT('',(-1.3,2.4,0.1));
#3642 = DIRECTION('',(0.,0.,1.));
#3643 = DIRECTION('',(-1.,-1.224646799147E-16,0.));
#3644 = ADVANCED_FACE('',(#3645),#3672,.F.);
#3645 = FACE_BOUND('',#3646,.F.);
#3646 = EDGE_LOOP('',(#3647,#3657,#3663,#3664,#3665,#3666));
#3647 = ORIENTED_EDGE('',*,*,#3648,.F.);
#3648 = EDGE_CURVE('',#3649,#3651,#3653,.T.);
#3649 = VERTEX_POINT('',#3650);
#3650 = CARTESIAN_POINT('',(-1.45,2.5,0.));
#3651 = VERTEX_POINT('',#3652);
#3652 = CARTESIAN_POINT('',(-1.45,2.3,0.));
#3653 = LINE('',#3654,#3655);
#3654 = CARTESIAN_POINT('',(-1.45,2.5,0.));
#3655 = VECTOR('',#3656,1.);
#3656 = DIRECTION('',(1.224646799147E-16,-1.,0.));
#3657 = ORIENTED_EDGE('',*,*,#3658,.T.);
#3658 = EDGE_CURVE('',#3649,#3625,#3659,.T.);
#3659 = LINE('',#3660,#3661);
#3660 = CARTESIAN_POINT('',(-1.45,2.5,0.));
#3661 = VECTOR('',#3662,1.);
#3662 = DIRECTION('',(0.,0.,1.));
#3663 = ORIENTED_EDGE('',*,*,#3632,.T.);
#3664 = ORIENTED_EDGE('',*,*,#1963,.F.);
#3665 = ORIENTED_EDGE('',*,*,#3140,.F.);
#3666 = ORIENTED_EDGE('',*,*,#3667,.F.);
#3667 = EDGE_CURVE('',#3651,#3133,#3668,.T.);
#3668 = LINE('',#3669,#3670);
#3669 = CARTESIAN_POINT('',(-1.45,2.3,0.));
#3670 = VECTOR('',#3671,1.);
#3671 = DIRECTION('',(0.,0.,1.));
#3672 = PLANE('',#3673);
#3673 = AXIS2_PLACEMENT_3D('',#3674,#3675,#3676);
#3674 = CARTESIAN_POINT('',(-1.45,2.5,0.));
#3675 = DIRECTION('',(1.,1.224646799147E-16,0.));
#3676 = DIRECTION('',(1.224646799147E-16,-1.,0.));
#3677 = ADVANCED_FACE('',(#3678),#3712,.F.);
#3678 = FACE_BOUND('',#3679,.F.);
#3679 = EDGE_LOOP('',(#3680,#3690,#3698,#3704,#3705,#3706));
#3680 = ORIENTED_EDGE('',*,*,#3681,.F.);
#3681 = EDGE_CURVE('',#3682,#3684,#3686,.T.);
#3682 = VERTEX_POINT('',#3683);
#3683 = CARTESIAN_POINT('',(2.5,1.45,0.));
#3684 = VERTEX_POINT('',#3685);
#3685 = CARTESIAN_POINT('',(2.3,1.45,0.));
#3686 = LINE('',#3687,#3688);
#3687 = CARTESIAN_POINT('',(2.5,1.45,0.));
#3688 = VECTOR('',#3689,1.);
#3689 = DIRECTION('',(-1.,-2.334869823773E-16,0.));
#3690 = ORIENTED_EDGE('',*,*,#3691,.T.);
#3691 = EDGE_CURVE('',#3682,#3692,#3694,.T.);
#3692 = VERTEX_POINT('',#3693);
#3693 = CARTESIAN_POINT('',(2.5,1.45,0.1));
#3694 = LINE('',#3695,#3696);
#3695 = CARTESIAN_POINT('',(2.5,1.45,0.));
#3696 = VECTOR('',#3697,1.);
#3697 = DIRECTION('',(0.,0.,1.));
#3698 = ORIENTED_EDGE('',*,*,#3699,.T.);
#3699 = EDGE_CURVE('',#3692,#2300,#3700,.T.);
#3700 = LINE('',#3701,#3702);
#3701 = CARTESIAN_POINT('',(2.5,1.45,0.1));
#3702 = VECTOR('',#3703,1.);
#3703 = DIRECTION('',(-1.,-2.334869823773E-16,0.));
#3704 = ORIENTED_EDGE('',*,*,#2307,.T.);
#3705 = ORIENTED_EDGE('',*,*,#3024,.F.);
#3706 = ORIENTED_EDGE('',*,*,#3707,.F.);
#3707 = EDGE_CURVE('',#3684,#3017,#3708,.T.);
#3708 = LINE('',#3709,#3710);
#3709 = CARTESIAN_POINT('',(2.3,1.45,0.));
#3710 = VECTOR('',#3711,1.);
#3711 = DIRECTION('',(0.,0.,1.));
#3712 = PLANE('',#3713);
#3713 = AXIS2_PLACEMENT_3D('',#3714,#3715,#3716);
#3714 = CARTESIAN_POINT('',(2.5,1.45,0.));
#3715 = DIRECTION('',(2.334869823773E-16,-1.,0.));
#3716 = DIRECTION('',(-1.,-2.334869823773E-16,0.));
#3717 = ADVANCED_FACE('',(#3718),#3736,.T.);
#3718 = FACE_BOUND('',#3719,.T.);
#3719 = EDGE_LOOP('',(#3720,#3728,#3729,#3730));
#3720 = ORIENTED_EDGE('',*,*,#3721,.T.);
#3721 = EDGE_CURVE('',#3722,#3692,#3724,.T.);
#3722 = VERTEX_POINT('',#3723);
#3723 = CARTESIAN_POINT('',(2.5,1.15,0.1));
#3724 = LINE('',#3725,#3726);
#3725 = CARTESIAN_POINT('',(2.5,1.15,0.1));
#3726 = VECTOR('',#3727,1.);
#3727 = DIRECTION('',(-2.334869823773E-16,1.,0.));
#3728 = ORIENTED_EDGE('',*,*,#3699,.T.);
#3729 = ORIENTED_EDGE('',*,*,#2299,.T.);
#3730 = ORIENTED_EDGE('',*,*,#3731,.T.);
#3731 = EDGE_CURVE('',#2292,#3722,#3732,.T.);
#3732 = LINE('',#3733,#3734);
#3733 = CARTESIAN_POINT('',(2.3,1.15,0.1));
#3734 = VECTOR('',#3735,1.);
#3735 = DIRECTION('',(1.,2.334869823773E-16,0.));
#3736 = PLANE('',#3737);
#3737 = AXIS2_PLACEMENT_3D('',#3738,#3739,#3740);
#3738 = CARTESIAN_POINT('',(2.4,1.3,0.1));
#3739 = DIRECTION('',(0.,0.,1.));
#3740 = DIRECTION('',(-2.334869823773E-16,1.,0.));
#3741 = ADVANCED_FACE('',(#3742),#3769,.F.);
#3742 = FACE_BOUND('',#3743,.F.);
#3743 = EDGE_LOOP('',(#3744,#3754,#3760,#3761,#3762,#3763));
#3744 = ORIENTED_EDGE('',*,*,#3745,.F.);
#3745 = EDGE_CURVE('',#3746,#3748,#3750,.T.);
#3746 = VERTEX_POINT('',#3747);
#3747 = CARTESIAN_POINT('',(2.3,1.15,0.));
#3748 = VERTEX_POINT('',#3749);
#3749 = CARTESIAN_POINT('',(2.5,1.15,0.));
#3750 = LINE('',#3751,#3752);
#3751 = CARTESIAN_POINT('',(2.3,1.15,0.));
#3752 = VECTOR('',#3753,1.);
#3753 = DIRECTION('',(1.,2.334869823773E-16,0.));
#3754 = ORIENTED_EDGE('',*,*,#3755,.T.);
#3755 = EDGE_CURVE('',#3746,#3009,#3756,.T.);
#3756 = LINE('',#3757,#3758);
#3757 = CARTESIAN_POINT('',(2.3,1.15,0.));
#3758 = VECTOR('',#3759,1.);
#3759 = DIRECTION('',(0.,0.,1.));
#3760 = ORIENTED_EDGE('',*,*,#3008,.F.);
#3761 = ORIENTED_EDGE('',*,*,#2291,.T.);
#3762 = ORIENTED_EDGE('',*,*,#3731,.T.);
#3763 = ORIENTED_EDGE('',*,*,#3764,.F.);
#3764 = EDGE_CURVE('',#3748,#3722,#3765,.T.);
#3765 = LINE('',#3766,#3767);
#3766 = CARTESIAN_POINT('',(2.5,1.15,0.));
#3767 = VECTOR('',#3768,1.);
#3768 = DIRECTION('',(0.,0.,1.));
#3769 = PLANE('',#3770);
#3770 = AXIS2_PLACEMENT_3D('',#3771,#3772,#3773);
#3771 = CARTESIAN_POINT('',(2.3,1.15,0.));
#3772 = DIRECTION('',(-2.334869823773E-16,1.,0.));
#3773 = DIRECTION('',(1.,2.334869823773E-16,0.));
#3774 = ADVANCED_FACE('',(#3775),#3809,.F.);
#3775 = FACE_BOUND('',#3776,.F.);
#3776 = EDGE_LOOP('',(#3777,#3787,#3795,#3801,#3802,#3803));
#3777 = ORIENTED_EDGE('',*,*,#3778,.F.);
#3778 = EDGE_CURVE('',#3779,#3781,#3783,.T.);
#3779 = VERTEX_POINT('',#3780);
#3780 = CARTESIAN_POINT('',(2.5,0.8,0.));
#3781 = VERTEX_POINT('',#3782);
#3782 = CARTESIAN_POINT('',(2.3,0.8,0.));
#3783 = LINE('',#3784,#3785);
#3784 = CARTESIAN_POINT('',(2.5,0.8,0.));
#3785 = VECTOR('',#3786,1.);
#3786 = DIRECTION('',(-1.,-2.334869823773E-16,0.));
#3787 = ORIENTED_EDGE('',*,*,#3788,.T.);
#3788 = EDGE_CURVE('',#3779,#3789,#3791,.T.);
#3789 = VERTEX_POINT('',#3790);
#3790 = CARTESIAN_POINT('',(2.5,0.8,0.1));
#3791 = LINE('',#3792,#3793);
#3792 = CARTESIAN_POINT('',(2.5,0.8,0.));
#3793 = VECTOR('',#3794,1.);
#3794 = DIRECTION('',(0.,0.,1.));
#3795 = ORIENTED_EDGE('',*,*,#3796,.T.);
#3796 = EDGE_CURVE('',#3789,#2268,#3797,.T.);
#3797 = LINE('',#3798,#3799);
#3798 = CARTESIAN_POINT('',(2.5,0.8,0.1));
#3799 = VECTOR('',#3800,1.);
#3800 = DIRECTION('',(-1.,-2.334869823773E-16,0.));
#3801 = ORIENTED_EDGE('',*,*,#2275,.T.);
#3802 = ORIENTED_EDGE('',*,*,#3001,.F.);
#3803 = ORIENTED_EDGE('',*,*,#3804,.F.);
#3804 = EDGE_CURVE('',#3781,#2994,#3805,.T.);
#3805 = LINE('',#3806,#3807);
#3806 = CARTESIAN_POINT('',(2.3,0.8,0.));
#3807 = VECTOR('',#3808,1.);
#3808 = DIRECTION('',(0.,0.,1.));
#3809 = PLANE('',#3810);
#3810 = AXIS2_PLACEMENT_3D('',#3811,#3812,#3813);
#3811 = CARTESIAN_POINT('',(2.5,0.8,0.));
#3812 = DIRECTION('',(2.334869823773E-16,-1.,0.));
#3813 = DIRECTION('',(-1.,-2.334869823773E-16,0.));
#3814 = ADVANCED_FACE('',(#3815),#3833,.T.);
#3815 = FACE_BOUND('',#3816,.T.);
#3816 = EDGE_LOOP('',(#3817,#3825,#3826,#3827));
#3817 = ORIENTED_EDGE('',*,*,#3818,.T.);
#3818 = EDGE_CURVE('',#3819,#3789,#3821,.T.);
#3819 = VERTEX_POINT('',#3820);
#3820 = CARTESIAN_POINT('',(2.5,0.5,0.1));
#3821 = LINE('',#3822,#3823);
#3822 = CARTESIAN_POINT('',(2.5,0.5,0.1));
#3823 = VECTOR('',#3824,1.);
#3824 = DIRECTION('',(-2.334869823773E-16,1.,0.));
#3825 = ORIENTED_EDGE('',*,*,#3796,.T.);
#3826 = ORIENTED_EDGE('',*,*,#2267,.T.);
#3827 = ORIENTED_EDGE('',*,*,#3828,.T.);
#3828 = EDGE_CURVE('',#2260,#3819,#3829,.T.);
#3829 = LINE('',#3830,#3831);
#3830 = CARTESIAN_POINT('',(2.3,0.5,0.1));
#3831 = VECTOR('',#3832,1.);
#3832 = DIRECTION('',(1.,2.334869823773E-16,0.));
#3833 = PLANE('',#3834);
#3834 = AXIS2_PLACEMENT_3D('',#3835,#3836,#3837);
#3835 = CARTESIAN_POINT('',(2.4,0.65,0.1));
#3836 = DIRECTION('',(0.,0.,1.));
#3837 = DIRECTION('',(-2.334869823773E-16,1.,0.));
#3838 = ADVANCED_FACE('',(#3839),#3866,.F.);
#3839 = FACE_BOUND('',#3840,.F.);
#3840 = EDGE_LOOP('',(#3841,#3851,#3857,#3858,#3859,#3860));
#3841 = ORIENTED_EDGE('',*,*,#3842,.F.);
#3842 = EDGE_CURVE('',#3843,#3845,#3847,.T.);
#3843 = VERTEX_POINT('',#3844);
#3844 = CARTESIAN_POINT('',(2.3,0.5,0.));
#3845 = VERTEX_POINT('',#3846);
#3846 = CARTESIAN_POINT('',(2.5,0.5,0.));
#3847 = LINE('',#3848,#3849);
#3848 = CARTESIAN_POINT('',(2.3,0.5,0.));
#3849 = VECTOR('',#3850,1.);
#3850 = DIRECTION('',(1.,2.334869823773E-16,0.));
#3851 = ORIENTED_EDGE('',*,*,#3852,.T.);
#3852 = EDGE_CURVE('',#3843,#2986,#3853,.T.);
#3853 = LINE('',#3854,#3855);
#3854 = CARTESIAN_POINT('',(2.3,0.5,0.));
#3855 = VECTOR('',#3856,1.);
#3856 = DIRECTION('',(0.,0.,1.));
#3857 = ORIENTED_EDGE('',*,*,#2985,.F.);
#3858 = ORIENTED_EDGE('',*,*,#2259,.T.);
#3859 = ORIENTED_EDGE('',*,*,#3828,.T.);
#3860 = ORIENTED_EDGE('',*,*,#3861,.F.);
#3861 = EDGE_CURVE('',#3845,#3819,#3862,.T.);
#3862 = LINE('',#3863,#3864);
#3863 = CARTESIAN_POINT('',(2.5,0.5,0.));
#3864 = VECTOR('',#3865,1.);
#3865 = DIRECTION('',(0.,0.,1.));
#3866 = PLANE('',#3867);
#3867 = AXIS2_PLACEMENT_3D('',#3868,#3869,#3870);
#3868 = CARTESIAN_POINT('',(2.3,0.5,0.));
#3869 = DIRECTION('',(-2.334869823773E-16,1.,0.));
#3870 = DIRECTION('',(1.,2.334869823773E-16,0.));
#3871 = ADVANCED_FACE('',(#3872),#3906,.F.);
#3872 = FACE_BOUND('',#3873,.F.);
#3873 = EDGE_LOOP('',(#3874,#3884,#3892,#3898,#3899,#3900));
#3874 = ORIENTED_EDGE('',*,*,#3875,.F.);
#3875 = EDGE_CURVE('',#3876,#3878,#3880,.T.);
#3876 = VERTEX_POINT('',#3877);
#3877 = CARTESIAN_POINT('',(2.5,0.15,0.));
#3878 = VERTEX_POINT('',#3879);
#3879 = CARTESIAN_POINT('',(2.3,0.15,0.));
#3880 = LINE('',#3881,#3882);
#3881 = CARTESIAN_POINT('',(2.5,0.15,0.));
#3882 = VECTOR('',#3883,1.);
#3883 = DIRECTION('',(-1.,-2.334869823773E-16,0.));
#3884 = ORIENTED_EDGE('',*,*,#3885,.T.);
#3885 = EDGE_CURVE('',#3876,#3886,#3888,.T.);
#3886 = VERTEX_POINT('',#3887);
#3887 = CARTESIAN_POINT('',(2.5,0.15,0.1));
#3888 = LINE('',#3889,#3890);
#3889 = CARTESIAN_POINT('',(2.5,0.15,0.));
#3890 = VECTOR('',#3891,1.);
#3891 = DIRECTION('',(0.,0.,1.));
#3892 = ORIENTED_EDGE('',*,*,#3893,.T.);
#3893 = EDGE_CURVE('',#3886,#2236,#3894,.T.);
#3894 = LINE('',#3895,#3896);
#3895 = CARTESIAN_POINT('',(2.5,0.15,0.1));
#3896 = VECTOR('',#3897,1.);
#3897 = DIRECTION('',(-1.,-2.334869823773E-16,0.));
#3898 = ORIENTED_EDGE('',*,*,#2243,.T.);
#3899 = ORIENTED_EDGE('',*,*,#2978,.F.);
#3900 = ORIENTED_EDGE('',*,*,#3901,.F.);
#3901 = EDGE_CURVE('',#3878,#2971,#3902,.T.);
#3902 = LINE('',#3903,#3904);
#3903 = CARTESIAN_POINT('',(2.3,0.15,0.));
#3904 = VECTOR('',#3905,1.);
#3905 = DIRECTION('',(0.,0.,1.));
#3906 = PLANE('',#3907);
#3907 = AXIS2_PLACEMENT_3D('',#3908,#3909,#3910);
#3908 = CARTESIAN_POINT('',(2.5,0.15,0.));
#3909 = DIRECTION('',(2.334869823773E-16,-1.,0.));
#3910 = DIRECTION('',(-1.,-2.334869823773E-16,0.));
#3911 = ADVANCED_FACE('',(#3912),#3930,.T.);
#3912 = FACE_BOUND('',#3913,.T.);
#3913 = EDGE_LOOP('',(#3914,#3922,#3923,#3924));
#3914 = ORIENTED_EDGE('',*,*,#3915,.T.);
#3915 = EDGE_CURVE('',#3916,#3886,#3918,.T.);
#3916 = VERTEX_POINT('',#3917);
#3917 = CARTESIAN_POINT('',(2.5,-0.15,0.1));
#3918 = LINE('',#3919,#3920);
#3919 = CARTESIAN_POINT('',(2.5,-0.15,0.1));
#3920 = VECTOR('',#3921,1.);
#3921 = DIRECTION('',(-2.334869823773E-16,1.,0.));
#3922 = ORIENTED_EDGE('',*,*,#3893,.T.);
#3923 = ORIENTED_EDGE('',*,*,#2235,.T.);
#3924 = ORIENTED_EDGE('',*,*,#3925,.T.);
#3925 = EDGE_CURVE('',#2228,#3916,#3926,.T.);
#3926 = LINE('',#3927,#3928);
#3927 = CARTESIAN_POINT('',(2.3,-0.15,0.1));
#3928 = VECTOR('',#3929,1.);
#3929 = DIRECTION('',(1.,2.334869823773E-16,0.));
#3930 = PLANE('',#3931);
#3931 = AXIS2_PLACEMENT_3D('',#3932,#3933,#3934);
#3932 = CARTESIAN_POINT('',(2.4,5.603687577054E-16,0.1));
#3933 = DIRECTION('',(0.,0.,1.));
#3934 = DIRECTION('',(-2.334869823773E-16,1.,0.));
#3935 = ADVANCED_FACE('',(#3936),#3963,.F.);
#3936 = FACE_BOUND('',#3937,.F.);
#3937 = EDGE_LOOP('',(#3938,#3948,#3954,#3955,#3956,#3957));
#3938 = ORIENTED_EDGE('',*,*,#3939,.F.);
#3939 = EDGE_CURVE('',#3940,#3942,#3944,.T.);
#3940 = VERTEX_POINT('',#3941);
#3941 = CARTESIAN_POINT('',(2.3,-0.15,0.));
#3942 = VERTEX_POINT('',#3943);
#3943 = CARTESIAN_POINT('',(2.5,-0.15,0.));
#3944 = LINE('',#3945,#3946);
#3945 = CARTESIAN_POINT('',(2.3,-0.15,0.));
#3946 = VECTOR('',#3947,1.);
#3947 = DIRECTION('',(1.,2.334869823773E-16,0.));
#3948 = ORIENTED_EDGE('',*,*,#3949,.T.);
#3949 = EDGE_CURVE('',#3940,#2963,#3950,.T.);
#3950 = LINE('',#3951,#3952);
#3951 = CARTESIAN_POINT('',(2.3,-0.15,0.));
#3952 = VECTOR('',#3953,1.);
#3953 = DIRECTION('',(0.,0.,1.));
#3954 = ORIENTED_EDGE('',*,*,#2962,.F.);
#3955 = ORIENTED_EDGE('',*,*,#2227,.T.);
#3956 = ORIENTED_EDGE('',*,*,#3925,.T.);
#3957 = ORIENTED_EDGE('',*,*,#3958,.F.);
#3958 = EDGE_CURVE('',#3942,#3916,#3959,.T.);
#3959 = LINE('',#3960,#3961);
#3960 = CARTESIAN_POINT('',(2.5,-0.15,0.));
#3961 = VECTOR('',#3962,1.);
#3962 = DIRECTION('',(0.,0.,1.));
#3963 = PLANE('',#3964);
#3964 = AXIS2_PLACEMENT_3D('',#3965,#3966,#3967);
#3965 = CARTESIAN_POINT('',(2.3,-0.15,0.));
#3966 = DIRECTION('',(-2.334869823773E-16,1.,0.));
#3967 = DIRECTION('',(1.,2.334869823773E-16,0.));
#3968 = ADVANCED_FACE('',(#3969),#4003,.F.);
#3969 = FACE_BOUND('',#3970,.F.);
#3970 = EDGE_LOOP('',(#3971,#3981,#3989,#3995,#3996,#3997));
#3971 = ORIENTED_EDGE('',*,*,#3972,.F.);
#3972 = EDGE_CURVE('',#3973,#3975,#3977,.T.);
#3973 = VERTEX_POINT('',#3974);
#3974 = CARTESIAN_POINT('',(2.5,-0.5,0.));
#3975 = VERTEX_POINT('',#3976);
#3976 = CARTESIAN_POINT('',(2.3,-0.5,0.));
#3977 = LINE('',#3978,#3979);
#3978 = CARTESIAN_POINT('',(2.5,-0.5,0.));
#3979 = VECTOR('',#3980,1.);
#3980 = DIRECTION('',(-1.,-2.334869823773E-16,0.));
#3981 = ORIENTED_EDGE('',*,*,#3982,.T.);
#3982 = EDGE_CURVE('',#3973,#3983,#3985,.T.);
#3983 = VERTEX_POINT('',#3984);
#3984 = CARTESIAN_POINT('',(2.5,-0.5,0.1));
#3985 = LINE('',#3986,#3987);
#3986 = CARTESIAN_POINT('',(2.5,-0.5,0.));
#3987 = VECTOR('',#3988,1.);
#3988 = DIRECTION('',(0.,0.,1.));
#3989 = ORIENTED_EDGE('',*,*,#3990,.T.);
#3990 = EDGE_CURVE('',#3983,#2204,#3991,.T.);
#3991 = LINE('',#3992,#3993);
#3992 = CARTESIAN_POINT('',(2.5,-0.5,0.1));
#3993 = VECTOR('',#3994,1.);
#3994 = DIRECTION('',(-1.,-2.334869823773E-16,0.));
#3995 = ORIENTED_EDGE('',*,*,#2211,.T.);
#3996 = ORIENTED_EDGE('',*,*,#2955,.F.);
#3997 = ORIENTED_EDGE('',*,*,#3998,.F.);
#3998 = EDGE_CURVE('',#3975,#2948,#3999,.T.);
#3999 = LINE('',#4000,#4001);
#4000 = CARTESIAN_POINT('',(2.3,-0.5,0.));
#4001 = VECTOR('',#4002,1.);
#4002 = DIRECTION('',(0.,0.,1.));
#4003 = PLANE('',#4004);
#4004 = AXIS2_PLACEMENT_3D('',#4005,#4006,#4007);
#4005 = CARTESIAN_POINT('',(2.5,-0.5,0.));
#4006 = DIRECTION('',(2.334869823773E-16,-1.,0.));
#4007 = DIRECTION('',(-1.,-2.334869823773E-16,0.));
#4008 = ADVANCED_FACE('',(#4009),#4027,.T.);
#4009 = FACE_BOUND('',#4010,.T.);
#4010 = EDGE_LOOP('',(#4011,#4019,#4020,#4021));
#4011 = ORIENTED_EDGE('',*,*,#4012,.T.);
#4012 = EDGE_CURVE('',#4013,#3983,#4015,.T.);
#4013 = VERTEX_POINT('',#4014);
#4014 = CARTESIAN_POINT('',(2.5,-0.8,0.1));
#4015 = LINE('',#4016,#4017);
#4016 = CARTESIAN_POINT('',(2.5,-0.8,0.1));
#4017 = VECTOR('',#4018,1.);
#4018 = DIRECTION('',(-2.334869823773E-16,1.,0.));
#4019 = ORIENTED_EDGE('',*,*,#3990,.T.);
#4020 = ORIENTED_EDGE('',*,*,#2203,.T.);
#4021 = ORIENTED_EDGE('',*,*,#4022,.T.);
#4022 = EDGE_CURVE('',#2196,#4013,#4023,.T.);
#4023 = LINE('',#4024,#4025);
#4024 = CARTESIAN_POINT('',(2.3,-0.8,0.1));
#4025 = VECTOR('',#4026,1.);
#4026 = DIRECTION('',(1.,2.334869823773E-16,0.));
#4027 = PLANE('',#4028);
#4028 = AXIS2_PLACEMENT_3D('',#4029,#4030,#4031);
#4029 = CARTESIAN_POINT('',(2.4,-0.65,0.1));
#4030 = DIRECTION('',(0.,0.,1.));
#4031 = DIRECTION('',(-2.334869823773E-16,1.,0.));
#4032 = ADVANCED_FACE('',(#4033),#4060,.F.);
#4033 = FACE_BOUND('',#4034,.F.);
#4034 = EDGE_LOOP('',(#4035,#4045,#4051,#4052,#4053,#4054));
#4035 = ORIENTED_EDGE('',*,*,#4036,.F.);
#4036 = EDGE_CURVE('',#4037,#4039,#4041,.T.);
#4037 = VERTEX_POINT('',#4038);
#4038 = CARTESIAN_POINT('',(2.3,-0.8,0.));
#4039 = VERTEX_POINT('',#4040);
#4040 = CARTESIAN_POINT('',(2.5,-0.8,0.));
#4041 = LINE('',#4042,#4043);
#4042 = CARTESIAN_POINT('',(2.3,-0.8,0.));
#4043 = VECTOR('',#4044,1.);
#4044 = DIRECTION('',(1.,2.334869823773E-16,0.));
#4045 = ORIENTED_EDGE('',*,*,#4046,.T.);
#4046 = EDGE_CURVE('',#4037,#2940,#4047,.T.);
#4047 = LINE('',#4048,#4049);
#4048 = CARTESIAN_POINT('',(2.3,-0.8,0.));
#4049 = VECTOR('',#4050,1.);
#4050 = DIRECTION('',(0.,0.,1.));
#4051 = ORIENTED_EDGE('',*,*,#2939,.F.);
#4052 = ORIENTED_EDGE('',*,*,#2195,.T.);
#4053 = ORIENTED_EDGE('',*,*,#4022,.T.);
#4054 = ORIENTED_EDGE('',*,*,#4055,.F.);
#4055 = EDGE_CURVE('',#4039,#4013,#4056,.T.);
#4056 = LINE('',#4057,#4058);
#4057 = CARTESIAN_POINT('',(2.5,-0.8,0.));
#4058 = VECTOR('',#4059,1.);
#4059 = DIRECTION('',(0.,0.,1.));
#4060 = PLANE('',#4061);
#4061 = AXIS2_PLACEMENT_3D('',#4062,#4063,#4064);
#4062 = CARTESIAN_POINT('',(2.3,-0.8,0.));
#4063 = DIRECTION('',(-2.334869823773E-16,1.,0.));
#4064 = DIRECTION('',(1.,2.334869823773E-16,0.));
#4065 = ADVANCED_FACE('',(#4066),#4100,.F.);
#4066 = FACE_BOUND('',#4067,.F.);
#4067 = EDGE_LOOP('',(#4068,#4078,#4086,#4092,#4093,#4094));
#4068 = ORIENTED_EDGE('',*,*,#4069,.F.);
#4069 = EDGE_CURVE('',#4070,#4072,#4074,.T.);
#4070 = VERTEX_POINT('',#4071);
#4071 = CARTESIAN_POINT('',(2.5,-1.15,0.));
#4072 = VERTEX_POINT('',#4073);
#4073 = CARTESIAN_POINT('',(2.3,-1.15,0.));
#4074 = LINE('',#4075,#4076);
#4075 = CARTESIAN_POINT('',(2.5,-1.15,0.));
#4076 = VECTOR('',#4077,1.);
#4077 = DIRECTION('',(-1.,-2.334869823773E-16,0.));
#4078 = ORIENTED_EDGE('',*,*,#4079,.T.);
#4079 = EDGE_CURVE('',#4070,#4080,#4082,.T.);
#4080 = VERTEX_POINT('',#4081);
#4081 = CARTESIAN_POINT('',(2.5,-1.15,0.1));
#4082 = LINE('',#4083,#4084);
#4083 = CARTESIAN_POINT('',(2.5,-1.15,0.));
#4084 = VECTOR('',#4085,1.);
#4085 = DIRECTION('',(0.,0.,1.));
#4086 = ORIENTED_EDGE('',*,*,#4087,.T.);
#4087 = EDGE_CURVE('',#4080,#2172,#4088,.T.);
#4088 = LINE('',#4089,#4090);
#4089 = CARTESIAN_POINT('',(2.5,-1.15,0.1));
#4090 = VECTOR('',#4091,1.);
#4091 = DIRECTION('',(-1.,-2.334869823773E-16,0.));
#4092 = ORIENTED_EDGE('',*,*,#2179,.T.);
#4093 = ORIENTED_EDGE('',*,*,#2932,.F.);
#4094 = ORIENTED_EDGE('',*,*,#4095,.F.);
#4095 = EDGE_CURVE('',#4072,#2925,#4096,.T.);
#4096 = LINE('',#4097,#4098);
#4097 = CARTESIAN_POINT('',(2.3,-1.15,0.));
#4098 = VECTOR('',#4099,1.);
#4099 = DIRECTION('',(0.,0.,1.));
#4100 = PLANE('',#4101);
#4101 = AXIS2_PLACEMENT_3D('',#4102,#4103,#4104);
#4102 = CARTESIAN_POINT('',(2.5,-1.15,0.));
#4103 = DIRECTION('',(2.334869823773E-16,-1.,0.));
#4104 = DIRECTION('',(-1.,-2.334869823773E-16,0.));
#4105 = ADVANCED_FACE('',(#4106),#4124,.T.);
#4106 = FACE_BOUND('',#4107,.T.);
#4107 = EDGE_LOOP('',(#4108,#4116,#4117,#4118));
#4108 = ORIENTED_EDGE('',*,*,#4109,.T.);
#4109 = EDGE_CURVE('',#4110,#4080,#4112,.T.);
#4110 = VERTEX_POINT('',#4111);
#4111 = CARTESIAN_POINT('',(2.5,-1.45,0.1));
#4112 = LINE('',#4113,#4114);
#4113 = CARTESIAN_POINT('',(2.5,-1.45,0.1));
#4114 = VECTOR('',#4115,1.);
#4115 = DIRECTION('',(-2.334869823773E-16,1.,0.));
#4116 = ORIENTED_EDGE('',*,*,#4087,.T.);
#4117 = ORIENTED_EDGE('',*,*,#2171,.T.);
#4118 = ORIENTED_EDGE('',*,*,#4119,.T.);
#4119 = EDGE_CURVE('',#2164,#4110,#4120,.T.);
#4120 = LINE('',#4121,#4122);
#4121 = CARTESIAN_POINT('',(2.3,-1.45,0.1));
#4122 = VECTOR('',#4123,1.);
#4123 = DIRECTION('',(1.,2.334869823773E-16,0.));
#4124 = PLANE('',#4125);
#4125 = AXIS2_PLACEMENT_3D('',#4126,#4127,#4128);
#4126 = CARTESIAN_POINT('',(2.4,-1.3,0.1));
#4127 = DIRECTION('',(0.,0.,1.));
#4128 = DIRECTION('',(-2.334869823773E-16,1.,0.));
#4129 = ADVANCED_FACE('',(#4130),#4157,.F.);
#4130 = FACE_BOUND('',#4131,.F.);
#4131 = EDGE_LOOP('',(#4132,#4142,#4148,#4149,#4150,#4151));
#4132 = ORIENTED_EDGE('',*,*,#4133,.F.);
#4133 = EDGE_CURVE('',#4134,#4136,#4138,.T.);
#4134 = VERTEX_POINT('',#4135);
#4135 = CARTESIAN_POINT('',(2.3,-1.45,0.));
#4136 = VERTEX_POINT('',#4137);
#4137 = CARTESIAN_POINT('',(2.5,-1.45,0.));
#4138 = LINE('',#4139,#4140);
#4139 = CARTESIAN_POINT('',(2.3,-1.45,0.));
#4140 = VECTOR('',#4141,1.);
#4141 = DIRECTION('',(1.,2.334869823773E-16,0.));
#4142 = ORIENTED_EDGE('',*,*,#4143,.T.);
#4143 = EDGE_CURVE('',#4134,#2917,#4144,.T.);
#4144 = LINE('',#4145,#4146);
#4145 = CARTESIAN_POINT('',(2.3,-1.45,0.));
#4146 = VECTOR('',#4147,1.);
#4147 = DIRECTION('',(0.,0.,1.));
#4148 = ORIENTED_EDGE('',*,*,#2916,.F.);
#4149 = ORIENTED_EDGE('',*,*,#2163,.T.);
#4150 = ORIENTED_EDGE('',*,*,#4119,.T.);
#4151 = ORIENTED_EDGE('',*,*,#4152,.F.);
#4152 = EDGE_CURVE('',#4136,#4110,#4153,.T.);
#4153 = LINE('',#4154,#4155);
#4154 = CARTESIAN_POINT('',(2.5,-1.45,0.));
#4155 = VECTOR('',#4156,1.);
#4156 = DIRECTION('',(0.,0.,1.));
#4157 = PLANE('',#4158);
#4158 = AXIS2_PLACEMENT_3D('',#4159,#4160,#4161);
#4159 = CARTESIAN_POINT('',(2.3,-1.45,0.));
#4160 = DIRECTION('',(-2.334869823773E-16,1.,0.));
#4161 = DIRECTION('',(1.,2.334869823773E-16,0.));
#4162 = ADVANCED_FACE('',(#4163),#4197,.F.);
#4163 = FACE_BOUND('',#4164,.F.);
#4164 = EDGE_LOOP('',(#4165,#4175,#4181,#4182,#4183,#4191));
#4165 = ORIENTED_EDGE('',*,*,#4166,.F.);
#4166 = EDGE_CURVE('',#4167,#4169,#4171,.T.);
#4167 = VERTEX_POINT('',#4168);
#4168 = CARTESIAN_POINT('',(-2.3,1.45,0.));
#4169 = VERTEX_POINT('',#4170);
#4170 = CARTESIAN_POINT('',(-2.5,1.45,0.));
#4171 = LINE('',#4172,#4173);
#4172 = CARTESIAN_POINT('',(-2.3,1.45,0.));
#4173 = VECTOR('',#4174,1.);
#4174 = DIRECTION('',(-1.,-1.110223024625E-16,0.));
#4175 = ORIENTED_EDGE('',*,*,#4176,.T.);
#4176 = EDGE_CURVE('',#4167,#2685,#4177,.T.);
#4177 = LINE('',#4178,#4179);
#4178 = CARTESIAN_POINT('',(-2.3,1.45,0.));
#4179 = VECTOR('',#4180,1.);
#4180 = DIRECTION('',(0.,0.,1.));
#4181 = ORIENTED_EDGE('',*,*,#2684,.F.);
#4182 = ORIENTED_EDGE('',*,*,#2491,.F.);
#4183 = ORIENTED_EDGE('',*,*,#4184,.T.);
#4184 = EDGE_CURVE('',#2484,#4185,#4187,.T.);
#4185 = VERTEX_POINT('',#4186);
#4186 = CARTESIAN_POINT('',(-2.5,1.45,0.1));
#4187 = LINE('',#4188,#4189);
#4188 = CARTESIAN_POINT('',(-2.3,1.45,0.1));
#4189 = VECTOR('',#4190,1.);
#4190 = DIRECTION('',(-1.,-1.110223024625E-16,0.));
#4191 = ORIENTED_EDGE('',*,*,#4192,.F.);
#4192 = EDGE_CURVE('',#4169,#4185,#4193,.T.);
#4193 = LINE('',#4194,#4195);
#4194 = CARTESIAN_POINT('',(-2.5,1.45,0.));
#4195 = VECTOR('',#4196,1.);
#4196 = DIRECTION('',(0.,0.,1.));
#4197 = PLANE('',#4198);
#4198 = AXIS2_PLACEMENT_3D('',#4199,#4200,#4201);
#4199 = CARTESIAN_POINT('',(-2.3,1.45,0.));
#4200 = DIRECTION('',(1.110223024625E-16,-1.,0.));
#4201 = DIRECTION('',(-1.,-1.110223024625E-16,0.));
#4202 = ADVANCED_FACE('',(#4203),#4221,.T.);
#4203 = FACE_BOUND('',#4204,.T.);
#4204 = EDGE_LOOP('',(#4205,#4213,#4219,#4220));
#4205 = ORIENTED_EDGE('',*,*,#4206,.T.);
#4206 = EDGE_CURVE('',#4185,#4207,#4209,.T.);
#4207 = VERTEX_POINT('',#4208);
#4208 = CARTESIAN_POINT('',(-2.5,1.15,0.1));
#4209 = LINE('',#4210,#4211);
#4210 = CARTESIAN_POINT('',(-2.5,1.45,0.1));
#4211 = VECTOR('',#4212,1.);
#4212 = DIRECTION('',(1.110223024625E-16,-1.,0.));
#4213 = ORIENTED_EDGE('',*,*,#4214,.T.);
#4214 = EDGE_CURVE('',#4207,#2476,#4215,.T.);
#4215 = LINE('',#4216,#4217);
#4216 = CARTESIAN_POINT('',(-2.5,1.15,0.1));
#4217 = VECTOR('',#4218,1.);
#4218 = DIRECTION('',(1.,1.110223024625E-16,0.));
#4219 = ORIENTED_EDGE('',*,*,#2483,.F.);
#4220 = ORIENTED_EDGE('',*,*,#4184,.T.);
#4221 = PLANE('',#4222);
#4222 = AXIS2_PLACEMENT_3D('',#4223,#4224,#4225);
#4223 = CARTESIAN_POINT('',(-2.4,1.3,0.1));
#4224 = DIRECTION('',(0.,0.,1.));
#4225 = DIRECTION('',(1.110223024625E-16,-1.,0.));
#4226 = ADVANCED_FACE('',(#4227),#4254,.F.);
#4227 = FACE_BOUND('',#4228,.F.);
#4228 = EDGE_LOOP('',(#4229,#4239,#4245,#4246,#4247,#4248));
#4229 = ORIENTED_EDGE('',*,*,#4230,.F.);
#4230 = EDGE_CURVE('',#4231,#4233,#4235,.T.);
#4231 = VERTEX_POINT('',#4232);
#4232 = CARTESIAN_POINT('',(-2.5,1.15,0.));
#4233 = VERTEX_POINT('',#4234);
#4234 = CARTESIAN_POINT('',(-2.3,1.15,0.));
#4235 = LINE('',#4236,#4237);
#4236 = CARTESIAN_POINT('',(-2.5,1.15,0.));
#4237 = VECTOR('',#4238,1.);
#4238 = DIRECTION('',(1.,1.110223024625E-16,0.));
#4239 = ORIENTED_EDGE('',*,*,#4240,.T.);
#4240 = EDGE_CURVE('',#4231,#4207,#4241,.T.);
#4241 = LINE('',#4242,#4243);
#4242 = CARTESIAN_POINT('',(-2.5,1.15,0.));
#4243 = VECTOR('',#4244,1.);
#4244 = DIRECTION('',(0.,0.,1.));
#4245 = ORIENTED_EDGE('',*,*,#4214,.T.);
#4246 = ORIENTED_EDGE('',*,*,#2475,.F.);
#4247 = ORIENTED_EDGE('',*,*,#2700,.F.);
#4248 = ORIENTED_EDGE('',*,*,#4249,.F.);
#4249 = EDGE_CURVE('',#4233,#2693,#4250,.T.);
#4250 = LINE('',#4251,#4252);
#4251 = CARTESIAN_POINT('',(-2.3,1.15,0.));
#4252 = VECTOR('',#4253,1.);
#4253 = DIRECTION('',(0.,0.,1.));
#4254 = PLANE('',#4255);
#4255 = AXIS2_PLACEMENT_3D('',#4256,#4257,#4258);
#4256 = CARTESIAN_POINT('',(-2.5,1.15,0.));
#4257 = DIRECTION('',(-1.110223024625E-16,1.,0.));
#4258 = DIRECTION('',(1.,1.110223024625E-16,0.));
#4259 = ADVANCED_FACE('',(#4260),#4294,.F.);
#4260 = FACE_BOUND('',#4261,.F.);
#4261 = EDGE_LOOP('',(#4262,#4272,#4278,#4279,#4280,#4288));
#4262 = ORIENTED_EDGE('',*,*,#4263,.F.);
#4263 = EDGE_CURVE('',#4264,#4266,#4268,.T.);
#4264 = VERTEX_POINT('',#4265);
#4265 = CARTESIAN_POINT('',(-2.3,0.8,0.));
#4266 = VERTEX_POINT('',#4267);
#4267 = CARTESIAN_POINT('',(-2.5,0.8,0.));
#4268 = LINE('',#4269,#4270);
#4269 = CARTESIAN_POINT('',(-2.3,0.8,0.));
#4270 = VECTOR('',#4271,1.);
#4271 = DIRECTION('',(-1.,-1.110223024625E-16,0.));
#4272 = ORIENTED_EDGE('',*,*,#4273,.T.);
#4273 = EDGE_CURVE('',#4264,#2708,#4274,.T.);
#4274 = LINE('',#4275,#4276);
#4275 = CARTESIAN_POINT('',(-2.3,0.8,0.));
#4276 = VECTOR('',#4277,1.);
#4277 = DIRECTION('',(0.,0.,1.));
#4278 = ORIENTED_EDGE('',*,*,#2707,.F.);
#4279 = ORIENTED_EDGE('',*,*,#2459,.F.);
#4280 = ORIENTED_EDGE('',*,*,#4281,.T.);
#4281 = EDGE_CURVE('',#2452,#4282,#4284,.T.);
#4282 = VERTEX_POINT('',#4283);
#4283 = CARTESIAN_POINT('',(-2.5,0.8,0.1));
#4284 = LINE('',#4285,#4286);
#4285 = CARTESIAN_POINT('',(-2.3,0.8,0.1));
#4286 = VECTOR('',#4287,1.);
#4287 = DIRECTION('',(-1.,-1.110223024625E-16,0.));
#4288 = ORIENTED_EDGE('',*,*,#4289,.F.);
#4289 = EDGE_CURVE('',#4266,#4282,#4290,.T.);
#4290 = LINE('',#4291,#4292);
#4291 = CARTESIAN_POINT('',(-2.5,0.8,0.));
#4292 = VECTOR('',#4293,1.);
#4293 = DIRECTION('',(0.,0.,1.));
#4294 = PLANE('',#4295);
#4295 = AXIS2_PLACEMENT_3D('',#4296,#4297,#4298);
#4296 = CARTESIAN_POINT('',(-2.3,0.8,0.));
#4297 = DIRECTION('',(1.110223024625E-16,-1.,0.));
#4298 = DIRECTION('',(-1.,-1.110223024625E-16,0.));
#4299 = ADVANCED_FACE('',(#4300),#4318,.T.);
#4300 = FACE_BOUND('',#4301,.T.);
#4301 = EDGE_LOOP('',(#4302,#4310,#4316,#4317));
#4302 = ORIENTED_EDGE('',*,*,#4303,.T.);
#4303 = EDGE_CURVE('',#4282,#4304,#4306,.T.);
#4304 = VERTEX_POINT('',#4305);
#4305 = CARTESIAN_POINT('',(-2.5,0.5,0.1));
#4306 = LINE('',#4307,#4308);
#4307 = CARTESIAN_POINT('',(-2.5,0.8,0.1));
#4308 = VECTOR('',#4309,1.);
#4309 = DIRECTION('',(1.110223024625E-16,-1.,0.));
#4310 = ORIENTED_EDGE('',*,*,#4311,.T.);
#4311 = EDGE_CURVE('',#4304,#2444,#4312,.T.);
#4312 = LINE('',#4313,#4314);
#4313 = CARTESIAN_POINT('',(-2.5,0.5,0.1));
#4314 = VECTOR('',#4315,1.);
#4315 = DIRECTION('',(1.,1.110223024625E-16,0.));
#4316 = ORIENTED_EDGE('',*,*,#2451,.F.);
#4317 = ORIENTED_EDGE('',*,*,#4281,.T.);
#4318 = PLANE('',#4319);
#4319 = AXIS2_PLACEMENT_3D('',#4320,#4321,#4322);
#4320 = CARTESIAN_POINT('',(-2.4,0.65,0.1));
#4321 = DIRECTION('',(0.,0.,1.));
#4322 = DIRECTION('',(1.110223024625E-16,-1.,0.));
#4323 = ADVANCED_FACE('',(#4324),#4351,.F.);
#4324 = FACE_BOUND('',#4325,.F.);
#4325 = EDGE_LOOP('',(#4326,#4336,#4342,#4343,#4344,#4345));
#4326 = ORIENTED_EDGE('',*,*,#4327,.F.);
#4327 = EDGE_CURVE('',#4328,#4330,#4332,.T.);
#4328 = VERTEX_POINT('',#4329);
#4329 = CARTESIAN_POINT('',(-2.5,0.5,0.));
#4330 = VERTEX_POINT('',#4331);
#4331 = CARTESIAN_POINT('',(-2.3,0.5,0.));
#4332 = LINE('',#4333,#4334);
#4333 = CARTESIAN_POINT('',(-2.5,0.5,0.));
#4334 = VECTOR('',#4335,1.);
#4335 = DIRECTION('',(1.,1.110223024625E-16,0.));
#4336 = ORIENTED_EDGE('',*,*,#4337,.T.);
#4337 = EDGE_CURVE('',#4328,#4304,#4338,.T.);
#4338 = LINE('',#4339,#4340);
#4339 = CARTESIAN_POINT('',(-2.5,0.5,0.));
#4340 = VECTOR('',#4341,1.);
#4341 = DIRECTION('',(0.,0.,1.));
#4342 = ORIENTED_EDGE('',*,*,#4311,.T.);
#4343 = ORIENTED_EDGE('',*,*,#2443,.F.);
#4344 = ORIENTED_EDGE('',*,*,#2723,.F.);
#4345 = ORIENTED_EDGE('',*,*,#4346,.F.);
#4346 = EDGE_CURVE('',#4330,#2716,#4347,.T.);
#4347 = LINE('',#4348,#4349);
#4348 = CARTESIAN_POINT('',(-2.3,0.5,0.));
#4349 = VECTOR('',#4350,1.);
#4350 = DIRECTION('',(0.,0.,1.));
#4351 = PLANE('',#4352);
#4352 = AXIS2_PLACEMENT_3D('',#4353,#4354,#4355);
#4353 = CARTESIAN_POINT('',(-2.5,0.5,0.));
#4354 = DIRECTION('',(-1.110223024625E-16,1.,0.));
#4355 = DIRECTION('',(1.,1.110223024625E-16,0.));
#4356 = ADVANCED_FACE('',(#4357),#4391,.F.);
#4357 = FACE_BOUND('',#4358,.F.);
#4358 = EDGE_LOOP('',(#4359,#4369,#4375,#4376,#4377,#4385));
#4359 = ORIENTED_EDGE('',*,*,#4360,.F.);
#4360 = EDGE_CURVE('',#4361,#4363,#4365,.T.);
#4361 = VERTEX_POINT('',#4362);
#4362 = CARTESIAN_POINT('',(-2.3,0.15,0.));
#4363 = VERTEX_POINT('',#4364);
#4364 = CARTESIAN_POINT('',(-2.5,0.15,0.));
#4365 = LINE('',#4366,#4367);
#4366 = CARTESIAN_POINT('',(-2.3,0.15,0.));
#4367 = VECTOR('',#4368,1.);
#4368 = DIRECTION('',(-1.,-1.110223024625E-16,0.));
#4369 = ORIENTED_EDGE('',*,*,#4370,.T.);
#4370 = EDGE_CURVE('',#4361,#2731,#4371,.T.);
#4371 = LINE('',#4372,#4373);
#4372 = CARTESIAN_POINT('',(-2.3,0.15,0.));
#4373 = VECTOR('',#4374,1.);
#4374 = DIRECTION('',(0.,0.,1.));
#4375 = ORIENTED_EDGE('',*,*,#2730,.F.);
#4376 = ORIENTED_EDGE('',*,*,#2427,.F.);
#4377 = ORIENTED_EDGE('',*,*,#4378,.T.);
#4378 = EDGE_CURVE('',#2420,#4379,#4381,.T.);
#4379 = VERTEX_POINT('',#4380);
#4380 = CARTESIAN_POINT('',(-2.5,0.15,0.1));
#4381 = LINE('',#4382,#4383);
#4382 = CARTESIAN_POINT('',(-2.3,0.15,0.1));
#4383 = VECTOR('',#4384,1.);
#4384 = DIRECTION('',(-1.,-1.110223024625E-16,0.));
#4385 = ORIENTED_EDGE('',*,*,#4386,.F.);
#4386 = EDGE_CURVE('',#4363,#4379,#4387,.T.);
#4387 = LINE('',#4388,#4389);
#4388 = CARTESIAN_POINT('',(-2.5,0.15,0.));
#4389 = VECTOR('',#4390,1.);
#4390 = DIRECTION('',(0.,0.,1.));
#4391 = PLANE('',#4392);
#4392 = AXIS2_PLACEMENT_3D('',#4393,#4394,#4395);
#4393 = CARTESIAN_POINT('',(-2.3,0.15,0.));
#4394 = DIRECTION('',(1.110223024625E-16,-1.,0.));
#4395 = DIRECTION('',(-1.,-1.110223024625E-16,0.));
#4396 = ADVANCED_FACE('',(#4397),#4415,.T.);
#4397 = FACE_BOUND('',#4398,.T.);
#4398 = EDGE_LOOP('',(#4399,#4407,#4413,#4414));
#4399 = ORIENTED_EDGE('',*,*,#4400,.T.);
#4400 = EDGE_CURVE('',#4379,#4401,#4403,.T.);
#4401 = VERTEX_POINT('',#4402);
#4402 = CARTESIAN_POINT('',(-2.5,-0.15,0.1));
#4403 = LINE('',#4404,#4405);
#4404 = CARTESIAN_POINT('',(-2.5,0.15,0.1));
#4405 = VECTOR('',#4406,1.);
#4406 = DIRECTION('',(1.110223024625E-16,-1.,0.));
#4407 = ORIENTED_EDGE('',*,*,#4408,.T.);
#4408 = EDGE_CURVE('',#4401,#2412,#4409,.T.);
#4409 = LINE('',#4410,#4411);
#4410 = CARTESIAN_POINT('',(-2.5,-0.15,0.1));
#4411 = VECTOR('',#4412,1.);
#4412 = DIRECTION('',(1.,1.110223024625E-16,0.));
#4413 = ORIENTED_EDGE('',*,*,#2419,.F.);
#4414 = ORIENTED_EDGE('',*,*,#4378,.T.);
#4415 = PLANE('',#4416);
#4416 = AXIS2_PLACEMENT_3D('',#4417,#4418,#4419);
#4417 = CARTESIAN_POINT('',(-2.4,-2.6645352591E-16,0.1));
#4418 = DIRECTION('',(0.,0.,1.));
#4419 = DIRECTION('',(1.110223024625E-16,-1.,0.));
#4420 = ADVANCED_FACE('',(#4421),#4448,.F.);
#4421 = FACE_BOUND('',#4422,.F.);
#4422 = EDGE_LOOP('',(#4423,#4433,#4439,#4440,#4441,#4442));
#4423 = ORIENTED_EDGE('',*,*,#4424,.F.);
#4424 = EDGE_CURVE('',#4425,#4427,#4429,.T.);
#4425 = VERTEX_POINT('',#4426);
#4426 = CARTESIAN_POINT('',(-2.5,-0.15,0.));
#4427 = VERTEX_POINT('',#4428);
#4428 = CARTESIAN_POINT('',(-2.3,-0.15,0.));
#4429 = LINE('',#4430,#4431);
#4430 = CARTESIAN_POINT('',(-2.5,-0.15,0.));
#4431 = VECTOR('',#4432,1.);
#4432 = DIRECTION('',(1.,1.110223024625E-16,0.));
#4433 = ORIENTED_EDGE('',*,*,#4434,.T.);
#4434 = EDGE_CURVE('',#4425,#4401,#4435,.T.);
#4435 = LINE('',#4436,#4437);
#4436 = CARTESIAN_POINT('',(-2.5,-0.15,0.));
#4437 = VECTOR('',#4438,1.);
#4438 = DIRECTION('',(0.,0.,1.));
#4439 = ORIENTED_EDGE('',*,*,#4408,.T.);
#4440 = ORIENTED_EDGE('',*,*,#2411,.F.);
#4441 = ORIENTED_EDGE('',*,*,#2746,.F.);
#4442 = ORIENTED_EDGE('',*,*,#4443,.F.);
#4443 = EDGE_CURVE('',#4427,#2739,#4444,.T.);
#4444 = LINE('',#4445,#4446);
#4445 = CARTESIAN_POINT('',(-2.3,-0.15,0.));
#4446 = VECTOR('',#4447,1.);
#4447 = DIRECTION('',(0.,0.,1.));
#4448 = PLANE('',#4449);
#4449 = AXIS2_PLACEMENT_3D('',#4450,#4451,#4452);
#4450 = CARTESIAN_POINT('',(-2.5,-0.15,0.));
#4451 = DIRECTION('',(-1.110223024625E-16,1.,0.));
#4452 = DIRECTION('',(1.,1.110223024625E-16,0.));
#4453 = ADVANCED_FACE('',(#4454),#4488,.F.);
#4454 = FACE_BOUND('',#4455,.F.);
#4455 = EDGE_LOOP('',(#4456,#4466,#4472,#4473,#4474,#4482));
#4456 = ORIENTED_EDGE('',*,*,#4457,.F.);
#4457 = EDGE_CURVE('',#4458,#4460,#4462,.T.);
#4458 = VERTEX_POINT('',#4459);
#4459 = CARTESIAN_POINT('',(-2.3,-0.5,0.));
#4460 = VERTEX_POINT('',#4461);
#4461 = CARTESIAN_POINT('',(-2.5,-0.5,0.));
#4462 = LINE('',#4463,#4464);
#4463 = CARTESIAN_POINT('',(-2.3,-0.5,0.));
#4464 = VECTOR('',#4465,1.);
#4465 = DIRECTION('',(-1.,-1.110223024625E-16,0.));
#4466 = ORIENTED_EDGE('',*,*,#4467,.T.);
#4467 = EDGE_CURVE('',#4458,#2754,#4468,.T.);
#4468 = LINE('',#4469,#4470);
#4469 = CARTESIAN_POINT('',(-2.3,-0.5,0.));
#4470 = VECTOR('',#4471,1.);
#4471 = DIRECTION('',(0.,0.,1.));
#4472 = ORIENTED_EDGE('',*,*,#2753,.F.);
#4473 = ORIENTED_EDGE('',*,*,#2395,.F.);
#4474 = ORIENTED_EDGE('',*,*,#4475,.T.);
#4475 = EDGE_CURVE('',#2388,#4476,#4478,.T.);
#4476 = VERTEX_POINT('',#4477);
#4477 = CARTESIAN_POINT('',(-2.5,-0.5,0.1));
#4478 = LINE('',#4479,#4480);
#4479 = CARTESIAN_POINT('',(-2.3,-0.5,0.1));
#4480 = VECTOR('',#4481,1.);
#4481 = DIRECTION('',(-1.,-1.110223024625E-16,0.));
#4482 = ORIENTED_EDGE('',*,*,#4483,.F.);
#4483 = EDGE_CURVE('',#4460,#4476,#4484,.T.);
#4484 = LINE('',#4485,#4486);
#4485 = CARTESIAN_POINT('',(-2.5,-0.5,0.));
#4486 = VECTOR('',#4487,1.);
#4487 = DIRECTION('',(0.,0.,1.));
#4488 = PLANE('',#4489);
#4489 = AXIS2_PLACEMENT_3D('',#4490,#4491,#4492);
#4490 = CARTESIAN_POINT('',(-2.3,-0.5,0.));
#4491 = DIRECTION('',(1.110223024625E-16,-1.,0.));
#4492 = DIRECTION('',(-1.,-1.110223024625E-16,0.));
#4493 = ADVANCED_FACE('',(#4494),#4512,.T.);
#4494 = FACE_BOUND('',#4495,.T.);
#4495 = EDGE_LOOP('',(#4496,#4504,#4510,#4511));
#4496 = ORIENTED_EDGE('',*,*,#4497,.T.);
#4497 = EDGE_CURVE('',#4476,#4498,#4500,.T.);
#4498 = VERTEX_POINT('',#4499);
#4499 = CARTESIAN_POINT('',(-2.5,-0.8,0.1));
#4500 = LINE('',#4501,#4502);
#4501 = CARTESIAN_POINT('',(-2.5,-0.5,0.1));
#4502 = VECTOR('',#4503,1.);
#4503 = DIRECTION('',(1.110223024625E-16,-1.,0.));
#4504 = ORIENTED_EDGE('',*,*,#4505,.T.);
#4505 = EDGE_CURVE('',#4498,#2380,#4506,.T.);
#4506 = LINE('',#4507,#4508);
#4507 = CARTESIAN_POINT('',(-2.5,-0.8,0.1));
#4508 = VECTOR('',#4509,1.);
#4509 = DIRECTION('',(1.,1.110223024625E-16,0.));
#4510 = ORIENTED_EDGE('',*,*,#2387,.F.);
#4511 = ORIENTED_EDGE('',*,*,#4475,.T.);
#4512 = PLANE('',#4513);
#4513 = AXIS2_PLACEMENT_3D('',#4514,#4515,#4516);
#4514 = CARTESIAN_POINT('',(-2.4,-0.65,0.1));
#4515 = DIRECTION('',(0.,0.,1.));
#4516 = DIRECTION('',(1.110223024625E-16,-1.,0.));
#4517 = ADVANCED_FACE('',(#4518),#4545,.F.);
#4518 = FACE_BOUND('',#4519,.F.);
#4519 = EDGE_LOOP('',(#4520,#4530,#4536,#4537,#4538,#4539));
#4520 = ORIENTED_EDGE('',*,*,#4521,.F.);
#4521 = EDGE_CURVE('',#4522,#4524,#4526,.T.);
#4522 = VERTEX_POINT('',#4523);
#4523 = CARTESIAN_POINT('',(-2.5,-0.8,0.));
#4524 = VERTEX_POINT('',#4525);
#4525 = CARTESIAN_POINT('',(-2.3,-0.8,0.));
#4526 = LINE('',#4527,#4528);
#4527 = CARTESIAN_POINT('',(-2.5,-0.8,0.));
#4528 = VECTOR('',#4529,1.);
#4529 = DIRECTION('',(1.,1.110223024625E-16,0.));
#4530 = ORIENTED_EDGE('',*,*,#4531,.T.);
#4531 = EDGE_CURVE('',#4522,#4498,#4532,.T.);
#4532 = LINE('',#4533,#4534);
#4533 = CARTESIAN_POINT('',(-2.5,-0.8,0.));
#4534 = VECTOR('',#4535,1.);
#4535 = DIRECTION('',(0.,0.,1.));
#4536 = ORIENTED_EDGE('',*,*,#4505,.T.);
#4537 = ORIENTED_EDGE('',*,*,#2379,.F.);
#4538 = ORIENTED_EDGE('',*,*,#2769,.F.);
#4539 = ORIENTED_EDGE('',*,*,#4540,.F.);
#4540 = EDGE_CURVE('',#4524,#2762,#4541,.T.);
#4541 = LINE('',#4542,#4543);
#4542 = CARTESIAN_POINT('',(-2.3,-0.8,0.));
#4543 = VECTOR('',#4544,1.);
#4544 = DIRECTION('',(0.,0.,1.));
#4545 = PLANE('',#4546);
#4546 = AXIS2_PLACEMENT_3D('',#4547,#4548,#4549);
#4547 = CARTESIAN_POINT('',(-2.5,-0.8,0.));
#4548 = DIRECTION('',(-1.110223024625E-16,1.,0.));
#4549 = DIRECTION('',(1.,1.110223024625E-16,0.));
#4550 = ADVANCED_FACE('',(#4551),#4585,.F.);
#4551 = FACE_BOUND('',#4552,.F.);
#4552 = EDGE_LOOP('',(#4553,#4563,#4569,#4570,#4571,#4579));
#4553 = ORIENTED_EDGE('',*,*,#4554,.F.);
#4554 = EDGE_CURVE('',#4555,#4557,#4559,.T.);
#4555 = VERTEX_POINT('',#4556);
#4556 = CARTESIAN_POINT('',(-2.3,-1.15,0.));
#4557 = VERTEX_POINT('',#4558);
#4558 = CARTESIAN_POINT('',(-2.5,-1.15,0.));
#4559 = LINE('',#4560,#4561);
#4560 = CARTESIAN_POINT('',(-2.3,-1.15,0.));
#4561 = VECTOR('',#4562,1.);
#4562 = DIRECTION('',(-1.,-1.110223024625E-16,0.));
#4563 = ORIENTED_EDGE('',*,*,#4564,.T.);
#4564 = EDGE_CURVE('',#4555,#2777,#4565,.T.);
#4565 = LINE('',#4566,#4567);
#4566 = CARTESIAN_POINT('',(-2.3,-1.15,0.));
#4567 = VECTOR('',#4568,1.);
#4568 = DIRECTION('',(0.,0.,1.));
#4569 = ORIENTED_EDGE('',*,*,#2776,.F.);
#4570 = ORIENTED_EDGE('',*,*,#2363,.F.);
#4571 = ORIENTED_EDGE('',*,*,#4572,.T.);
#4572 = EDGE_CURVE('',#2356,#4573,#4575,.T.);
#4573 = VERTEX_POINT('',#4574);
#4574 = CARTESIAN_POINT('',(-2.5,-1.15,0.1));
#4575 = LINE('',#4576,#4577);
#4576 = CARTESIAN_POINT('',(-2.3,-1.15,0.1));
#4577 = VECTOR('',#4578,1.);
#4578 = DIRECTION('',(-1.,-1.110223024625E-16,0.));
#4579 = ORIENTED_EDGE('',*,*,#4580,.F.);
#4580 = EDGE_CURVE('',#4557,#4573,#4581,.T.);
#4581 = LINE('',#4582,#4583);
#4582 = CARTESIAN_POINT('',(-2.5,-1.15,0.));
#4583 = VECTOR('',#4584,1.);
#4584 = DIRECTION('',(0.,0.,1.));
#4585 = PLANE('',#4586);
#4586 = AXIS2_PLACEMENT_3D('',#4587,#4588,#4589);
#4587 = CARTESIAN_POINT('',(-2.3,-1.15,0.));
#4588 = DIRECTION('',(1.110223024625E-16,-1.,0.));
#4589 = DIRECTION('',(-1.,-1.110223024625E-16,0.));
#4590 = ADVANCED_FACE('',(#4591),#4609,.T.);
#4591 = FACE_BOUND('',#4592,.T.);
#4592 = EDGE_LOOP('',(#4593,#4601,#4607,#4608));
#4593 = ORIENTED_EDGE('',*,*,#4594,.T.);
#4594 = EDGE_CURVE('',#4573,#4595,#4597,.T.);
#4595 = VERTEX_POINT('',#4596);
#4596 = CARTESIAN_POINT('',(-2.5,-1.45,0.1));
#4597 = LINE('',#4598,#4599);
#4598 = CARTESIAN_POINT('',(-2.5,-1.15,0.1));
#4599 = VECTOR('',#4600,1.);
#4600 = DIRECTION('',(1.110223024625E-16,-1.,0.));
#4601 = ORIENTED_EDGE('',*,*,#4602,.T.);
#4602 = EDGE_CURVE('',#4595,#2348,#4603,.T.);
#4603 = LINE('',#4604,#4605);
#4604 = CARTESIAN_POINT('',(-2.5,-1.45,0.1));
#4605 = VECTOR('',#4606,1.);
#4606 = DIRECTION('',(1.,1.110223024625E-16,0.));
#4607 = ORIENTED_EDGE('',*,*,#2355,.F.);
#4608 = ORIENTED_EDGE('',*,*,#4572,.T.);
#4609 = PLANE('',#4610);
#4610 = AXIS2_PLACEMENT_3D('',#4611,#4612,#4613);
#4611 = CARTESIAN_POINT('',(-2.4,-1.3,0.1));
#4612 = DIRECTION('',(0.,0.,1.));
#4613 = DIRECTION('',(1.110223024625E-16,-1.,0.));
#4614 = ADVANCED_FACE('',(#4615),#4642,.F.);
#4615 = FACE_BOUND('',#4616,.F.);
#4616 = EDGE_LOOP('',(#4617,#4627,#4633,#4634,#4635,#4636));
#4617 = ORIENTED_EDGE('',*,*,#4618,.F.);
#4618 = EDGE_CURVE('',#4619,#4621,#4623,.T.);
#4619 = VERTEX_POINT('',#4620);
#4620 = CARTESIAN_POINT('',(-2.5,-1.45,0.));
#4621 = VERTEX_POINT('',#4622);
#4622 = CARTESIAN_POINT('',(-2.3,-1.45,0.));
#4623 = LINE('',#4624,#4625);
#4624 = CARTESIAN_POINT('',(-2.5,-1.45,0.));
#4625 = VECTOR('',#4626,1.);
#4626 = DIRECTION('',(1.,1.110223024625E-16,0.));
#4627 = ORIENTED_EDGE('',*,*,#4628,.T.);
#4628 = EDGE_CURVE('',#4619,#4595,#4629,.T.);
#4629 = LINE('',#4630,#4631);
#4630 = CARTESIAN_POINT('',(-2.5,-1.45,0.));
#4631 = VECTOR('',#4632,1.);
#4632 = DIRECTION('',(0.,0.,1.));
#4633 = ORIENTED_EDGE('',*,*,#4602,.T.);
#4634 = ORIENTED_EDGE('',*,*,#2347,.F.);
#4635 = ORIENTED_EDGE('',*,*,#2792,.F.);
#4636 = ORIENTED_EDGE('',*,*,#4637,.F.);
#4637 = EDGE_CURVE('',#4621,#2785,#4638,.T.);
#4638 = LINE('',#4639,#4640);
#4639 = CARTESIAN_POINT('',(-2.3,-1.45,0.));
#4640 = VECTOR('',#4641,1.);
#4641 = DIRECTION('',(0.,0.,1.));
#4642 = PLANE('',#4643);
#4643 = AXIS2_PLACEMENT_3D('',#4644,#4645,#4646);
#4644 = CARTESIAN_POINT('',(-2.5,-1.45,0.));
#4645 = DIRECTION('',(-1.110223024625E-16,1.,0.));
#4646 = DIRECTION('',(1.,1.110223024625E-16,0.));
#4647 = ADVANCED_FACE('',(#4648),#4682,.F.);
#4648 = FACE_BOUND('',#4649,.F.);
#4649 = EDGE_LOOP('',(#4650,#4660,#4668,#4674,#4675,#4676));
#4650 = ORIENTED_EDGE('',*,*,#4651,.F.);
#4651 = EDGE_CURVE('',#4652,#4654,#4656,.T.);
#4652 = VERTEX_POINT('',#4653);
#4653 = CARTESIAN_POINT('',(1.45,-2.5,0.));
#4654 = VERTEX_POINT('',#4655);
#4655 = CARTESIAN_POINT('',(1.45,-2.3,0.));
#4656 = LINE('',#4657,#4658);
#4657 = CARTESIAN_POINT('',(1.45,-2.5,0.));
#4658 = VECTOR('',#4659,1.);
#4659 = DIRECTION('',(-1.144237745222E-17,1.,0.));
#4660 = ORIENTED_EDGE('',*,*,#4661,.T.);
#4661 = EDGE_CURVE('',#4652,#4662,#4664,.T.);
#4662 = VERTEX_POINT('',#4663);
#4663 = CARTESIAN_POINT('',(1.45,-2.5,0.1));
#4664 = LINE('',#4665,#4666);
#4665 = CARTESIAN_POINT('',(1.45,-2.5,0.));
#4666 = VECTOR('',#4667,1.);
#4667 = DIRECTION('',(0.,0.,1.));
#4668 = ORIENTED_EDGE('',*,*,#4669,.T.);
#4669 = EDGE_CURVE('',#4662,#2652,#4670,.T.);
#4670 = LINE('',#4671,#4672);
#4671 = CARTESIAN_POINT('',(1.45,-2.5,0.1));
#4672 = VECTOR('',#4673,1.);
#4673 = DIRECTION('',(-1.144237745222E-17,1.,0.));
#4674 = ORIENTED_EDGE('',*,*,#2659,.T.);
#4675 = ORIENTED_EDGE('',*,*,#2908,.F.);
#4676 = ORIENTED_EDGE('',*,*,#4677,.F.);
#4677 = EDGE_CURVE('',#4654,#2901,#4678,.T.);
#4678 = LINE('',#4679,#4680);
#4679 = CARTESIAN_POINT('',(1.45,-2.3,0.));
#4680 = VECTOR('',#4681,1.);
#4681 = DIRECTION('',(0.,0.,1.));
#4682 = PLANE('',#4683);
#4683 = AXIS2_PLACEMENT_3D('',#4684,#4685,#4686);
#4684 = CARTESIAN_POINT('',(1.45,-2.5,0.));
#4685 = DIRECTION('',(-1.,-1.144237745222E-17,0.));
#4686 = DIRECTION('',(-1.144237745222E-17,1.,0.));
#4687 = ADVANCED_FACE('',(#4688),#4706,.T.);
#4688 = FACE_BOUND('',#4689,.T.);
#4689 = EDGE_LOOP('',(#4690,#4698,#4699,#4700));
#4690 = ORIENTED_EDGE('',*,*,#4691,.T.);
#4691 = EDGE_CURVE('',#4692,#4662,#4694,.T.);
#4692 = VERTEX_POINT('',#4693);
#4693 = CARTESIAN_POINT('',(1.15,-2.5,0.1));
#4694 = LINE('',#4695,#4696);
#4695 = CARTESIAN_POINT('',(1.15,-2.5,0.1));
#4696 = VECTOR('',#4697,1.);
#4697 = DIRECTION('',(1.,1.144237745222E-17,0.));
#4698 = ORIENTED_EDGE('',*,*,#4669,.T.);
#4699 = ORIENTED_EDGE('',*,*,#2651,.T.);
#4700 = ORIENTED_EDGE('',*,*,#4701,.T.);
#4701 = EDGE_CURVE('',#2644,#4692,#4702,.T.);
#4702 = LINE('',#4703,#4704);
#4703 = CARTESIAN_POINT('',(1.15,-2.3,0.1));
#4704 = VECTOR('',#4705,1.);
#4705 = DIRECTION('',(1.144237745222E-17,-1.,0.));
#4706 = PLANE('',#4707);
#4707 = AXIS2_PLACEMENT_3D('',#4708,#4709,#4710);
#4708 = CARTESIAN_POINT('',(1.3,-2.4,0.1));
#4709 = DIRECTION('',(0.,0.,1.));
#4710 = DIRECTION('',(1.,1.144237745222E-17,-0.));
#4711 = ADVANCED_FACE('',(#4712),#4739,.F.);
#4712 = FACE_BOUND('',#4713,.F.);
#4713 = EDGE_LOOP('',(#4714,#4724,#4730,#4731,#4732,#4733));
#4714 = ORIENTED_EDGE('',*,*,#4715,.F.);
#4715 = EDGE_CURVE('',#4716,#4718,#4720,.T.);
#4716 = VERTEX_POINT('',#4717);
#4717 = CARTESIAN_POINT('',(1.15,-2.3,0.));
#4718 = VERTEX_POINT('',#4719);
#4719 = CARTESIAN_POINT('',(1.15,-2.5,0.));
#4720 = LINE('',#4721,#4722);
#4721 = CARTESIAN_POINT('',(1.15,-2.3,0.));
#4722 = VECTOR('',#4723,1.);
#4723 = DIRECTION('',(1.144237745222E-17,-1.,0.));
#4724 = ORIENTED_EDGE('',*,*,#4725,.T.);
#4725 = EDGE_CURVE('',#4716,#2893,#4726,.T.);
#4726 = LINE('',#4727,#4728);
#4727 = CARTESIAN_POINT('',(1.15,-2.3,0.));
#4728 = VECTOR('',#4729,1.);
#4729 = DIRECTION('',(0.,0.,1.));
#4730 = ORIENTED_EDGE('',*,*,#2892,.F.);
#4731 = ORIENTED_EDGE('',*,*,#2643,.T.);
#4732 = ORIENTED_EDGE('',*,*,#4701,.T.);
#4733 = ORIENTED_EDGE('',*,*,#4734,.F.);
#4734 = EDGE_CURVE('',#4718,#4692,#4735,.T.);
#4735 = LINE('',#4736,#4737);
#4736 = CARTESIAN_POINT('',(1.15,-2.5,0.));
#4737 = VECTOR('',#4738,1.);
#4738 = DIRECTION('',(0.,0.,1.));
#4739 = PLANE('',#4740);
#4740 = AXIS2_PLACEMENT_3D('',#4741,#4742,#4743);
#4741 = CARTESIAN_POINT('',(1.15,-2.3,0.));
#4742 = DIRECTION('',(1.,1.144237745222E-17,0.));
#4743 = DIRECTION('',(1.144237745222E-17,-1.,0.));
#4744 = ADVANCED_FACE('',(#4745),#4779,.F.);
#4745 = FACE_BOUND('',#4746,.F.);
#4746 = EDGE_LOOP('',(#4747,#4757,#4765,#4771,#4772,#4773));
#4747 = ORIENTED_EDGE('',*,*,#4748,.F.);
#4748 = EDGE_CURVE('',#4749,#4751,#4753,.T.);
#4749 = VERTEX_POINT('',#4750);
#4750 = CARTESIAN_POINT('',(0.8,-2.5,0.));
#4751 = VERTEX_POINT('',#4752);
#4752 = CARTESIAN_POINT('',(0.8,-2.3,0.));
#4753 = LINE('',#4754,#4755);
#4754 = CARTESIAN_POINT('',(0.8,-2.5,0.));
#4755 = VECTOR('',#4756,1.);
#4756 = DIRECTION('',(-1.144237745222E-17,1.,0.));
#4757 = ORIENTED_EDGE('',*,*,#4758,.T.);
#4758 = EDGE_CURVE('',#4749,#4759,#4761,.T.);
#4759 = VERTEX_POINT('',#4760);
#4760 = CARTESIAN_POINT('',(0.8,-2.5,0.1));
#4761 = LINE('',#4762,#4763);
#4762 = CARTESIAN_POINT('',(0.8,-2.5,0.));
#4763 = VECTOR('',#4764,1.);
#4764 = DIRECTION('',(0.,0.,1.));
#4765 = ORIENTED_EDGE('',*,*,#4766,.T.);
#4766 = EDGE_CURVE('',#4759,#2620,#4767,.T.);
#4767 = LINE('',#4768,#4769);
#4768 = CARTESIAN_POINT('',(0.8,-2.5,0.1));
#4769 = VECTOR('',#4770,1.);
#4770 = DIRECTION('',(-1.144237745222E-17,1.,0.));
#4771 = ORIENTED_EDGE('',*,*,#2627,.T.);
#4772 = ORIENTED_EDGE('',*,*,#2885,.F.);
#4773 = ORIENTED_EDGE('',*,*,#4774,.F.);
#4774 = EDGE_CURVE('',#4751,#2878,#4775,.T.);
#4775 = LINE('',#4776,#4777);
#4776 = CARTESIAN_POINT('',(0.8,-2.3,0.));
#4777 = VECTOR('',#4778,1.);
#4778 = DIRECTION('',(0.,0.,1.));
#4779 = PLANE('',#4780);
#4780 = AXIS2_PLACEMENT_3D('',#4781,#4782,#4783);
#4781 = CARTESIAN_POINT('',(0.8,-2.5,0.));
#4782 = DIRECTION('',(-1.,-1.144237745222E-17,0.));
#4783 = DIRECTION('',(-1.144237745222E-17,1.,0.));
#4784 = ADVANCED_FACE('',(#4785),#4803,.T.);
#4785 = FACE_BOUND('',#4786,.T.);
#4786 = EDGE_LOOP('',(#4787,#4795,#4796,#4797));
#4787 = ORIENTED_EDGE('',*,*,#4788,.T.);
#4788 = EDGE_CURVE('',#4789,#4759,#4791,.T.);
#4789 = VERTEX_POINT('',#4790);
#4790 = CARTESIAN_POINT('',(0.5,-2.5,0.1));
#4791 = LINE('',#4792,#4793);
#4792 = CARTESIAN_POINT('',(0.5,-2.5,0.1));
#4793 = VECTOR('',#4794,1.);
#4794 = DIRECTION('',(1.,1.144237745222E-17,0.));
#4795 = ORIENTED_EDGE('',*,*,#4766,.T.);
#4796 = ORIENTED_EDGE('',*,*,#2619,.T.);
#4797 = ORIENTED_EDGE('',*,*,#4798,.T.);
#4798 = EDGE_CURVE('',#2612,#4789,#4799,.T.);
#4799 = LINE('',#4800,#4801);
#4800 = CARTESIAN_POINT('',(0.5,-2.3,0.1));
#4801 = VECTOR('',#4802,1.);
#4802 = DIRECTION('',(1.144237745222E-17,-1.,0.));
#4803 = PLANE('',#4804);
#4804 = AXIS2_PLACEMENT_3D('',#4805,#4806,#4807);
#4805 = CARTESIAN_POINT('',(0.65,-2.4,0.1));
#4806 = DIRECTION('',(0.,0.,1.));
#4807 = DIRECTION('',(1.,1.144237745222E-17,-0.));
#4808 = ADVANCED_FACE('',(#4809),#4836,.F.);
#4809 = FACE_BOUND('',#4810,.F.);
#4810 = EDGE_LOOP('',(#4811,#4821,#4827,#4828,#4829,#4830));
#4811 = ORIENTED_EDGE('',*,*,#4812,.F.);
#4812 = EDGE_CURVE('',#4813,#4815,#4817,.T.);
#4813 = VERTEX_POINT('',#4814);
#4814 = CARTESIAN_POINT('',(0.5,-2.3,0.));
#4815 = VERTEX_POINT('',#4816);
#4816 = CARTESIAN_POINT('',(0.5,-2.5,0.));
#4817 = LINE('',#4818,#4819);
#4818 = CARTESIAN_POINT('',(0.5,-2.3,0.));
#4819 = VECTOR('',#4820,1.);
#4820 = DIRECTION('',(1.144237745222E-17,-1.,0.));
#4821 = ORIENTED_EDGE('',*,*,#4822,.T.);
#4822 = EDGE_CURVE('',#4813,#2870,#4823,.T.);
#4823 = LINE('',#4824,#4825);
#4824 = CARTESIAN_POINT('',(0.5,-2.3,0.));
#4825 = VECTOR('',#4826,1.);
#4826 = DIRECTION('',(0.,0.,1.));
#4827 = ORIENTED_EDGE('',*,*,#2869,.F.);
#4828 = ORIENTED_EDGE('',*,*,#2611,.T.);
#4829 = ORIENTED_EDGE('',*,*,#4798,.T.);
#4830 = ORIENTED_EDGE('',*,*,#4831,.F.);
#4831 = EDGE_CURVE('',#4815,#4789,#4832,.T.);
#4832 = LINE('',#4833,#4834);
#4833 = CARTESIAN_POINT('',(0.5,-2.5,0.));
#4834 = VECTOR('',#4835,1.);
#4835 = DIRECTION('',(0.,0.,1.));
#4836 = PLANE('',#4837);
#4837 = AXIS2_PLACEMENT_3D('',#4838,#4839,#4840);
#4838 = CARTESIAN_POINT('',(0.5,-2.3,0.));
#4839 = DIRECTION('',(1.,1.144237745222E-17,0.));
#4840 = DIRECTION('',(1.144237745222E-17,-1.,0.));
#4841 = ADVANCED_FACE('',(#4842),#4876,.F.);
#4842 = FACE_BOUND('',#4843,.F.);
#4843 = EDGE_LOOP('',(#4844,#4854,#4862,#4868,#4869,#4870));
#4844 = ORIENTED_EDGE('',*,*,#4845,.F.);
#4845 = EDGE_CURVE('',#4846,#4848,#4850,.T.);
#4846 = VERTEX_POINT('',#4847);
#4847 = CARTESIAN_POINT('',(0.15,-2.5,0.));
#4848 = VERTEX_POINT('',#4849);
#4849 = CARTESIAN_POINT('',(0.15,-2.3,0.));
#4850 = LINE('',#4851,#4852);
#4851 = CARTESIAN_POINT('',(0.15,-2.5,0.));
#4852 = VECTOR('',#4853,1.);
#4853 = DIRECTION('',(-1.144237745222E-17,1.,0.));
#4854 = ORIENTED_EDGE('',*,*,#4855,.T.);
#4855 = EDGE_CURVE('',#4846,#4856,#4858,.T.);
#4856 = VERTEX_POINT('',#4857);
#4857 = CARTESIAN_POINT('',(0.15,-2.5,0.1));
#4858 = LINE('',#4859,#4860);
#4859 = CARTESIAN_POINT('',(0.15,-2.5,0.));
#4860 = VECTOR('',#4861,1.);
#4861 = DIRECTION('',(0.,0.,1.));
#4862 = ORIENTED_EDGE('',*,*,#4863,.T.);
#4863 = EDGE_CURVE('',#4856,#2588,#4864,.T.);
#4864 = LINE('',#4865,#4866);
#4865 = CARTESIAN_POINT('',(0.15,-2.5,0.1));
#4866 = VECTOR('',#4867,1.);
#4867 = DIRECTION('',(-1.144237745222E-17,1.,0.));
#4868 = ORIENTED_EDGE('',*,*,#2595,.T.);
#4869 = ORIENTED_EDGE('',*,*,#2862,.F.);
#4870 = ORIENTED_EDGE('',*,*,#4871,.F.);
#4871 = EDGE_CURVE('',#4848,#2855,#4872,.T.);
#4872 = LINE('',#4873,#4874);
#4873 = CARTESIAN_POINT('',(0.15,-2.3,0.));
#4874 = VECTOR('',#4875,1.);
#4875 = DIRECTION('',(0.,0.,1.));
#4876 = PLANE('',#4877);
#4877 = AXIS2_PLACEMENT_3D('',#4878,#4879,#4880);
#4878 = CARTESIAN_POINT('',(0.15,-2.5,0.));
#4879 = DIRECTION('',(-1.,-1.144237745222E-17,0.));
#4880 = DIRECTION('',(-1.144237745222E-17,1.,0.));
#4881 = ADVANCED_FACE('',(#4882),#4900,.T.);
#4882 = FACE_BOUND('',#4883,.T.);
#4883 = EDGE_LOOP('',(#4884,#4892,#4893,#4894));
#4884 = ORIENTED_EDGE('',*,*,#4885,.T.);
#4885 = EDGE_CURVE('',#4886,#4856,#4888,.T.);
#4886 = VERTEX_POINT('',#4887);
#4887 = CARTESIAN_POINT('',(-0.15,-2.5,0.1));
#4888 = LINE('',#4889,#4890);
#4889 = CARTESIAN_POINT('',(-0.15,-2.5,0.1));
#4890 = VECTOR('',#4891,1.);
#4891 = DIRECTION('',(1.,1.144237745222E-17,0.));
#4892 = ORIENTED_EDGE('',*,*,#4863,.T.);
#4893 = ORIENTED_EDGE('',*,*,#2587,.T.);
#4894 = ORIENTED_EDGE('',*,*,#4895,.T.);
#4895 = EDGE_CURVE('',#2580,#4886,#4896,.T.);
#4896 = LINE('',#4897,#4898);
#4897 = CARTESIAN_POINT('',(-0.15,-2.3,0.1));
#4898 = VECTOR('',#4899,1.);
#4899 = DIRECTION('',(1.144237745222E-17,-1.,0.));
#4900 = PLANE('',#4901);
#4901 = AXIS2_PLACEMENT_3D('',#4902,#4903,#4904);
#4902 = CARTESIAN_POINT('',(2.746170588533E-17,-2.4,0.1));
#4903 = DIRECTION('',(0.,0.,1.));
#4904 = DIRECTION('',(1.,1.144237745222E-17,-0.));
#4905 = ADVANCED_FACE('',(#4906),#4933,.F.);
#4906 = FACE_BOUND('',#4907,.F.);
#4907 = EDGE_LOOP('',(#4908,#4918,#4924,#4925,#4926,#4927));
#4908 = ORIENTED_EDGE('',*,*,#4909,.F.);
#4909 = EDGE_CURVE('',#4910,#4912,#4914,.T.);
#4910 = VERTEX_POINT('',#4911);
#4911 = CARTESIAN_POINT('',(-0.15,-2.3,0.));
#4912 = VERTEX_POINT('',#4913);
#4913 = CARTESIAN_POINT('',(-0.15,-2.5,0.));
#4914 = LINE('',#4915,#4916);
#4915 = CARTESIAN_POINT('',(-0.15,-2.3,0.));
#4916 = VECTOR('',#4917,1.);
#4917 = DIRECTION('',(1.144237745222E-17,-1.,0.));
#4918 = ORIENTED_EDGE('',*,*,#4919,.T.);
#4919 = EDGE_CURVE('',#4910,#2847,#4920,.T.);
#4920 = LINE('',#4921,#4922);
#4921 = CARTESIAN_POINT('',(-0.15,-2.3,0.));
#4922 = VECTOR('',#4923,1.);
#4923 = DIRECTION('',(0.,0.,1.));
#4924 = ORIENTED_EDGE('',*,*,#2846,.F.);
#4925 = ORIENTED_EDGE('',*,*,#2579,.T.);
#4926 = ORIENTED_EDGE('',*,*,#4895,.T.);
#4927 = ORIENTED_EDGE('',*,*,#4928,.F.);
#4928 = EDGE_CURVE('',#4912,#4886,#4929,.T.);
#4929 = LINE('',#4930,#4931);
#4930 = CARTESIAN_POINT('',(-0.15,-2.5,0.));
#4931 = VECTOR('',#4932,1.);
#4932 = DIRECTION('',(0.,0.,1.));
#4933 = PLANE('',#4934);
#4934 = AXIS2_PLACEMENT_3D('',#4935,#4936,#4937);
#4935 = CARTESIAN_POINT('',(-0.15,-2.3,0.));
#4936 = DIRECTION('',(1.,1.144237745222E-17,0.));
#4937 = DIRECTION('',(1.144237745222E-17,-1.,0.));
#4938 = ADVANCED_FACE('',(#4939),#4973,.F.);
#4939 = FACE_BOUND('',#4940,.F.);
#4940 = EDGE_LOOP('',(#4941,#4951,#4959,#4965,#4966,#4967));
#4941 = ORIENTED_EDGE('',*,*,#4942,.F.);
#4942 = EDGE_CURVE('',#4943,#4945,#4947,.T.);
#4943 = VERTEX_POINT('',#4944);
#4944 = CARTESIAN_POINT('',(-0.5,-2.5,0.));
#4945 = VERTEX_POINT('',#4946);
#4946 = CARTESIAN_POINT('',(-0.5,-2.3,0.));
#4947 = LINE('',#4948,#4949);
#4948 = CARTESIAN_POINT('',(-0.5,-2.5,0.));
#4949 = VECTOR('',#4950,1.);
#4950 = DIRECTION('',(-1.144237745222E-17,1.,0.));
#4951 = ORIENTED_EDGE('',*,*,#4952,.T.);
#4952 = EDGE_CURVE('',#4943,#4953,#4955,.T.);
#4953 = VERTEX_POINT('',#4954);
#4954 = CARTESIAN_POINT('',(-0.5,-2.5,0.1));
#4955 = LINE('',#4956,#4957);
#4956 = CARTESIAN_POINT('',(-0.5,-2.5,0.));
#4957 = VECTOR('',#4958,1.);
#4958 = DIRECTION('',(0.,0.,1.));
#4959 = ORIENTED_EDGE('',*,*,#4960,.T.);
#4960 = EDGE_CURVE('',#4953,#2556,#4961,.T.);
#4961 = LINE('',#4962,#4963);
#4962 = CARTESIAN_POINT('',(-0.5,-2.5,0.1));
#4963 = VECTOR('',#4964,1.);
#4964 = DIRECTION('',(-1.144237745222E-17,1.,0.));
#4965 = ORIENTED_EDGE('',*,*,#2563,.T.);
#4966 = ORIENTED_EDGE('',*,*,#2839,.F.);
#4967 = ORIENTED_EDGE('',*,*,#4968,.F.);
#4968 = EDGE_CURVE('',#4945,#2832,#4969,.T.);
#4969 = LINE('',#4970,#4971);
#4970 = CARTESIAN_POINT('',(-0.5,-2.3,0.));
#4971 = VECTOR('',#4972,1.);
#4972 = DIRECTION('',(0.,0.,1.));
#4973 = PLANE('',#4974);
#4974 = AXIS2_PLACEMENT_3D('',#4975,#4976,#4977);
#4975 = CARTESIAN_POINT('',(-0.5,-2.5,0.));
#4976 = DIRECTION('',(-1.,-1.144237745222E-17,0.));
#4977 = DIRECTION('',(-1.144237745222E-17,1.,0.));
#4978 = ADVANCED_FACE('',(#4979),#4997,.T.);
#4979 = FACE_BOUND('',#4980,.T.);
#4980 = EDGE_LOOP('',(#4981,#4989,#4990,#4991));
#4981 = ORIENTED_EDGE('',*,*,#4982,.T.);
#4982 = EDGE_CURVE('',#4983,#4953,#4985,.T.);
#4983 = VERTEX_POINT('',#4984);
#4984 = CARTESIAN_POINT('',(-0.8,-2.5,0.1));
#4985 = LINE('',#4986,#4987);
#4986 = CARTESIAN_POINT('',(-0.8,-2.5,0.1));
#4987 = VECTOR('',#4988,1.);
#4988 = DIRECTION('',(1.,1.144237745222E-17,0.));
#4989 = ORIENTED_EDGE('',*,*,#4960,.T.);
#4990 = ORIENTED_EDGE('',*,*,#2555,.T.);
#4991 = ORIENTED_EDGE('',*,*,#4992,.T.);
#4992 = EDGE_CURVE('',#2548,#4983,#4993,.T.);
#4993 = LINE('',#4994,#4995);
#4994 = CARTESIAN_POINT('',(-0.8,-2.3,0.1));
#4995 = VECTOR('',#4996,1.);
#4996 = DIRECTION('',(1.144237745222E-17,-1.,0.));
#4997 = PLANE('',#4998);
#4998 = AXIS2_PLACEMENT_3D('',#4999,#5000,#5001);
#4999 = CARTESIAN_POINT('',(-0.65,-2.4,0.1));
#5000 = DIRECTION('',(0.,0.,1.));
#5001 = DIRECTION('',(1.,1.144237745222E-17,-0.));
#5002 = ADVANCED_FACE('',(#5003),#5030,.F.);
#5003 = FACE_BOUND('',#5004,.F.);
#5004 = EDGE_LOOP('',(#5005,#5015,#5021,#5022,#5023,#5024));
#5005 = ORIENTED_EDGE('',*,*,#5006,.F.);
#5006 = EDGE_CURVE('',#5007,#5009,#5011,.T.);
#5007 = VERTEX_POINT('',#5008);
#5008 = CARTESIAN_POINT('',(-0.8,-2.3,0.));
#5009 = VERTEX_POINT('',#5010);
#5010 = CARTESIAN_POINT('',(-0.8,-2.5,0.));
#5011 = LINE('',#5012,#5013);
#5012 = CARTESIAN_POINT('',(-0.8,-2.3,0.));
#5013 = VECTOR('',#5014,1.);
#5014 = DIRECTION('',(1.144237745222E-17,-1.,0.));
#5015 = ORIENTED_EDGE('',*,*,#5016,.T.);
#5016 = EDGE_CURVE('',#5007,#2824,#5017,.T.);
#5017 = LINE('',#5018,#5019);
#5018 = CARTESIAN_POINT('',(-0.8,-2.3,0.));
#5019 = VECTOR('',#5020,1.);
#5020 = DIRECTION('',(0.,0.,1.));
#5021 = ORIENTED_EDGE('',*,*,#2823,.F.);
#5022 = ORIENTED_EDGE('',*,*,#2547,.T.);
#5023 = ORIENTED_EDGE('',*,*,#4992,.T.);
#5024 = ORIENTED_EDGE('',*,*,#5025,.F.);
#5025 = EDGE_CURVE('',#5009,#4983,#5026,.T.);
#5026 = LINE('',#5027,#5028);
#5027 = CARTESIAN_POINT('',(-0.8,-2.5,0.));
#5028 = VECTOR('',#5029,1.);
#5029 = DIRECTION('',(0.,0.,1.));
#5030 = PLANE('',#5031);
#5031 = AXIS2_PLACEMENT_3D('',#5032,#5033,#5034);
#5032 = CARTESIAN_POINT('',(-0.8,-2.3,0.));
#5033 = DIRECTION('',(1.,1.144237745222E-17,0.));
#5034 = DIRECTION('',(1.144237745222E-17,-1.,0.));
#5035 = ADVANCED_FACE('',(#5036),#5070,.F.);
#5036 = FACE_BOUND('',#5037,.F.);
#5037 = EDGE_LOOP('',(#5038,#5048,#5056,#5062,#5063,#5064));
#5038 = ORIENTED_EDGE('',*,*,#5039,.F.);
#5039 = EDGE_CURVE('',#5040,#5042,#5044,.T.);
#5040 = VERTEX_POINT('',#5041);
#5041 = CARTESIAN_POINT('',(-1.15,-2.5,0.));
#5042 = VERTEX_POINT('',#5043);
#5043 = CARTESIAN_POINT('',(-1.15,-2.3,0.));
#5044 = LINE('',#5045,#5046);
#5045 = CARTESIAN_POINT('',(-1.15,-2.5,0.));
#5046 = VECTOR('',#5047,1.);
#5047 = DIRECTION('',(-1.144237745222E-17,1.,0.));
#5048 = ORIENTED_EDGE('',*,*,#5049,.T.);
#5049 = EDGE_CURVE('',#5040,#5050,#5052,.T.);
#5050 = VERTEX_POINT('',#5051);
#5051 = CARTESIAN_POINT('',(-1.15,-2.5,0.1));
#5052 = LINE('',#5053,#5054);
#5053 = CARTESIAN_POINT('',(-1.15,-2.5,0.));
#5054 = VECTOR('',#5055,1.);
#5055 = DIRECTION('',(0.,0.,1.));
#5056 = ORIENTED_EDGE('',*,*,#5057,.T.);
#5057 = EDGE_CURVE('',#5050,#2524,#5058,.T.);
#5058 = LINE('',#5059,#5060);
#5059 = CARTESIAN_POINT('',(-1.15,-2.5,0.1));
#5060 = VECTOR('',#5061,1.);
#5061 = DIRECTION('',(-1.144237745222E-17,1.,0.));
#5062 = ORIENTED_EDGE('',*,*,#2531,.T.);
#5063 = ORIENTED_EDGE('',*,*,#2816,.F.);
#5064 = ORIENTED_EDGE('',*,*,#5065,.F.);
#5065 = EDGE_CURVE('',#5042,#2809,#5066,.T.);
#5066 = LINE('',#5067,#5068);
#5067 = CARTESIAN_POINT('',(-1.15,-2.3,0.));
#5068 = VECTOR('',#5069,1.);
#5069 = DIRECTION('',(0.,0.,1.));
#5070 = PLANE('',#5071);
#5071 = AXIS2_PLACEMENT_3D('',#5072,#5073,#5074);
#5072 = CARTESIAN_POINT('',(-1.15,-2.5,0.));
#5073 = DIRECTION('',(-1.,-1.144237745222E-17,0.));
#5074 = DIRECTION('',(-1.144237745222E-17,1.,0.));
#5075 = ADVANCED_FACE('',(#5076),#5094,.T.);
#5076 = FACE_BOUND('',#5077,.T.);
#5077 = EDGE_LOOP('',(#5078,#5086,#5087,#5088));
#5078 = ORIENTED_EDGE('',*,*,#5079,.T.);
#5079 = EDGE_CURVE('',#5080,#5050,#5082,.T.);
#5080 = VERTEX_POINT('',#5081);
#5081 = CARTESIAN_POINT('',(-1.45,-2.5,0.1));
#5082 = LINE('',#5083,#5084);
#5083 = CARTESIAN_POINT('',(-1.45,-2.5,0.1));
#5084 = VECTOR('',#5085,1.);
#5085 = DIRECTION('',(1.,1.144237745222E-17,0.));
#5086 = ORIENTED_EDGE('',*,*,#5057,.T.);
#5087 = ORIENTED_EDGE('',*,*,#2523,.T.);
#5088 = ORIENTED_EDGE('',*,*,#5089,.T.);
#5089 = EDGE_CURVE('',#2516,#5080,#5090,.T.);
#5090 = LINE('',#5091,#5092);
#5091 = CARTESIAN_POINT('',(-1.45,-2.3,0.1));
#5092 = VECTOR('',#5093,1.);
#5093 = DIRECTION('',(1.144237745222E-17,-1.,0.));
#5094 = PLANE('',#5095);
#5095 = AXIS2_PLACEMENT_3D('',#5096,#5097,#5098);
#5096 = CARTESIAN_POINT('',(-1.3,-2.4,0.1));
#5097 = DIRECTION('',(0.,0.,1.));
#5098 = DIRECTION('',(1.,1.144237745222E-17,-0.));
#5099 = ADVANCED_FACE('',(#5100),#5127,.F.);
#5100 = FACE_BOUND('',#5101,.F.);
#5101 = EDGE_LOOP('',(#5102,#5112,#5118,#5119,#5120,#5121));
#5102 = ORIENTED_EDGE('',*,*,#5103,.F.);
#5103 = EDGE_CURVE('',#5104,#5106,#5108,.T.);
#5104 = VERTEX_POINT('',#5105);
#5105 = CARTESIAN_POINT('',(-1.45,-2.3,0.));
#5106 = VERTEX_POINT('',#5107);
#5107 = CARTESIAN_POINT('',(-1.45,-2.5,0.));
#5108 = LINE('',#5109,#5110);
#5109 = CARTESIAN_POINT('',(-1.45,-2.3,0.));
#5110 = VECTOR('',#5111,1.);
#5111 = DIRECTION('',(1.144237745222E-17,-1.,0.));
#5112 = ORIENTED_EDGE('',*,*,#5113,.T.);
#5113 = EDGE_CURVE('',#5104,#2801,#5114,.T.);
#5114 = LINE('',#5115,#5116);
#5115 = CARTESIAN_POINT('',(-1.45,-2.3,0.));
#5116 = VECTOR('',#5117,1.);
#5117 = DIRECTION('',(0.,0.,1.));
#5118 = ORIENTED_EDGE('',*,*,#2800,.F.);
#5119 = ORIENTED_EDGE('',*,*,#2515,.T.);
#5120 = ORIENTED_EDGE('',*,*,#5089,.T.);
#5121 = ORIENTED_EDGE('',*,*,#5122,.F.);
#5122 = EDGE_CURVE('',#5106,#5080,#5123,.T.);
#5123 = LINE('',#5124,#5125);
#5124 = CARTESIAN_POINT('',(-1.45,-2.5,0.));
#5125 = VECTOR('',#5126,1.);
#5126 = DIRECTION('',(0.,0.,1.));
#5127 = PLANE('',#5128);
#5128 = AXIS2_PLACEMENT_3D('',#5129,#5130,#5131);
#5129 = CARTESIAN_POINT('',(-1.45,-2.3,0.));
#5130 = DIRECTION('',(1.,1.144237745222E-17,0.));
#5131 = DIRECTION('',(1.144237745222E-17,-1.,0.));
#5132 = ADVANCED_FACE('',(#5133),#5144,.F.);
#5133 = FACE_BOUND('',#5134,.F.);
#5134 = EDGE_LOOP('',(#5135,#5141,#5142,#5143));
#5135 = ORIENTED_EDGE('',*,*,#5136,.F.);
#5136 = EDGE_CURVE('',#3651,#3585,#5137,.T.);
#5137 = LINE('',#5138,#5139);
#5138 = CARTESIAN_POINT('',(-1.45,2.3,0.));
#5139 = VECTOR('',#5140,1.);
#5140 = DIRECTION('',(1.,1.224646799147E-16,0.));
#5141 = ORIENTED_EDGE('',*,*,#3667,.T.);
#5142 = ORIENTED_EDGE('',*,*,#3132,.F.);
#5143 = ORIENTED_EDGE('',*,*,#3594,.F.);
#5144 = PLANE('',#5145);
#5145 = AXIS2_PLACEMENT_3D('',#5146,#5147,#5148);
#5146 = CARTESIAN_POINT('',(-1.45,2.3,0.));
#5147 = DIRECTION('',(-1.224646799147E-16,1.,0.));
#5148 = DIRECTION('',(1.,1.224646799147E-16,0.));
#5149 = ADVANCED_FACE('',(#5150),#5161,.F.);
#5150 = FACE_BOUND('',#5151,.F.);
#5151 = EDGE_LOOP('',(#5152,#5158,#5159,#5160));
#5152 = ORIENTED_EDGE('',*,*,#5153,.F.);
#5153 = EDGE_CURVE('',#3554,#3488,#5154,.T.);
#5154 = LINE('',#5155,#5156);
#5155 = CARTESIAN_POINT('',(-0.8,2.3,0.));
#5156 = VECTOR('',#5157,1.);
#5157 = DIRECTION('',(1.,1.224646799147E-16,0.));
#5158 = ORIENTED_EDGE('',*,*,#3570,.T.);
#5159 = ORIENTED_EDGE('',*,*,#3109,.F.);
#5160 = ORIENTED_EDGE('',*,*,#3497,.F.);
#5161 = PLANE('',#5162);
#5162 = AXIS2_PLACEMENT_3D('',#5163,#5164,#5165);
#5163 = CARTESIAN_POINT('',(-0.8,2.3,0.));
#5164 = DIRECTION('',(-1.224646799147E-16,1.,0.));
#5165 = DIRECTION('',(1.,1.224646799147E-16,0.));
#5166 = ADVANCED_FACE('',(#5167),#5178,.F.);
#5167 = FACE_BOUND('',#5168,.F.);
#5168 = EDGE_LOOP('',(#5169,#5175,#5176,#5177));
#5169 = ORIENTED_EDGE('',*,*,#5170,.F.);
#5170 = EDGE_CURVE('',#3457,#3391,#5171,.T.);
#5171 = LINE('',#5172,#5173);
#5172 = CARTESIAN_POINT('',(-0.15,2.3,0.));
#5173 = VECTOR('',#5174,1.);
#5174 = DIRECTION('',(1.,1.224646799147E-16,0.));
#5175 = ORIENTED_EDGE('',*,*,#3473,.T.);
#5176 = ORIENTED_EDGE('',*,*,#3086,.F.);
#5177 = ORIENTED_EDGE('',*,*,#3400,.F.);
#5178 = PLANE('',#5179);
#5179 = AXIS2_PLACEMENT_3D('',#5180,#5181,#5182);
#5180 = CARTESIAN_POINT('',(-0.15,2.3,0.));
#5181 = DIRECTION('',(-1.224646799147E-16,1.,0.));
#5182 = DIRECTION('',(1.,1.224646799147E-16,0.));
#5183 = ADVANCED_FACE('',(#5184),#5195,.F.);
#5184 = FACE_BOUND('',#5185,.F.);
#5185 = EDGE_LOOP('',(#5186,#5192,#5193,#5194));
#5186 = ORIENTED_EDGE('',*,*,#5187,.F.);
#5187 = EDGE_CURVE('',#3360,#3294,#5188,.T.);
#5188 = LINE('',#5189,#5190);
#5189 = CARTESIAN_POINT('',(0.5,2.3,0.));
#5190 = VECTOR('',#5191,1.);
#5191 = DIRECTION('',(1.,1.224646799147E-16,0.));
#5192 = ORIENTED_EDGE('',*,*,#3376,.T.);
#5193 = ORIENTED_EDGE('',*,*,#3063,.F.);
#5194 = ORIENTED_EDGE('',*,*,#3303,.F.);
#5195 = PLANE('',#5196);
#5196 = AXIS2_PLACEMENT_3D('',#5197,#5198,#5199);
#5197 = CARTESIAN_POINT('',(0.5,2.3,0.));
#5198 = DIRECTION('',(-1.224646799147E-16,1.,0.));
#5199 = DIRECTION('',(1.,1.224646799147E-16,0.));
#5200 = ADVANCED_FACE('',(#5201),#5212,.F.);
#5201 = FACE_BOUND('',#5202,.F.);
#5202 = EDGE_LOOP('',(#5203,#5209,#5210,#5211));
#5203 = ORIENTED_EDGE('',*,*,#5204,.F.);
#5204 = EDGE_CURVE('',#3263,#3197,#5205,.T.);
#5205 = LINE('',#5206,#5207);
#5206 = CARTESIAN_POINT('',(1.15,2.3,0.));
#5207 = VECTOR('',#5208,1.);
#5208 = DIRECTION('',(1.,1.224646799147E-16,0.));
#5209 = ORIENTED_EDGE('',*,*,#3279,.T.);
#5210 = ORIENTED_EDGE('',*,*,#3040,.F.);
#5211 = ORIENTED_EDGE('',*,*,#3206,.F.);
#5212 = PLANE('',#5213);
#5213 = AXIS2_PLACEMENT_3D('',#5214,#5215,#5216);
#5214 = CARTESIAN_POINT('',(1.15,2.3,0.));
#5215 = DIRECTION('',(-1.224646799147E-16,1.,0.));
#5216 = DIRECTION('',(1.,1.224646799147E-16,0.));
#5217 = ADVANCED_FACE('',(#5218),#5229,.F.);
#5218 = FACE_BOUND('',#5219,.F.);
#5219 = EDGE_LOOP('',(#5220,#5226,#5227,#5228));
#5220 = ORIENTED_EDGE('',*,*,#5221,.F.);
#5221 = EDGE_CURVE('',#3684,#3746,#5222,.T.);
#5222 = LINE('',#5223,#5224);
#5223 = CARTESIAN_POINT('',(2.3,1.45,0.));
#5224 = VECTOR('',#5225,1.);
#5225 = DIRECTION('',(2.334869823773E-16,-1.,0.));
#5226 = ORIENTED_EDGE('',*,*,#3707,.T.);
#5227 = ORIENTED_EDGE('',*,*,#3016,.F.);
#5228 = ORIENTED_EDGE('',*,*,#3755,.F.);
#5229 = PLANE('',#5230);
#5230 = AXIS2_PLACEMENT_3D('',#5231,#5232,#5233);
#5231 = CARTESIAN_POINT('',(2.3,1.45,0.));
#5232 = DIRECTION('',(1.,2.334869823773E-16,0.));
#5233 = DIRECTION('',(2.334869823773E-16,-1.,0.));
#5234 = ADVANCED_FACE('',(#5235),#5246,.F.);
#5235 = FACE_BOUND('',#5236,.F.);
#5236 = EDGE_LOOP('',(#5237,#5243,#5244,#5245));
#5237 = ORIENTED_EDGE('',*,*,#5238,.F.);
#5238 = EDGE_CURVE('',#3781,#3843,#5239,.T.);
#5239 = LINE('',#5240,#5241);
#5240 = CARTESIAN_POINT('',(2.3,0.8,0.));
#5241 = VECTOR('',#5242,1.);
#5242 = DIRECTION('',(2.334869823773E-16,-1.,0.));
#5243 = ORIENTED_EDGE('',*,*,#3804,.T.);
#5244 = ORIENTED_EDGE('',*,*,#2993,.F.);
#5245 = ORIENTED_EDGE('',*,*,#3852,.F.);
#5246 = PLANE('',#5247);
#5247 = AXIS2_PLACEMENT_3D('',#5248,#5249,#5250);
#5248 = CARTESIAN_POINT('',(2.3,0.8,0.));
#5249 = DIRECTION('',(1.,2.334869823773E-16,0.));
#5250 = DIRECTION('',(2.334869823773E-16,-1.,0.));
#5251 = ADVANCED_FACE('',(#5252),#5263,.F.);
#5252 = FACE_BOUND('',#5253,.F.);
#5253 = EDGE_LOOP('',(#5254,#5260,#5261,#5262));
#5254 = ORIENTED_EDGE('',*,*,#5255,.F.);
#5255 = EDGE_CURVE('',#3878,#3940,#5256,.T.);
#5256 = LINE('',#5257,#5258);
#5257 = CARTESIAN_POINT('',(2.3,0.15,0.));
#5258 = VECTOR('',#5259,1.);
#5259 = DIRECTION('',(2.334869823773E-16,-1.,0.));
#5260 = ORIENTED_EDGE('',*,*,#3901,.T.);
#5261 = ORIENTED_EDGE('',*,*,#2970,.F.);
#5262 = ORIENTED_EDGE('',*,*,#3949,.F.);
#5263 = PLANE('',#5264);
#5264 = AXIS2_PLACEMENT_3D('',#5265,#5266,#5267);
#5265 = CARTESIAN_POINT('',(2.3,0.15,0.));
#5266 = DIRECTION('',(1.,2.334869823773E-16,0.));
#5267 = DIRECTION('',(2.334869823773E-16,-1.,0.));
#5268 = ADVANCED_FACE('',(#5269),#5280,.F.);
#5269 = FACE_BOUND('',#5270,.F.);
#5270 = EDGE_LOOP('',(#5271,#5277,#5278,#5279));
#5271 = ORIENTED_EDGE('',*,*,#5272,.F.);
#5272 = EDGE_CURVE('',#3975,#4037,#5273,.T.);
#5273 = LINE('',#5274,#5275);
#5274 = CARTESIAN_POINT('',(2.3,-0.5,0.));
#5275 = VECTOR('',#5276,1.);
#5276 = DIRECTION('',(2.334869823773E-16,-1.,0.));
#5277 = ORIENTED_EDGE('',*,*,#3998,.T.);
#5278 = ORIENTED_EDGE('',*,*,#2947,.F.);
#5279 = ORIENTED_EDGE('',*,*,#4046,.F.);
#5280 = PLANE('',#5281);
#5281 = AXIS2_PLACEMENT_3D('',#5282,#5283,#5284);
#5282 = CARTESIAN_POINT('',(2.3,-0.5,0.));
#5283 = DIRECTION('',(1.,2.334869823773E-16,0.));
#5284 = DIRECTION('',(2.334869823773E-16,-1.,0.));
#5285 = ADVANCED_FACE('',(#5286),#5297,.F.);
#5286 = FACE_BOUND('',#5287,.F.);
#5287 = EDGE_LOOP('',(#5288,#5294,#5295,#5296));
#5288 = ORIENTED_EDGE('',*,*,#5289,.F.);
#5289 = EDGE_CURVE('',#4072,#4134,#5290,.T.);
#5290 = LINE('',#5291,#5292);
#5291 = CARTESIAN_POINT('',(2.3,-1.15,0.));
#5292 = VECTOR('',#5293,1.);
#5293 = DIRECTION('',(2.334869823773E-16,-1.,0.));
#5294 = ORIENTED_EDGE('',*,*,#4095,.T.);
#5295 = ORIENTED_EDGE('',*,*,#2924,.F.);
#5296 = ORIENTED_EDGE('',*,*,#4143,.F.);
#5297 = PLANE('',#5298);
#5298 = AXIS2_PLACEMENT_3D('',#5299,#5300,#5301);
#5299 = CARTESIAN_POINT('',(2.3,-1.15,0.));
#5300 = DIRECTION('',(1.,2.334869823773E-16,0.));
#5301 = DIRECTION('',(2.334869823773E-16,-1.,0.));
#5302 = ADVANCED_FACE('',(#5303),#5314,.F.);
#5303 = FACE_BOUND('',#5304,.F.);
#5304 = EDGE_LOOP('',(#5305,#5311,#5312,#5313));
#5305 = ORIENTED_EDGE('',*,*,#5306,.F.);
#5306 = EDGE_CURVE('',#4654,#4716,#5307,.T.);
#5307 = LINE('',#5308,#5309);
#5308 = CARTESIAN_POINT('',(1.45,-2.3,0.));
#5309 = VECTOR('',#5310,1.);
#5310 = DIRECTION('',(-1.,-1.144237745222E-17,0.));
#5311 = ORIENTED_EDGE('',*,*,#4677,.T.);
#5312 = ORIENTED_EDGE('',*,*,#2900,.F.);
#5313 = ORIENTED_EDGE('',*,*,#4725,.F.);
#5314 = PLANE('',#5315);
#5315 = AXIS2_PLACEMENT_3D('',#5316,#5317,#5318);
#5316 = CARTESIAN_POINT('',(1.45,-2.3,0.));
#5317 = DIRECTION('',(1.144237745222E-17,-1.,0.));
#5318 = DIRECTION('',(-1.,-1.144237745222E-17,0.));
#5319 = ADVANCED_FACE('',(#5320),#5331,.F.);
#5320 = FACE_BOUND('',#5321,.F.);
#5321 = EDGE_LOOP('',(#5322,#5328,#5329,#5330));
#5322 = ORIENTED_EDGE('',*,*,#5323,.F.);
#5323 = EDGE_CURVE('',#4751,#4813,#5324,.T.);
#5324 = LINE('',#5325,#5326);
#5325 = CARTESIAN_POINT('',(0.8,-2.3,0.));
#5326 = VECTOR('',#5327,1.);
#5327 = DIRECTION('',(-1.,-1.144237745222E-17,0.));
#5328 = ORIENTED_EDGE('',*,*,#4774,.T.);
#5329 = ORIENTED_EDGE('',*,*,#2877,.F.);
#5330 = ORIENTED_EDGE('',*,*,#4822,.F.);
#5331 = PLANE('',#5332);
#5332 = AXIS2_PLACEMENT_3D('',#5333,#5334,#5335);
#5333 = CARTESIAN_POINT('',(0.8,-2.3,0.));
#5334 = DIRECTION('',(1.144237745222E-17,-1.,0.));
#5335 = DIRECTION('',(-1.,-1.144237745222E-17,0.));
#5336 = ADVANCED_FACE('',(#5337),#5348,.F.);
#5337 = FACE_BOUND('',#5338,.F.);
#5338 = EDGE_LOOP('',(#5339,#5345,#5346,#5347));
#5339 = ORIENTED_EDGE('',*,*,#5340,.F.);
#5340 = EDGE_CURVE('',#4848,#4910,#5341,.T.);
#5341 = LINE('',#5342,#5343);
#5342 = CARTESIAN_POINT('',(0.15,-2.3,0.));
#5343 = VECTOR('',#5344,1.);
#5344 = DIRECTION('',(-1.,-1.144237745222E-17,0.));
#5345 = ORIENTED_EDGE('',*,*,#4871,.T.);
#5346 = ORIENTED_EDGE('',*,*,#2854,.F.);
#5347 = ORIENTED_EDGE('',*,*,#4919,.F.);
#5348 = PLANE('',#5349);
#5349 = AXIS2_PLACEMENT_3D('',#5350,#5351,#5352);
#5350 = CARTESIAN_POINT('',(0.15,-2.3,0.));
#5351 = DIRECTION('',(1.144237745222E-17,-1.,0.));
#5352 = DIRECTION('',(-1.,-1.144237745222E-17,0.));
#5353 = ADVANCED_FACE('',(#5354),#5365,.F.);
#5354 = FACE_BOUND('',#5355,.F.);
#5355 = EDGE_LOOP('',(#5356,#5362,#5363,#5364));
#5356 = ORIENTED_EDGE('',*,*,#5357,.F.);
#5357 = EDGE_CURVE('',#4945,#5007,#5358,.T.);
#5358 = LINE('',#5359,#5360);
#5359 = CARTESIAN_POINT('',(-0.5,-2.3,0.));
#5360 = VECTOR('',#5361,1.);
#5361 = DIRECTION('',(-1.,-1.144237745222E-17,0.));
#5362 = ORIENTED_EDGE('',*,*,#4968,.T.);
#5363 = ORIENTED_EDGE('',*,*,#2831,.F.);
#5364 = ORIENTED_EDGE('',*,*,#5016,.F.);
#5365 = PLANE('',#5366);
#5366 = AXIS2_PLACEMENT_3D('',#5367,#5368,#5369);
#5367 = CARTESIAN_POINT('',(-0.5,-2.3,0.));
#5368 = DIRECTION('',(1.144237745222E-17,-1.,0.));
#5369 = DIRECTION('',(-1.,-1.144237745222E-17,0.));
#5370 = ADVANCED_FACE('',(#5371),#5382,.F.);
#5371 = FACE_BOUND('',#5372,.F.);
#5372 = EDGE_LOOP('',(#5373,#5379,#5380,#5381));
#5373 = ORIENTED_EDGE('',*,*,#5374,.F.);
#5374 = EDGE_CURVE('',#5042,#5104,#5375,.T.);
#5375 = LINE('',#5376,#5377);
#5376 = CARTESIAN_POINT('',(-1.15,-2.3,0.));
#5377 = VECTOR('',#5378,1.);
#5378 = DIRECTION('',(-1.,-1.144237745222E-17,0.));
#5379 = ORIENTED_EDGE('',*,*,#5065,.T.);
#5380 = ORIENTED_EDGE('',*,*,#2808,.F.);
#5381 = ORIENTED_EDGE('',*,*,#5113,.F.);
#5382 = PLANE('',#5383);
#5383 = AXIS2_PLACEMENT_3D('',#5384,#5385,#5386);
#5384 = CARTESIAN_POINT('',(-1.15,-2.3,0.));
#5385 = DIRECTION('',(1.144237745222E-17,-1.,0.));
#5386 = DIRECTION('',(-1.,-1.144237745222E-17,0.));
#5387 = ADVANCED_FACE('',(#5388),#5399,.F.);
#5388 = FACE_BOUND('',#5389,.F.);
#5389 = EDGE_LOOP('',(#5390,#5396,#5397,#5398));
#5390 = ORIENTED_EDGE('',*,*,#5391,.F.);
#5391 = EDGE_CURVE('',#4621,#4555,#5392,.T.);
#5392 = LINE('',#5393,#5394);
#5393 = CARTESIAN_POINT('',(-2.3,-1.45,0.));
#5394 = VECTOR('',#5395,1.);
#5395 = DIRECTION('',(-1.110223024625E-16,1.,0.));
#5396 = ORIENTED_EDGE('',*,*,#4637,.T.);
#5397 = ORIENTED_EDGE('',*,*,#2784,.F.);
#5398 = ORIENTED_EDGE('',*,*,#4564,.F.);
#5399 = PLANE('',#5400);
#5400 = AXIS2_PLACEMENT_3D('',#5401,#5402,#5403);
#5401 = CARTESIAN_POINT('',(-2.3,-1.45,0.));
#5402 = DIRECTION('',(-1.,-1.110223024625E-16,0.));
#5403 = DIRECTION('',(-1.110223024625E-16,1.,0.));
#5404 = ADVANCED_FACE('',(#5405),#5416,.F.);
#5405 = FACE_BOUND('',#5406,.F.);
#5406 = EDGE_LOOP('',(#5407,#5413,#5414,#5415));
#5407 = ORIENTED_EDGE('',*,*,#5408,.F.);
#5408 = EDGE_CURVE('',#4524,#4458,#5409,.T.);
#5409 = LINE('',#5410,#5411);
#5410 = CARTESIAN_POINT('',(-2.3,-0.8,0.));
#5411 = VECTOR('',#5412,1.);
#5412 = DIRECTION('',(-1.110223024625E-16,1.,0.));
#5413 = ORIENTED_EDGE('',*,*,#4540,.T.);
#5414 = ORIENTED_EDGE('',*,*,#2761,.F.);
#5415 = ORIENTED_EDGE('',*,*,#4467,.F.);
#5416 = PLANE('',#5417);
#5417 = AXIS2_PLACEMENT_3D('',#5418,#5419,#5420);
#5418 = CARTESIAN_POINT('',(-2.3,-0.8,0.));
#5419 = DIRECTION('',(-1.,-1.110223024625E-16,0.));
#5420 = DIRECTION('',(-1.110223024625E-16,1.,0.));
#5421 = ADVANCED_FACE('',(#5422),#5433,.F.);
#5422 = FACE_BOUND('',#5423,.F.);
#5423 = EDGE_LOOP('',(#5424,#5430,#5431,#5432));
#5424 = ORIENTED_EDGE('',*,*,#5425,.F.);
#5425 = EDGE_CURVE('',#4427,#4361,#5426,.T.);
#5426 = LINE('',#5427,#5428);
#5427 = CARTESIAN_POINT('',(-2.3,-0.15,0.));
#5428 = VECTOR('',#5429,1.);
#5429 = DIRECTION('',(-1.110223024625E-16,1.,0.));
#5430 = ORIENTED_EDGE('',*,*,#4443,.T.);
#5431 = ORIENTED_EDGE('',*,*,#2738,.F.);
#5432 = ORIENTED_EDGE('',*,*,#4370,.F.);
#5433 = PLANE('',#5434);
#5434 = AXIS2_PLACEMENT_3D('',#5435,#5436,#5437);
#5435 = CARTESIAN_POINT('',(-2.3,-0.15,0.));
#5436 = DIRECTION('',(-1.,-1.110223024625E-16,0.));
#5437 = DIRECTION('',(-1.110223024625E-16,1.,0.));
#5438 = ADVANCED_FACE('',(#5439),#5450,.F.);
#5439 = FACE_BOUND('',#5440,.F.);
#5440 = EDGE_LOOP('',(#5441,#5447,#5448,#5449));
#5441 = ORIENTED_EDGE('',*,*,#5442,.F.);
#5442 = EDGE_CURVE('',#4330,#4264,#5443,.T.);
#5443 = LINE('',#5444,#5445);
#5444 = CARTESIAN_POINT('',(-2.3,0.5,0.));
#5445 = VECTOR('',#5446,1.);
#5446 = DIRECTION('',(-1.110223024625E-16,1.,0.));
#5447 = ORIENTED_EDGE('',*,*,#4346,.T.);
#5448 = ORIENTED_EDGE('',*,*,#2715,.F.);
#5449 = ORIENTED_EDGE('',*,*,#4273,.F.);
#5450 = PLANE('',#5451);
#5451 = AXIS2_PLACEMENT_3D('',#5452,#5453,#5454);
#5452 = CARTESIAN_POINT('',(-2.3,0.5,0.));
#5453 = DIRECTION('',(-1.,-1.110223024625E-16,0.));
#5454 = DIRECTION('',(-1.110223024625E-16,1.,0.));
#5455 = ADVANCED_FACE('',(#5456),#5467,.F.);
#5456 = FACE_BOUND('',#5457,.F.);
#5457 = EDGE_LOOP('',(#5458,#5464,#5465,#5466));
#5458 = ORIENTED_EDGE('',*,*,#5459,.F.);
#5459 = EDGE_CURVE('',#4233,#4167,#5460,.T.);
#5460 = LINE('',#5461,#5462);
#5461 = CARTESIAN_POINT('',(-2.3,1.15,0.));
#5462 = VECTOR('',#5463,1.);
#5463 = DIRECTION('',(-1.110223024625E-16,1.,0.));
#5464 = ORIENTED_EDGE('',*,*,#4249,.T.);
#5465 = ORIENTED_EDGE('',*,*,#2692,.F.);
#5466 = ORIENTED_EDGE('',*,*,#4176,.F.);
#5467 = PLANE('',#5468);
#5468 = AXIS2_PLACEMENT_3D('',#5469,#5470,#5471);
#5469 = CARTESIAN_POINT('',(-2.3,1.15,0.));
#5470 = DIRECTION('',(-1.,-1.110223024625E-16,0.));
#5471 = DIRECTION('',(-1.110223024625E-16,1.,0.));
#5472 = ADVANCED_FACE('',(#5473),#5498,.F.);
#5473 = FACE_BOUND('',#5474,.F.);
#5474 = EDGE_LOOP('',(#5475,#5485,#5491,#5492));
#5475 = ORIENTED_EDGE('',*,*,#5476,.F.);
#5476 = EDGE_CURVE('',#5477,#5479,#5481,.T.);
#5477 = VERTEX_POINT('',#5478);
#5478 = CARTESIAN_POINT('',(-1.575,-1.575,0.));
#5479 = VERTEX_POINT('',#5480);
#5480 = CARTESIAN_POINT('',(1.575,-1.575,0.));
#5481 = LINE('',#5482,#5483);
#5482 = CARTESIAN_POINT('',(-1.575,-1.575,0.));
#5483 = VECTOR('',#5484,1.);
#5484 = DIRECTION('',(1.,1.110223024625E-16,0.));
#5485 = ORIENTED_EDGE('',*,*,#5486,.T.);
#5486 = EDGE_CURVE('',#5477,#3151,#5487,.T.);
#5487 = LINE('',#5488,#5489);
#5488 = CARTESIAN_POINT('',(-1.575,-1.575,0.));
#5489 = VECTOR('',#5490,1.);
#5490 = DIRECTION('',(0.,0.,1.));
#5491 = ORIENTED_EDGE('',*,*,#3148,.F.);
#5492 = ORIENTED_EDGE('',*,*,#5493,.F.);
#5493 = EDGE_CURVE('',#5479,#3149,#5494,.T.);
#5494 = LINE('',#5495,#5496);
#5495 = CARTESIAN_POINT('',(1.575,-1.575,0.));
#5496 = VECTOR('',#5497,1.);
#5497 = DIRECTION('',(0.,0.,1.));
#5498 = PLANE('',#5499);
#5499 = AXIS2_PLACEMENT_3D('',#5500,#5501,#5502);
#5500 = CARTESIAN_POINT('',(-1.575,-1.575,0.));
#5501 = DIRECTION('',(-1.110223024625E-16,1.,0.));
#5502 = DIRECTION('',(1.,1.110223024625E-16,0.));
#5503 = ADVANCED_FACE('',(#5504),#5522,.F.);
#5504 = FACE_BOUND('',#5505,.F.);
#5505 = EDGE_LOOP('',(#5506,#5514,#5515,#5516));
#5506 = ORIENTED_EDGE('',*,*,#5507,.F.);
#5507 = EDGE_CURVE('',#5479,#5508,#5510,.T.);
#5508 = VERTEX_POINT('',#5509);
#5509 = CARTESIAN_POINT('',(1.575,1.575,0.));
#5510 = LINE('',#5511,#5512);
#5511 = CARTESIAN_POINT('',(1.575,-1.575,0.));
#5512 = VECTOR('',#5513,1.);
#5513 = DIRECTION('',(-1.110223024625E-16,1.,0.));
#5514 = ORIENTED_EDGE('',*,*,#5493,.T.);
#5515 = ORIENTED_EDGE('',*,*,#3182,.F.);
#5516 = ORIENTED_EDGE('',*,*,#5517,.F.);
#5517 = EDGE_CURVE('',#5508,#3175,#5518,.T.);
#5518 = LINE('',#5519,#5520);
#5519 = CARTESIAN_POINT('',(1.575,1.575,0.));
#5520 = VECTOR('',#5521,1.);
#5521 = DIRECTION('',(0.,0.,1.));
#5522 = PLANE('',#5523);
#5523 = AXIS2_PLACEMENT_3D('',#5524,#5525,#5526);
#5524 = CARTESIAN_POINT('',(1.575,-1.575,0.));
#5525 = DIRECTION('',(-1.,-1.110223024625E-16,0.));
#5526 = DIRECTION('',(-1.110223024625E-16,1.,0.));
#5527 = ADVANCED_FACE('',(#5528),#5546,.F.);
#5528 = FACE_BOUND('',#5529,.F.);
#5529 = EDGE_LOOP('',(#5530,#5538,#5539,#5540));
#5530 = ORIENTED_EDGE('',*,*,#5531,.F.);
#5531 = EDGE_CURVE('',#5508,#5532,#5534,.T.);
#5532 = VERTEX_POINT('',#5533);
#5533 = CARTESIAN_POINT('',(-1.325,1.575,0.));
#5534 = LINE('',#5535,#5536);
#5535 = CARTESIAN_POINT('',(1.575,1.575,0.));
#5536 = VECTOR('',#5537,1.);
#5537 = DIRECTION('',(-1.,-1.110223024625E-16,0.));
#5538 = ORIENTED_EDGE('',*,*,#5517,.T.);
#5539 = ORIENTED_EDGE('',*,*,#3174,.F.);
#5540 = ORIENTED_EDGE('',*,*,#5541,.F.);
#5541 = EDGE_CURVE('',#5532,#3167,#5542,.T.);
#5542 = LINE('',#5543,#5544);
#5543 = CARTESIAN_POINT('',(-1.325,1.575,0.));
#5544 = VECTOR('',#5545,1.);
#5545 = DIRECTION('',(0.,0.,1.));
#5546 = PLANE('',#5547);
#5547 = AXIS2_PLACEMENT_3D('',#5548,#5549,#5550);
#5548 = CARTESIAN_POINT('',(1.575,1.575,0.));
#5549 = DIRECTION('',(1.110223024625E-16,-1.,0.));
#5550 = DIRECTION('',(-1.,-1.110223024625E-16,0.));
#5551 = ADVANCED_FACE('',(#5552),#5570,.F.);
#5552 = FACE_BOUND('',#5553,.F.);
#5553 = EDGE_LOOP('',(#5554,#5562,#5563,#5564));
#5554 = ORIENTED_EDGE('',*,*,#5555,.F.);
#5555 = EDGE_CURVE('',#5532,#5556,#5558,.T.);
#5556 = VERTEX_POINT('',#5557);
#5557 = CARTESIAN_POINT('',(-1.575,1.325,0.));
#5558 = LINE('',#5559,#5560);
#5559 = CARTESIAN_POINT('',(-1.325,1.575,0.));
#5560 = VECTOR('',#5561,1.);
#5561 = DIRECTION('',(-0.707106781187,-0.707106781187,0.));
#5562 = ORIENTED_EDGE('',*,*,#5541,.T.);
#5563 = ORIENTED_EDGE('',*,*,#3166,.F.);
#5564 = ORIENTED_EDGE('',*,*,#5565,.F.);
#5565 = EDGE_CURVE('',#5556,#3159,#5566,.T.);
#5566 = LINE('',#5567,#5568);
#5567 = CARTESIAN_POINT('',(-1.575,1.325,0.));
#5568 = VECTOR('',#5569,1.);
#5569 = DIRECTION('',(0.,0.,1.));
#5570 = PLANE('',#5571);
#5571 = AXIS2_PLACEMENT_3D('',#5572,#5573,#5574);
#5572 = CARTESIAN_POINT('',(-1.325,1.575,0.));
#5573 = DIRECTION('',(0.707106781187,-0.707106781187,0.));
#5574 = DIRECTION('',(-0.707106781187,-0.707106781187,0.));
#5575 = ADVANCED_FACE('',(#5576),#5587,.F.);
#5576 = FACE_BOUND('',#5577,.F.);
#5577 = EDGE_LOOP('',(#5578,#5584,#5585,#5586));
#5578 = ORIENTED_EDGE('',*,*,#5579,.F.);
#5579 = EDGE_CURVE('',#5556,#5477,#5580,.T.);
#5580 = LINE('',#5581,#5582);
#5581 = CARTESIAN_POINT('',(-1.575,1.325,0.));
#5582 = VECTOR('',#5583,1.);
#5583 = DIRECTION('',(1.110223024625E-16,-1.,0.));
#5584 = ORIENTED_EDGE('',*,*,#5565,.T.);
#5585 = ORIENTED_EDGE('',*,*,#3158,.F.);
#5586 = ORIENTED_EDGE('',*,*,#5486,.F.);
#5587 = PLANE('',#5588);
#5588 = AXIS2_PLACEMENT_3D('',#5589,#5590,#5591);
#5589 = CARTESIAN_POINT('',(-1.575,1.325,0.));
#5590 = DIRECTION('',(1.,1.110223024625E-16,0.));
#5591 = DIRECTION('',(1.110223024625E-16,-1.,0.));
#5592 = ADVANCED_FACE('',(#5593),#5604,.F.);
#5593 = FACE_BOUND('',#5594,.F.);
#5594 = EDGE_LOOP('',(#5595,#5596,#5597,#5598));
#5595 = ORIENTED_EDGE('',*,*,#3260,.T.);
#5596 = ORIENTED_EDGE('',*,*,#5204,.T.);
#5597 = ORIENTED_EDGE('',*,*,#3196,.T.);
#5598 = ORIENTED_EDGE('',*,*,#5599,.T.);
#5599 = EDGE_CURVE('',#3199,#3261,#5600,.T.);
#5600 = LINE('',#5601,#5602);
#5601 = CARTESIAN_POINT('',(1.45,2.5,0.));
#5602 = VECTOR('',#5603,1.);
#5603 = DIRECTION('',(-1.,-1.224646799147E-16,0.));
#5604 = PLANE('',#5605);
#5605 = AXIS2_PLACEMENT_3D('',#5606,#5607,#5608);
#5606 = CARTESIAN_POINT('',(1.3,2.4,0.));
#5607 = DIRECTION('',(0.,0.,1.));
#5608 = DIRECTION('',(-1.,-1.224646799147E-16,0.));
#5609 = ADVANCED_FACE('',(#5610),#5616,.F.);
#5610 = FACE_BOUND('',#5611,.F.);
#5611 = EDGE_LOOP('',(#5612,#5613,#5614,#5615));
#5612 = ORIENTED_EDGE('',*,*,#3222,.T.);
#5613 = ORIENTED_EDGE('',*,*,#3236,.T.);
#5614 = ORIENTED_EDGE('',*,*,#3270,.F.);
#5615 = ORIENTED_EDGE('',*,*,#5599,.F.);
#5616 = PLANE('',#5617);
#5617 = AXIS2_PLACEMENT_3D('',#5618,#5619,#5620);
#5618 = CARTESIAN_POINT('',(1.45,2.5,0.));
#5619 = DIRECTION('',(1.224646799147E-16,-1.,0.));
#5620 = DIRECTION('',(-1.,-1.224646799147E-16,0.));
#5621 = ADVANCED_FACE('',(#5622),#5633,.F.);
#5622 = FACE_BOUND('',#5623,.F.);
#5623 = EDGE_LOOP('',(#5624,#5625,#5626,#5627));
#5624 = ORIENTED_EDGE('',*,*,#3357,.T.);
#5625 = ORIENTED_EDGE('',*,*,#5187,.T.);
#5626 = ORIENTED_EDGE('',*,*,#3293,.T.);
#5627 = ORIENTED_EDGE('',*,*,#5628,.T.);
#5628 = EDGE_CURVE('',#3296,#3358,#5629,.T.);
#5629 = LINE('',#5630,#5631);
#5630 = CARTESIAN_POINT('',(0.8,2.5,0.));
#5631 = VECTOR('',#5632,1.);
#5632 = DIRECTION('',(-1.,-1.224646799147E-16,0.));
#5633 = PLANE('',#5634);
#5634 = AXIS2_PLACEMENT_3D('',#5635,#5636,#5637);
#5635 = CARTESIAN_POINT('',(0.65,2.4,0.));
#5636 = DIRECTION('',(0.,0.,1.));
#5637 = DIRECTION('',(-1.,-1.224646799147E-16,0.));
#5638 = ADVANCED_FACE('',(#5639),#5645,.F.);
#5639 = FACE_BOUND('',#5640,.F.);
#5640 = EDGE_LOOP('',(#5641,#5642,#5643,#5644));
#5641 = ORIENTED_EDGE('',*,*,#3319,.T.);
#5642 = ORIENTED_EDGE('',*,*,#3333,.T.);
#5643 = ORIENTED_EDGE('',*,*,#3367,.F.);
#5644 = ORIENTED_EDGE('',*,*,#5628,.F.);
#5645 = PLANE('',#5646);
#5646 = AXIS2_PLACEMENT_3D('',#5647,#5648,#5649);
#5647 = CARTESIAN_POINT('',(0.8,2.5,0.));
#5648 = DIRECTION('',(1.224646799147E-16,-1.,0.));
#5649 = DIRECTION('',(-1.,-1.224646799147E-16,0.));
#5650 = ADVANCED_FACE('',(#5651),#5662,.F.);
#5651 = FACE_BOUND('',#5652,.F.);
#5652 = EDGE_LOOP('',(#5653,#5654,#5655,#5656));
#5653 = ORIENTED_EDGE('',*,*,#3454,.T.);
#5654 = ORIENTED_EDGE('',*,*,#5170,.T.);
#5655 = ORIENTED_EDGE('',*,*,#3390,.T.);
#5656 = ORIENTED_EDGE('',*,*,#5657,.T.);
#5657 = EDGE_CURVE('',#3393,#3455,#5658,.T.);
#5658 = LINE('',#5659,#5660);
#5659 = CARTESIAN_POINT('',(0.15,2.5,0.));
#5660 = VECTOR('',#5661,1.);
#5661 = DIRECTION('',(-1.,-1.224646799147E-16,0.));
#5662 = PLANE('',#5663);
#5663 = AXIS2_PLACEMENT_3D('',#5664,#5665,#5666);
#5664 = CARTESIAN_POINT('',(-2.939152317954E-16,2.4,0.));
#5665 = DIRECTION('',(0.,0.,1.));
#5666 = DIRECTION('',(-1.,-1.224646799147E-16,0.));
#5667 = ADVANCED_FACE('',(#5668),#5674,.F.);
#5668 = FACE_BOUND('',#5669,.F.);
#5669 = EDGE_LOOP('',(#5670,#5671,#5672,#5673));
#5670 = ORIENTED_EDGE('',*,*,#3416,.T.);
#5671 = ORIENTED_EDGE('',*,*,#3430,.T.);
#5672 = ORIENTED_EDGE('',*,*,#3464,.F.);
#5673 = ORIENTED_EDGE('',*,*,#5657,.F.);
#5674 = PLANE('',#5675);
#5675 = AXIS2_PLACEMENT_3D('',#5676,#5677,#5678);
#5676 = CARTESIAN_POINT('',(0.15,2.5,0.));
#5677 = DIRECTION('',(1.224646799147E-16,-1.,0.));
#5678 = DIRECTION('',(-1.,-1.224646799147E-16,0.));
#5679 = ADVANCED_FACE('',(#5680),#5691,.F.);
#5680 = FACE_BOUND('',#5681,.F.);
#5681 = EDGE_LOOP('',(#5682,#5683,#5684,#5685));
#5682 = ORIENTED_EDGE('',*,*,#3551,.T.);
#5683 = ORIENTED_EDGE('',*,*,#5153,.T.);
#5684 = ORIENTED_EDGE('',*,*,#3487,.T.);
#5685 = ORIENTED_EDGE('',*,*,#5686,.T.);
#5686 = EDGE_CURVE('',#3490,#3552,#5687,.T.);
#5687 = LINE('',#5688,#5689);
#5688 = CARTESIAN_POINT('',(-0.5,2.5,0.));
#5689 = VECTOR('',#5690,1.);
#5690 = DIRECTION('',(-1.,-1.224646799147E-16,0.));
#5691 = PLANE('',#5692);
#5692 = AXIS2_PLACEMENT_3D('',#5693,#5694,#5695);
#5693 = CARTESIAN_POINT('',(-0.65,2.4,0.));
#5694 = DIRECTION('',(0.,0.,1.));
#5695 = DIRECTION('',(-1.,-1.224646799147E-16,0.));
#5696 = ADVANCED_FACE('',(#5697),#5703,.F.);
#5697 = FACE_BOUND('',#5698,.F.);
#5698 = EDGE_LOOP('',(#5699,#5700,#5701,#5702));
#5699 = ORIENTED_EDGE('',*,*,#3513,.T.);
#5700 = ORIENTED_EDGE('',*,*,#3527,.T.);
#5701 = ORIENTED_EDGE('',*,*,#3561,.F.);
#5702 = ORIENTED_EDGE('',*,*,#5686,.F.);
#5703 = PLANE('',#5704);
#5704 = AXIS2_PLACEMENT_3D('',#5705,#5706,#5707);
#5705 = CARTESIAN_POINT('',(-0.5,2.5,0.));
#5706 = DIRECTION('',(1.224646799147E-16,-1.,0.));
#5707 = DIRECTION('',(-1.,-1.224646799147E-16,0.));
#5708 = ADVANCED_FACE('',(#5709),#5720,.F.);
#5709 = FACE_BOUND('',#5710,.F.);
#5710 = EDGE_LOOP('',(#5711,#5712,#5713,#5714));
#5711 = ORIENTED_EDGE('',*,*,#3648,.T.);
#5712 = ORIENTED_EDGE('',*,*,#5136,.T.);
#5713 = ORIENTED_EDGE('',*,*,#3584,.T.);
#5714 = ORIENTED_EDGE('',*,*,#5715,.T.);
#5715 = EDGE_CURVE('',#3587,#3649,#5716,.T.);
#5716 = LINE('',#5717,#5718);
#5717 = CARTESIAN_POINT('',(-1.15,2.5,0.));
#5718 = VECTOR('',#5719,1.);
#5719 = DIRECTION('',(-1.,-1.224646799147E-16,0.));
#5720 = PLANE('',#5721);
#5721 = AXIS2_PLACEMENT_3D('',#5722,#5723,#5724);
#5722 = CARTESIAN_POINT('',(-1.3,2.4,0.));
#5723 = DIRECTION('',(0.,0.,1.));
#5724 = DIRECTION('',(-1.,-1.224646799147E-16,0.));
#5725 = ADVANCED_FACE('',(#5726),#5732,.F.);
#5726 = FACE_BOUND('',#5727,.F.);
#5727 = EDGE_LOOP('',(#5728,#5729,#5730,#5731));
#5728 = ORIENTED_EDGE('',*,*,#3610,.T.);
#5729 = ORIENTED_EDGE('',*,*,#3624,.T.);
#5730 = ORIENTED_EDGE('',*,*,#3658,.F.);
#5731 = ORIENTED_EDGE('',*,*,#5715,.F.);
#5732 = PLANE('',#5733);
#5733 = AXIS2_PLACEMENT_3D('',#5734,#5735,#5736);
#5734 = CARTESIAN_POINT('',(-1.15,2.5,0.));
#5735 = DIRECTION('',(1.224646799147E-16,-1.,0.));
#5736 = DIRECTION('',(-1.,-1.224646799147E-16,0.));
#5737 = ADVANCED_FACE('',(#5738),#5749,.F.);
#5738 = FACE_BOUND('',#5739,.F.);
#5739 = EDGE_LOOP('',(#5740,#5741,#5742,#5743));
#5740 = ORIENTED_EDGE('',*,*,#3681,.T.);
#5741 = ORIENTED_EDGE('',*,*,#5221,.T.);
#5742 = ORIENTED_EDGE('',*,*,#3745,.T.);
#5743 = ORIENTED_EDGE('',*,*,#5744,.T.);
#5744 = EDGE_CURVE('',#3748,#3682,#5745,.T.);
#5745 = LINE('',#5746,#5747);
#5746 = CARTESIAN_POINT('',(2.5,1.15,0.));
#5747 = VECTOR('',#5748,1.);
#5748 = DIRECTION('',(-2.334869823773E-16,1.,0.));
#5749 = PLANE('',#5750);
#5750 = AXIS2_PLACEMENT_3D('',#5751,#5752,#5753);
#5751 = CARTESIAN_POINT('',(2.4,1.3,0.));
#5752 = DIRECTION('',(0.,0.,1.));
#5753 = DIRECTION('',(-2.334869823773E-16,1.,0.));
#5754 = ADVANCED_FACE('',(#5755),#5761,.F.);
#5755 = FACE_BOUND('',#5756,.F.);
#5756 = EDGE_LOOP('',(#5757,#5758,#5759,#5760));
#5757 = ORIENTED_EDGE('',*,*,#3764,.T.);
#5758 = ORIENTED_EDGE('',*,*,#3721,.T.);
#5759 = ORIENTED_EDGE('',*,*,#3691,.F.);
#5760 = ORIENTED_EDGE('',*,*,#5744,.F.);
#5761 = PLANE('',#5762);
#5762 = AXIS2_PLACEMENT_3D('',#5763,#5764,#5765);
#5763 = CARTESIAN_POINT('',(2.5,1.15,0.));
#5764 = DIRECTION('',(-1.,-2.334869823773E-16,0.));
#5765 = DIRECTION('',(-2.334869823773E-16,1.,0.));
#5766 = ADVANCED_FACE('',(#5767),#5778,.F.);
#5767 = FACE_BOUND('',#5768,.F.);
#5768 = EDGE_LOOP('',(#5769,#5770,#5771,#5772));
#5769 = ORIENTED_EDGE('',*,*,#3778,.T.);
#5770 = ORIENTED_EDGE('',*,*,#5238,.T.);
#5771 = ORIENTED_EDGE('',*,*,#3842,.T.);
#5772 = ORIENTED_EDGE('',*,*,#5773,.T.);
#5773 = EDGE_CURVE('',#3845,#3779,#5774,.T.);
#5774 = LINE('',#5775,#5776);
#5775 = CARTESIAN_POINT('',(2.5,0.5,0.));
#5776 = VECTOR('',#5777,1.);
#5777 = DIRECTION('',(-2.334869823773E-16,1.,0.));
#5778 = PLANE('',#5779);
#5779 = AXIS2_PLACEMENT_3D('',#5780,#5781,#5782);
#5780 = CARTESIAN_POINT('',(2.4,0.65,0.));
#5781 = DIRECTION('',(0.,0.,1.));
#5782 = DIRECTION('',(-2.334869823773E-16,1.,0.));
#5783 = ADVANCED_FACE('',(#5784),#5790,.F.);
#5784 = FACE_BOUND('',#5785,.F.);
#5785 = EDGE_LOOP('',(#5786,#5787,#5788,#5789));
#5786 = ORIENTED_EDGE('',*,*,#3861,.T.);
#5787 = ORIENTED_EDGE('',*,*,#3818,.T.);
#5788 = ORIENTED_EDGE('',*,*,#3788,.F.);
#5789 = ORIENTED_EDGE('',*,*,#5773,.F.);
#5790 = PLANE('',#5791);
#5791 = AXIS2_PLACEMENT_3D('',#5792,#5793,#5794);
#5792 = CARTESIAN_POINT('',(2.5,0.5,0.));
#5793 = DIRECTION('',(-1.,-2.334869823773E-16,0.));
#5794 = DIRECTION('',(-2.334869823773E-16,1.,0.));
#5795 = ADVANCED_FACE('',(#5796),#5807,.F.);
#5796 = FACE_BOUND('',#5797,.F.);
#5797 = EDGE_LOOP('',(#5798,#5799,#5800,#5801));
#5798 = ORIENTED_EDGE('',*,*,#3875,.T.);
#5799 = ORIENTED_EDGE('',*,*,#5255,.T.);
#5800 = ORIENTED_EDGE('',*,*,#3939,.T.);
#5801 = ORIENTED_EDGE('',*,*,#5802,.T.);
#5802 = EDGE_CURVE('',#3942,#3876,#5803,.T.);
#5803 = LINE('',#5804,#5805);
#5804 = CARTESIAN_POINT('',(2.5,-0.15,0.));
#5805 = VECTOR('',#5806,1.);
#5806 = DIRECTION('',(-2.334869823773E-16,1.,0.));
#5807 = PLANE('',#5808);
#5808 = AXIS2_PLACEMENT_3D('',#5809,#5810,#5811);
#5809 = CARTESIAN_POINT('',(2.4,5.603687577054E-16,0.));
#5810 = DIRECTION('',(0.,0.,1.));
#5811 = DIRECTION('',(-2.334869823773E-16,1.,0.));
#5812 = ADVANCED_FACE('',(#5813),#5819,.F.);
#5813 = FACE_BOUND('',#5814,.F.);
#5814 = EDGE_LOOP('',(#5815,#5816,#5817,#5818));
#5815 = ORIENTED_EDGE('',*,*,#3958,.T.);
#5816 = ORIENTED_EDGE('',*,*,#3915,.T.);
#5817 = ORIENTED_EDGE('',*,*,#3885,.F.);
#5818 = ORIENTED_EDGE('',*,*,#5802,.F.);
#5819 = PLANE('',#5820);
#5820 = AXIS2_PLACEMENT_3D('',#5821,#5822,#5823);
#5821 = CARTESIAN_POINT('',(2.5,-0.15,0.));
#5822 = DIRECTION('',(-1.,-2.334869823773E-16,0.));
#5823 = DIRECTION('',(-2.334869823773E-16,1.,0.));
#5824 = ADVANCED_FACE('',(#5825),#5836,.F.);
#5825 = FACE_BOUND('',#5826,.F.);
#5826 = EDGE_LOOP('',(#5827,#5828,#5829,#5830));
#5827 = ORIENTED_EDGE('',*,*,#3972,.T.);
#5828 = ORIENTED_EDGE('',*,*,#5272,.T.);
#5829 = ORIENTED_EDGE('',*,*,#4036,.T.);
#5830 = ORIENTED_EDGE('',*,*,#5831,.T.);
#5831 = EDGE_CURVE('',#4039,#3973,#5832,.T.);
#5832 = LINE('',#5833,#5834);
#5833 = CARTESIAN_POINT('',(2.5,-0.8,0.));
#5834 = VECTOR('',#5835,1.);
#5835 = DIRECTION('',(-2.334869823773E-16,1.,0.));
#5836 = PLANE('',#5837);
#5837 = AXIS2_PLACEMENT_3D('',#5838,#5839,#5840);
#5838 = CARTESIAN_POINT('',(2.4,-0.65,0.));
#5839 = DIRECTION('',(0.,0.,1.));
#5840 = DIRECTION('',(-2.334869823773E-16,1.,0.));
#5841 = ADVANCED_FACE('',(#5842),#5848,.F.);
#5842 = FACE_BOUND('',#5843,.F.);
#5843 = EDGE_LOOP('',(#5844,#5845,#5846,#5847));
#5844 = ORIENTED_EDGE('',*,*,#4055,.T.);
#5845 = ORIENTED_EDGE('',*,*,#4012,.T.);
#5846 = ORIENTED_EDGE('',*,*,#3982,.F.);
#5847 = ORIENTED_EDGE('',*,*,#5831,.F.);
#5848 = PLANE('',#5849);
#5849 = AXIS2_PLACEMENT_3D('',#5850,#5851,#5852);
#5850 = CARTESIAN_POINT('',(2.5,-0.8,0.));
#5851 = DIRECTION('',(-1.,-2.334869823773E-16,0.));
#5852 = DIRECTION('',(-2.334869823773E-16,1.,0.));
#5853 = ADVANCED_FACE('',(#5854),#5865,.F.);
#5854 = FACE_BOUND('',#5855,.F.);
#5855 = EDGE_LOOP('',(#5856,#5857,#5858,#5859));
#5856 = ORIENTED_EDGE('',*,*,#4069,.T.);
#5857 = ORIENTED_EDGE('',*,*,#5289,.T.);
#5858 = ORIENTED_EDGE('',*,*,#4133,.T.);
#5859 = ORIENTED_EDGE('',*,*,#5860,.T.);
#5860 = EDGE_CURVE('',#4136,#4070,#5861,.T.);
#5861 = LINE('',#5862,#5863);
#5862 = CARTESIAN_POINT('',(2.5,-1.45,0.));
#5863 = VECTOR('',#5864,1.);
#5864 = DIRECTION('',(-2.334869823773E-16,1.,0.));
#5865 = PLANE('',#5866);
#5866 = AXIS2_PLACEMENT_3D('',#5867,#5868,#5869);
#5867 = CARTESIAN_POINT('',(2.4,-1.3,0.));
#5868 = DIRECTION('',(0.,0.,1.));
#5869 = DIRECTION('',(-2.334869823773E-16,1.,0.));
#5870 = ADVANCED_FACE('',(#5871),#5877,.F.);
#5871 = FACE_BOUND('',#5872,.F.);
#5872 = EDGE_LOOP('',(#5873,#5874,#5875,#5876));
#5873 = ORIENTED_EDGE('',*,*,#4152,.T.);
#5874 = ORIENTED_EDGE('',*,*,#4109,.T.);
#5875 = ORIENTED_EDGE('',*,*,#4079,.F.);
#5876 = ORIENTED_EDGE('',*,*,#5860,.F.);
#5877 = PLANE('',#5878);
#5878 = AXIS2_PLACEMENT_3D('',#5879,#5880,#5881);
#5879 = CARTESIAN_POINT('',(2.5,-1.45,0.));
#5880 = DIRECTION('',(-1.,-2.334869823773E-16,0.));
#5881 = DIRECTION('',(-2.334869823773E-16,1.,0.));
#5882 = ADVANCED_FACE('',(#5883),#5894,.F.);
#5883 = FACE_BOUND('',#5884,.F.);
#5884 = EDGE_LOOP('',(#5885,#5886,#5887,#5888));
#5885 = ORIENTED_EDGE('',*,*,#4230,.T.);
#5886 = ORIENTED_EDGE('',*,*,#5459,.T.);
#5887 = ORIENTED_EDGE('',*,*,#4166,.T.);
#5888 = ORIENTED_EDGE('',*,*,#5889,.T.);
#5889 = EDGE_CURVE('',#4169,#4231,#5890,.T.);
#5890 = LINE('',#5891,#5892);
#5891 = CARTESIAN_POINT('',(-2.5,1.45,0.));
#5892 = VECTOR('',#5893,1.);
#5893 = DIRECTION('',(1.110223024625E-16,-1.,0.));
#5894 = PLANE('',#5895);
#5895 = AXIS2_PLACEMENT_3D('',#5896,#5897,#5898);
#5896 = CARTESIAN_POINT('',(-2.4,1.3,0.));
#5897 = DIRECTION('',(0.,0.,1.));
#5898 = DIRECTION('',(1.110223024625E-16,-1.,0.));
#5899 = ADVANCED_FACE('',(#5900),#5906,.F.);
#5900 = FACE_BOUND('',#5901,.F.);
#5901 = EDGE_LOOP('',(#5902,#5903,#5904,#5905));
#5902 = ORIENTED_EDGE('',*,*,#4192,.T.);
#5903 = ORIENTED_EDGE('',*,*,#4206,.T.);
#5904 = ORIENTED_EDGE('',*,*,#4240,.F.);
#5905 = ORIENTED_EDGE('',*,*,#5889,.F.);
#5906 = PLANE('',#5907);
#5907 = AXIS2_PLACEMENT_3D('',#5908,#5909,#5910);
#5908 = CARTESIAN_POINT('',(-2.5,1.45,0.));
#5909 = DIRECTION('',(1.,1.110223024625E-16,0.));
#5910 = DIRECTION('',(1.110223024625E-16,-1.,0.));
#5911 = ADVANCED_FACE('',(#5912),#5923,.F.);
#5912 = FACE_BOUND('',#5913,.F.);
#5913 = EDGE_LOOP('',(#5914,#5915,#5916,#5917));
#5914 = ORIENTED_EDGE('',*,*,#4327,.T.);
#5915 = ORIENTED_EDGE('',*,*,#5442,.T.);
#5916 = ORIENTED_EDGE('',*,*,#4263,.T.);
#5917 = ORIENTED_EDGE('',*,*,#5918,.T.);
#5918 = EDGE_CURVE('',#4266,#4328,#5919,.T.);
#5919 = LINE('',#5920,#5921);
#5920 = CARTESIAN_POINT('',(-2.5,0.8,0.));
#5921 = VECTOR('',#5922,1.);
#5922 = DIRECTION('',(1.110223024625E-16,-1.,0.));
#5923 = PLANE('',#5924);
#5924 = AXIS2_PLACEMENT_3D('',#5925,#5926,#5927);
#5925 = CARTESIAN_POINT('',(-2.4,0.65,0.));
#5926 = DIRECTION('',(0.,0.,1.));
#5927 = DIRECTION('',(1.110223024625E-16,-1.,0.));
#5928 = ADVANCED_FACE('',(#5929),#5935,.F.);
#5929 = FACE_BOUND('',#5930,.F.);
#5930 = EDGE_LOOP('',(#5931,#5932,#5933,#5934));
#5931 = ORIENTED_EDGE('',*,*,#4289,.T.);
#5932 = ORIENTED_EDGE('',*,*,#4303,.T.);
#5933 = ORIENTED_EDGE('',*,*,#4337,.F.);
#5934 = ORIENTED_EDGE('',*,*,#5918,.F.);
#5935 = PLANE('',#5936);
#5936 = AXIS2_PLACEMENT_3D('',#5937,#5938,#5939);
#5937 = CARTESIAN_POINT('',(-2.5,0.8,0.));
#5938 = DIRECTION('',(1.,1.110223024625E-16,0.));
#5939 = DIRECTION('',(1.110223024625E-16,-1.,0.));
#5940 = ADVANCED_FACE('',(#5941),#5952,.F.);
#5941 = FACE_BOUND('',#5942,.F.);
#5942 = EDGE_LOOP('',(#5943,#5944,#5945,#5946));
#5943 = ORIENTED_EDGE('',*,*,#4424,.T.);
#5944 = ORIENTED_EDGE('',*,*,#5425,.T.);
#5945 = ORIENTED_EDGE('',*,*,#4360,.T.);
#5946 = ORIENTED_EDGE('',*,*,#5947,.T.);
#5947 = EDGE_CURVE('',#4363,#4425,#5948,.T.);
#5948 = LINE('',#5949,#5950);
#5949 = CARTESIAN_POINT('',(-2.5,0.15,0.));
#5950 = VECTOR('',#5951,1.);
#5951 = DIRECTION('',(1.110223024625E-16,-1.,0.));
#5952 = PLANE('',#5953);
#5953 = AXIS2_PLACEMENT_3D('',#5954,#5955,#5956);
#5954 = CARTESIAN_POINT('',(-2.4,-2.6645352591E-16,0.));
#5955 = DIRECTION('',(0.,0.,1.));
#5956 = DIRECTION('',(1.110223024625E-16,-1.,0.));
#5957 = ADVANCED_FACE('',(#5958),#5964,.F.);
#5958 = FACE_BOUND('',#5959,.F.);
#5959 = EDGE_LOOP('',(#5960,#5961,#5962,#5963));
#5960 = ORIENTED_EDGE('',*,*,#4386,.T.);
#5961 = ORIENTED_EDGE('',*,*,#4400,.T.);
#5962 = ORIENTED_EDGE('',*,*,#4434,.F.);
#5963 = ORIENTED_EDGE('',*,*,#5947,.F.);
#5964 = PLANE('',#5965);
#5965 = AXIS2_PLACEMENT_3D('',#5966,#5967,#5968);
#5966 = CARTESIAN_POINT('',(-2.5,0.15,0.));
#5967 = DIRECTION('',(1.,1.110223024625E-16,0.));
#5968 = DIRECTION('',(1.110223024625E-16,-1.,0.));
#5969 = ADVANCED_FACE('',(#5970),#5981,.F.);
#5970 = FACE_BOUND('',#5971,.F.);
#5971 = EDGE_LOOP('',(#5972,#5973,#5974,#5975));
#5972 = ORIENTED_EDGE('',*,*,#4521,.T.);
#5973 = ORIENTED_EDGE('',*,*,#5408,.T.);
#5974 = ORIENTED_EDGE('',*,*,#4457,.T.);
#5975 = ORIENTED_EDGE('',*,*,#5976,.T.);
#5976 = EDGE_CURVE('',#4460,#4522,#5977,.T.);
#5977 = LINE('',#5978,#5979);
#5978 = CARTESIAN_POINT('',(-2.5,-0.5,0.));
#5979 = VECTOR('',#5980,1.);
#5980 = DIRECTION('',(1.110223024625E-16,-1.,0.));
#5981 = PLANE('',#5982);
#5982 = AXIS2_PLACEMENT_3D('',#5983,#5984,#5985);
#5983 = CARTESIAN_POINT('',(-2.4,-0.65,0.));
#5984 = DIRECTION('',(0.,0.,1.));
#5985 = DIRECTION('',(1.110223024625E-16,-1.,0.));
#5986 = ADVANCED_FACE('',(#5987),#5993,.F.);
#5987 = FACE_BOUND('',#5988,.F.);
#5988 = EDGE_LOOP('',(#5989,#5990,#5991,#5992));
#5989 = ORIENTED_EDGE('',*,*,#4483,.T.);
#5990 = ORIENTED_EDGE('',*,*,#4497,.T.);
#5991 = ORIENTED_EDGE('',*,*,#4531,.F.);
#5992 = ORIENTED_EDGE('',*,*,#5976,.F.);
#5993 = PLANE('',#5994);
#5994 = AXIS2_PLACEMENT_3D('',#5995,#5996,#5997);
#5995 = CARTESIAN_POINT('',(-2.5,-0.5,0.));
#5996 = DIRECTION('',(1.,1.110223024625E-16,0.));
#5997 = DIRECTION('',(1.110223024625E-16,-1.,0.));
#5998 = ADVANCED_FACE('',(#5999),#6010,.F.);
#5999 = FACE_BOUND('',#6000,.F.);
#6000 = EDGE_LOOP('',(#6001,#6002,#6003,#6004));
#6001 = ORIENTED_EDGE('',*,*,#4618,.T.);
#6002 = ORIENTED_EDGE('',*,*,#5391,.T.);
#6003 = ORIENTED_EDGE('',*,*,#4554,.T.);
#6004 = ORIENTED_EDGE('',*,*,#6005,.T.);
#6005 = EDGE_CURVE('',#4557,#4619,#6006,.T.);
#6006 = LINE('',#6007,#6008);
#6007 = CARTESIAN_POINT('',(-2.5,-1.15,0.));
#6008 = VECTOR('',#6009,1.);
#6009 = DIRECTION('',(1.110223024625E-16,-1.,0.));
#6010 = PLANE('',#6011);
#6011 = AXIS2_PLACEMENT_3D('',#6012,#6013,#6014);
#6012 = CARTESIAN_POINT('',(-2.4,-1.3,0.));
#6013 = DIRECTION('',(0.,0.,1.));
#6014 = DIRECTION('',(1.110223024625E-16,-1.,0.));
#6015 = ADVANCED_FACE('',(#6016),#6022,.F.);
#6016 = FACE_BOUND('',#6017,.F.);
#6017 = EDGE_LOOP('',(#6018,#6019,#6020,#6021));
#6018 = ORIENTED_EDGE('',*,*,#4580,.T.);
#6019 = ORIENTED_EDGE('',*,*,#4594,.T.);
#6020 = ORIENTED_EDGE('',*,*,#4628,.F.);
#6021 = ORIENTED_EDGE('',*,*,#6005,.F.);
#6022 = PLANE('',#6023);
#6023 = AXIS2_PLACEMENT_3D('',#6024,#6025,#6026);
#6024 = CARTESIAN_POINT('',(-2.5,-1.15,0.));
#6025 = DIRECTION('',(1.,1.110223024625E-16,0.));
#6026 = DIRECTION('',(1.110223024625E-16,-1.,0.));
#6027 = ADVANCED_FACE('',(#6028),#6039,.F.);
#6028 = FACE_BOUND('',#6029,.F.);
#6029 = EDGE_LOOP('',(#6030,#6031,#6032,#6033));
#6030 = ORIENTED_EDGE('',*,*,#4651,.T.);
#6031 = ORIENTED_EDGE('',*,*,#5306,.T.);
#6032 = ORIENTED_EDGE('',*,*,#4715,.T.);
#6033 = ORIENTED_EDGE('',*,*,#6034,.T.);
#6034 = EDGE_CURVE('',#4718,#4652,#6035,.T.);
#6035 = LINE('',#6036,#6037);
#6036 = CARTESIAN_POINT('',(1.15,-2.5,0.));
#6037 = VECTOR('',#6038,1.);
#6038 = DIRECTION('',(1.,1.144237745222E-17,0.));
#6039 = PLANE('',#6040);
#6040 = AXIS2_PLACEMENT_3D('',#6041,#6042,#6043);
#6041 = CARTESIAN_POINT('',(1.3,-2.4,0.));
#6042 = DIRECTION('',(0.,0.,1.));
#6043 = DIRECTION('',(1.,1.144237745222E-17,-0.));
#6044 = ADVANCED_FACE('',(#6045),#6051,.F.);
#6045 = FACE_BOUND('',#6046,.F.);
#6046 = EDGE_LOOP('',(#6047,#6048,#6049,#6050));
#6047 = ORIENTED_EDGE('',*,*,#4734,.T.);
#6048 = ORIENTED_EDGE('',*,*,#4691,.T.);
#6049 = ORIENTED_EDGE('',*,*,#4661,.F.);
#6050 = ORIENTED_EDGE('',*,*,#6034,.F.);
#6051 = PLANE('',#6052);
#6052 = AXIS2_PLACEMENT_3D('',#6053,#6054,#6055);
#6053 = CARTESIAN_POINT('',(1.15,-2.5,0.));
#6054 = DIRECTION('',(-1.144237745222E-17,1.,0.));
#6055 = DIRECTION('',(1.,1.144237745222E-17,0.));
#6056 = ADVANCED_FACE('',(#6057),#6068,.F.);
#6057 = FACE_BOUND('',#6058,.F.);
#6058 = EDGE_LOOP('',(#6059,#6060,#6061,#6062));
#6059 = ORIENTED_EDGE('',*,*,#4748,.T.);
#6060 = ORIENTED_EDGE('',*,*,#5323,.T.);
#6061 = ORIENTED_EDGE('',*,*,#4812,.T.);
#6062 = ORIENTED_EDGE('',*,*,#6063,.T.);
#6063 = EDGE_CURVE('',#4815,#4749,#6064,.T.);
#6064 = LINE('',#6065,#6066);
#6065 = CARTESIAN_POINT('',(0.5,-2.5,0.));
#6066 = VECTOR('',#6067,1.);
#6067 = DIRECTION('',(1.,1.144237745222E-17,0.));
#6068 = PLANE('',#6069);
#6069 = AXIS2_PLACEMENT_3D('',#6070,#6071,#6072);
#6070 = CARTESIAN_POINT('',(0.65,-2.4,0.));
#6071 = DIRECTION('',(0.,0.,1.));
#6072 = DIRECTION('',(1.,1.144237745222E-17,-0.));
#6073 = ADVANCED_FACE('',(#6074),#6080,.F.);
#6074 = FACE_BOUND('',#6075,.F.);
#6075 = EDGE_LOOP('',(#6076,#6077,#6078,#6079));
#6076 = ORIENTED_EDGE('',*,*,#4831,.T.);
#6077 = ORIENTED_EDGE('',*,*,#4788,.T.);
#6078 = ORIENTED_EDGE('',*,*,#4758,.F.);
#6079 = ORIENTED_EDGE('',*,*,#6063,.F.);
#6080 = PLANE('',#6081);
#6081 = AXIS2_PLACEMENT_3D('',#6082,#6083,#6084);
#6082 = CARTESIAN_POINT('',(0.5,-2.5,0.));
#6083 = DIRECTION('',(-1.144237745222E-17,1.,0.));
#6084 = DIRECTION('',(1.,1.144237745222E-17,0.));
#6085 = ADVANCED_FACE('',(#6086),#6097,.F.);
#6086 = FACE_BOUND('',#6087,.F.);
#6087 = EDGE_LOOP('',(#6088,#6089,#6090,#6091));
#6088 = ORIENTED_EDGE('',*,*,#4845,.T.);
#6089 = ORIENTED_EDGE('',*,*,#5340,.T.);
#6090 = ORIENTED_EDGE('',*,*,#4909,.T.);
#6091 = ORIENTED_EDGE('',*,*,#6092,.T.);
#6092 = EDGE_CURVE('',#4912,#4846,#6093,.T.);
#6093 = LINE('',#6094,#6095);
#6094 = CARTESIAN_POINT('',(-0.15,-2.5,0.));
#6095 = VECTOR('',#6096,1.);
#6096 = DIRECTION('',(1.,1.144237745222E-17,0.));
#6097 = PLANE('',#6098);
#6098 = AXIS2_PLACEMENT_3D('',#6099,#6100,#6101);
#6099 = CARTESIAN_POINT('',(2.746170588533E-17,-2.4,0.));
#6100 = DIRECTION('',(0.,0.,1.));
#6101 = DIRECTION('',(1.,1.144237745222E-17,-0.));
#6102 = ADVANCED_FACE('',(#6103),#6109,.F.);
#6103 = FACE_BOUND('',#6104,.F.);
#6104 = EDGE_LOOP('',(#6105,#6106,#6107,#6108));
#6105 = ORIENTED_EDGE('',*,*,#4928,.T.);
#6106 = ORIENTED_EDGE('',*,*,#4885,.T.);
#6107 = ORIENTED_EDGE('',*,*,#4855,.F.);
#6108 = ORIENTED_EDGE('',*,*,#6092,.F.);
#6109 = PLANE('',#6110);
#6110 = AXIS2_PLACEMENT_3D('',#6111,#6112,#6113);
#6111 = CARTESIAN_POINT('',(-0.15,-2.5,0.));
#6112 = DIRECTION('',(-1.144237745222E-17,1.,0.));
#6113 = DIRECTION('',(1.,1.144237745222E-17,0.));
#6114 = ADVANCED_FACE('',(#6115),#6126,.F.);
#6115 = FACE_BOUND('',#6116,.F.);
#6116 = EDGE_LOOP('',(#6117,#6118,#6119,#6120));
#6117 = ORIENTED_EDGE('',*,*,#4942,.T.);
#6118 = ORIENTED_EDGE('',*,*,#5357,.T.);
#6119 = ORIENTED_EDGE('',*,*,#5006,.T.);
#6120 = ORIENTED_EDGE('',*,*,#6121,.T.);
#6121 = EDGE_CURVE('',#5009,#4943,#6122,.T.);
#6122 = LINE('',#6123,#6124);
#6123 = CARTESIAN_POINT('',(-0.8,-2.5,0.));
#6124 = VECTOR('',#6125,1.);
#6125 = DIRECTION('',(1.,1.144237745222E-17,0.));
#6126 = PLANE('',#6127);
#6127 = AXIS2_PLACEMENT_3D('',#6128,#6129,#6130);
#6128 = CARTESIAN_POINT('',(-0.65,-2.4,0.));
#6129 = DIRECTION('',(0.,0.,1.));
#6130 = DIRECTION('',(1.,1.144237745222E-17,-0.));
#6131 = ADVANCED_FACE('',(#6132),#6138,.F.);
#6132 = FACE_BOUND('',#6133,.F.);
#6133 = EDGE_LOOP('',(#6134,#6135,#6136,#6137));
#6134 = ORIENTED_EDGE('',*,*,#5025,.T.);
#6135 = ORIENTED_EDGE('',*,*,#4982,.T.);
#6136 = ORIENTED_EDGE('',*,*,#4952,.F.);
#6137 = ORIENTED_EDGE('',*,*,#6121,.F.);
#6138 = PLANE('',#6139);
#6139 = AXIS2_PLACEMENT_3D('',#6140,#6141,#6142);
#6140 = CARTESIAN_POINT('',(-0.8,-2.5,0.));
#6141 = DIRECTION('',(-1.144237745222E-17,1.,0.));
#6142 = DIRECTION('',(1.,1.144237745222E-17,0.));
#6143 = ADVANCED_FACE('',(#6144),#6155,.F.);
#6144 = FACE_BOUND('',#6145,.F.);
#6145 = EDGE_LOOP('',(#6146,#6147,#6148,#6149));
#6146 = ORIENTED_EDGE('',*,*,#5039,.T.);
#6147 = ORIENTED_EDGE('',*,*,#5374,.T.);
#6148 = ORIENTED_EDGE('',*,*,#5103,.T.);
#6149 = ORIENTED_EDGE('',*,*,#6150,.T.);
#6150 = EDGE_CURVE('',#5106,#5040,#6151,.T.);
#6151 = LINE('',#6152,#6153);
#6152 = CARTESIAN_POINT('',(-1.45,-2.5,0.));
#6153 = VECTOR('',#6154,1.);
#6154 = DIRECTION('',(1.,1.144237745222E-17,0.));
#6155 = PLANE('',#6156);
#6156 = AXIS2_PLACEMENT_3D('',#6157,#6158,#6159);
#6157 = CARTESIAN_POINT('',(-1.3,-2.4,0.));
#6158 = DIRECTION('',(0.,0.,1.));
#6159 = DIRECTION('',(1.,1.144237745222E-17,-0.));
#6160 = ADVANCED_FACE('',(#6161),#6167,.F.);
#6161 = FACE_BOUND('',#6162,.F.);
#6162 = EDGE_LOOP('',(#6163,#6164,#6165,#6166));
#6163 = ORIENTED_EDGE('',*,*,#5122,.T.);
#6164 = ORIENTED_EDGE('',*,*,#5079,.T.);
#6165 = ORIENTED_EDGE('',*,*,#5049,.F.);
#6166 = ORIENTED_EDGE('',*,*,#6150,.F.);
#6167 = PLANE('',#6168);
#6168 = AXIS2_PLACEMENT_3D('',#6169,#6170,#6171);
#6169 = CARTESIAN_POINT('',(-1.45,-2.5,0.));
#6170 = DIRECTION('',(-1.144237745222E-17,1.,0.));
#6171 = DIRECTION('',(1.,1.144237745222E-17,0.));
#6172 = ADVANCED_FACE('',(#6173),#6180,.F.);
#6173 = FACE_BOUND('',#6174,.F.);
#6174 = EDGE_LOOP('',(#6175,#6176,#6177,#6178,#6179));
#6175 = ORIENTED_EDGE('',*,*,#5579,.T.);
#6176 = ORIENTED_EDGE('',*,*,#5476,.T.);
#6177 = ORIENTED_EDGE('',*,*,#5507,.T.);
#6178 = ORIENTED_EDGE('',*,*,#5531,.T.);
#6179 = ORIENTED_EDGE('',*,*,#5555,.T.);
#6180 = PLANE('',#6181);
#6181 = AXIS2_PLACEMENT_3D('',#6182,#6183,#6184);
#6182 = CARTESIAN_POINT('',(1.956048815945E-02,-1.956048815945E-02,0.));
#6183 = DIRECTION('',(0.,0.,1.));
#6184 = DIRECTION('',(1.110223024625E-16,-1.,0.));
#6185 = ( GEOMETRIC_REPRESENTATION_CONTEXT(3) 
GLOBAL_UNCERTAINTY_ASSIGNED_CONTEXT((#6189)) 
GLOBAL_UNIT_ASSIGNED_CONTEXT((#6186,#6187,#6188)) REPRESENTATION_CONTEXT
('Context #1','3D Context with UNIT and UNCERTAINTY') );
#6186 = ( LENGTH_UNIT() NAMED_UNIT(*) SI_UNIT(.MILLI.,.METRE.) );
#6187 = ( NAMED_UNIT(*) PLANE_ANGLE_UNIT() SI_UNIT($,.RADIAN.) );
#6188 = ( NAMED_UNIT(*) SI_UNIT($,.STERADIAN.) SOLID_ANGLE_UNIT() );
#6189 = UNCERTAINTY_MEASURE_WITH_UNIT(LENGTH_MEASURE(1.E-07),#6186,
  'distance_accuracy_value','confusion accuracy');
#6190 = CONTEXT_DEPENDENT_SHAPE_REPRESENTATION(#6191,#6193);
#6191 = ( REPRESENTATION_RELATIONSHIP('','',#1854,#10) 
REPRESENTATION_RELATIONSHIP_WITH_TRANSFORMATION(#6192) 
SHAPE_REPRESENTATION_RELATIONSHIP() );
#6192 = ITEM_DEFINED_TRANSFORMATION('','',#11,#23);
#6193 = PRODUCT_DEFINITION_SHAPE('Placement','Placement of an item',
  #6194);
#6194 = NEXT_ASSEMBLY_USAGE_OCCURRENCE('3','U2','',#5,#1849,$);
#6195 = PRODUCT_RELATED_PRODUCT_CATEGORY('part',$,(#1851));
#6196 = CONTEXT_DEPENDENT_SHAPE_REPRESENTATION(#6197,#6199);
#6197 = ( REPRESENTATION_RELATIONSHIP('','',#108,#10) 
REPRESENTATION_RELATIONSHIP_WITH_TRANSFORMATION(#6198) 
SHAPE_REPRESENTATION_RELATIONSHIP() );
#6198 = ITEM_DEFINED_TRANSFORMATION('','',#11,#27);
#6199 = PRODUCT_DEFINITION_SHAPE('Placement','Placement of an item',
  #6200);
#6200 = NEXT_ASSEMBLY_USAGE_OCCURRENCE('4','C7','',#5,#103,$);
#6201 = CONTEXT_DEPENDENT_SHAPE_REPRESENTATION(#6202,#6204);
#6202 = ( REPRESENTATION_RELATIONSHIP('','',#108,#10) 
REPRESENTATION_RELATIONSHIP_WITH_TRANSFORMATION(#6203) 
SHAPE_REPRESENTATION_RELATIONSHIP() );
#6203 = ITEM_DEFINED_TRANSFORMATION('','',#11,#31);
#6204 = PRODUCT_DEFINITION_SHAPE('Placement','Placement of an item',
  #6205);
#6205 = NEXT_ASSEMBLY_USAGE_OCCURRENCE('5','Cf1','',#5,#103,$);
#6206 = SHAPE_DEFINITION_REPRESENTATION(#6207,#6213);
#6207 = PRODUCT_DEFINITION_SHAPE('','',#6208);
#6208 = PRODUCT_DEFINITION('design','',#6209,#6212);
#6209 = PRODUCT_DEFINITION_FORMATION('','',#6210);
#6210 = PRODUCT('R_0603_1608Metric','R_0603_1608Metric','',(#6211));
#6211 = PRODUCT_CONTEXT('',#2,'mechanical');
#6212 = PRODUCT_DEFINITION_CONTEXT('part definition',#2,'design');
#6213 = ADVANCED_BREP_SHAPE_REPRESENTATION('',(#11,#6214),#7004);
#6214 = MANIFOLD_SOLID_BREP('',#6215);
#6215 = CLOSED_SHELL('',(#6216,#6256,#6339,#6364,#6389,#6456,#6473,#6490
    ,#6539,#6556,#6573,#6622,#6639,#6708,#6739,#6763,#6832,#6856,#6873,
    #6890,#6907,#6924,#6941,#6958,#6975,#6992));
#6216 = ADVANCED_FACE('',(#6217),#6251,.F.);
#6217 = FACE_BOUND('',#6218,.F.);
#6218 = EDGE_LOOP('',(#6219,#6229,#6237,#6245));
#6219 = ORIENTED_EDGE('',*,*,#6220,.F.);
#6220 = EDGE_CURVE('',#6221,#6223,#6225,.T.);
#6221 = VERTEX_POINT('',#6222);
#6222 = CARTESIAN_POINT('',(-0.8,-0.4,4.5E-02));
#6223 = VERTEX_POINT('',#6224);
#6224 = CARTESIAN_POINT('',(-0.8,-0.4,0.405));
#6225 = LINE('',#6226,#6227);
#6226 = CARTESIAN_POINT('',(-0.8,-0.4,0.));
#6227 = VECTOR('',#6228,1.);
#6228 = DIRECTION('',(0.,0.,1.));
#6229 = ORIENTED_EDGE('',*,*,#6230,.T.);
#6230 = EDGE_CURVE('',#6221,#6231,#6233,.T.);
#6231 = VERTEX_POINT('',#6232);
#6232 = CARTESIAN_POINT('',(-0.8,0.4,4.5E-02));
#6233 = LINE('',#6234,#6235);
#6234 = CARTESIAN_POINT('',(-0.8,-0.4,4.5E-02));
#6235 = VECTOR('',#6236,1.);
#6236 = DIRECTION('',(0.,1.,0.));
#6237 = ORIENTED_EDGE('',*,*,#6238,.T.);
#6238 = EDGE_CURVE('',#6231,#6239,#6241,.T.);
#6239 = VERTEX_POINT('',#6240);
#6240 = CARTESIAN_POINT('',(-0.8,0.4,0.405));
#6241 = LINE('',#6242,#6243);
#6242 = CARTESIAN_POINT('',(-0.8,0.4,0.));
#6243 = VECTOR('',#6244,1.);
#6244 = DIRECTION('',(0.,0.,1.));
#6245 = ORIENTED_EDGE('',*,*,#6246,.F.);
#6246 = EDGE_CURVE('',#6223,#6239,#6247,.T.);
#6247 = LINE('',#6248,#6249);
#6248 = CARTESIAN_POINT('',(-0.8,-0.4,0.405));
#6249 = VECTOR('',#6250,1.);
#6250 = DIRECTION('',(0.,1.,0.));
#6251 = PLANE('',#6252);
#6252 = AXIS2_PLACEMENT_3D('',#6253,#6254,#6255);
#6253 = CARTESIAN_POINT('',(-0.8,-0.4,0.));
#6254 = DIRECTION('',(1.,0.,0.));
#6255 = DIRECTION('',(0.,0.,1.));
#6256 = ADVANCED_FACE('',(#6257),#6334,.F.);
#6257 = FACE_BOUND('',#6258,.F.);
#6258 = EDGE_LOOP('',(#6259,#6269,#6276,#6277,#6286,#6294,#6303,#6311,
    #6319,#6327));
#6259 = ORIENTED_EDGE('',*,*,#6260,.F.);
#6260 = EDGE_CURVE('',#6261,#6263,#6265,.T.);
#6261 = VERTEX_POINT('',#6262);
#6262 = CARTESIAN_POINT('',(-0.755,-0.4,-2.775557561563E-17));
#6263 = VERTEX_POINT('',#6264);
#6264 = CARTESIAN_POINT('',(-0.545,-0.4,-2.775557561563E-17));
#6265 = LINE('',#6266,#6267);
#6266 = CARTESIAN_POINT('',(-0.8,-0.4,0.));
#6267 = VECTOR('',#6268,1.);
#6268 = DIRECTION('',(1.,0.,0.));
#6269 = ORIENTED_EDGE('',*,*,#6270,.F.);
#6270 = EDGE_CURVE('',#6221,#6261,#6271,.T.);
#6271 = CIRCLE('',#6272,4.5E-02);
#6272 = AXIS2_PLACEMENT_3D('',#6273,#6274,#6275);
#6273 = CARTESIAN_POINT('',(-0.755,-0.4,4.5E-02));
#6274 = DIRECTION('',(0.,-1.,0.));
#6275 = DIRECTION('',(0.,0.,1.));
#6276 = ORIENTED_EDGE('',*,*,#6220,.T.);
#6277 = ORIENTED_EDGE('',*,*,#6278,.T.);
#6278 = EDGE_CURVE('',#6223,#6279,#6281,.T.);
#6279 = VERTEX_POINT('',#6280);
#6280 = CARTESIAN_POINT('',(-0.755,-0.4,0.45));
#6281 = CIRCLE('',#6282,4.5E-02);
#6282 = AXIS2_PLACEMENT_3D('',#6283,#6284,#6285);
#6283 = CARTESIAN_POINT('',(-0.755,-0.4,0.405));
#6284 = DIRECTION('',(0.,1.,0.));
#6285 = DIRECTION('',(0.,-0.,1.));
#6286 = ORIENTED_EDGE('',*,*,#6287,.T.);
#6287 = EDGE_CURVE('',#6279,#6288,#6290,.T.);
#6288 = VERTEX_POINT('',#6289);
#6289 = CARTESIAN_POINT('',(-0.545,-0.4,0.45));
#6290 = LINE('',#6291,#6292);
#6291 = CARTESIAN_POINT('',(-0.8,-0.4,0.45));
#6292 = VECTOR('',#6293,1.);
#6293 = DIRECTION('',(1.,0.,0.));
#6294 = ORIENTED_EDGE('',*,*,#6295,.F.);
#6295 = EDGE_CURVE('',#6296,#6288,#6298,.T.);
#6296 = VERTEX_POINT('',#6297);
#6297 = CARTESIAN_POINT('',(-0.5,-0.4,0.405));
#6298 = CIRCLE('',#6299,4.5E-02);
#6299 = AXIS2_PLACEMENT_3D('',#6300,#6301,#6302);
#6300 = CARTESIAN_POINT('',(-0.545,-0.4,0.405));
#6301 = DIRECTION('',(0.,-1.,0.));
#6302 = DIRECTION('',(0.,0.,1.));
#6303 = ORIENTED_EDGE('',*,*,#6304,.F.);
#6304 = EDGE_CURVE('',#6305,#6296,#6307,.T.);
#6305 = VERTEX_POINT('',#6306);
#6306 = CARTESIAN_POINT('',(-0.755,-0.4,0.405));
#6307 = LINE('',#6308,#6309);
#6308 = CARTESIAN_POINT('',(-0.755,-0.4,0.405));
#6309 = VECTOR('',#6310,1.);
#6310 = DIRECTION('',(1.,0.,0.));
#6311 = ORIENTED_EDGE('',*,*,#6312,.F.);
#6312 = EDGE_CURVE('',#6313,#6305,#6315,.T.);
#6313 = VERTEX_POINT('',#6314);
#6314 = CARTESIAN_POINT('',(-0.755,-0.4,4.5E-02));
#6315 = LINE('',#6316,#6317);
#6316 = CARTESIAN_POINT('',(-0.755,-0.4,4.5E-02));
#6317 = VECTOR('',#6318,1.);
#6318 = DIRECTION('',(0.,0.,1.));
#6319 = ORIENTED_EDGE('',*,*,#6320,.T.);
#6320 = EDGE_CURVE('',#6313,#6321,#6323,.T.);
#6321 = VERTEX_POINT('',#6322);
#6322 = CARTESIAN_POINT('',(-0.5,-0.4,4.5E-02));
#6323 = LINE('',#6324,#6325);
#6324 = CARTESIAN_POINT('',(-0.755,-0.4,4.5E-02));
#6325 = VECTOR('',#6326,1.);
#6326 = DIRECTION('',(1.,0.,0.));
#6327 = ORIENTED_EDGE('',*,*,#6328,.T.);
#6328 = EDGE_CURVE('',#6321,#6263,#6329,.T.);
#6329 = CIRCLE('',#6330,4.5E-02);
#6330 = AXIS2_PLACEMENT_3D('',#6331,#6332,#6333);
#6331 = CARTESIAN_POINT('',(-0.545,-0.4,4.5E-02));
#6332 = DIRECTION('',(0.,1.,0.));
#6333 = DIRECTION('',(0.,-0.,1.));
#6334 = PLANE('',#6335);
#6335 = AXIS2_PLACEMENT_3D('',#6336,#6337,#6338);
#6336 = CARTESIAN_POINT('',(-0.8,-0.4,0.));
#6337 = DIRECTION('',(0.,1.,0.));
#6338 = DIRECTION('',(0.,-0.,1.));
#6339 = ADVANCED_FACE('',(#6340),#6359,.T.);
#6340 = FACE_BOUND('',#6341,.T.);
#6341 = EDGE_LOOP('',(#6342,#6343,#6352,#6358));
#6342 = ORIENTED_EDGE('',*,*,#6230,.T.);
#6343 = ORIENTED_EDGE('',*,*,#6344,.T.);
#6344 = EDGE_CURVE('',#6231,#6345,#6347,.T.);
#6345 = VERTEX_POINT('',#6346);
#6346 = CARTESIAN_POINT('',(-0.755,0.4,-2.775557561563E-17));
#6347 = CIRCLE('',#6348,4.5E-02);
#6348 = AXIS2_PLACEMENT_3D('',#6349,#6350,#6351);
#6349 = CARTESIAN_POINT('',(-0.755,0.4,4.5E-02));
#6350 = DIRECTION('',(0.,-1.,0.));
#6351 = DIRECTION('',(0.,0.,1.));
#6352 = ORIENTED_EDGE('',*,*,#6353,.F.);
#6353 = EDGE_CURVE('',#6261,#6345,#6354,.T.);
#6354 = LINE('',#6355,#6356);
#6355 = CARTESIAN_POINT('',(-0.755,-0.4,-2.775557561563E-17));
#6356 = VECTOR('',#6357,1.);
#6357 = DIRECTION('',(0.,1.,0.));
#6358 = ORIENTED_EDGE('',*,*,#6270,.F.);
#6359 = CYLINDRICAL_SURFACE('',#6360,4.5E-02);
#6360 = AXIS2_PLACEMENT_3D('',#6361,#6362,#6363);
#6361 = CARTESIAN_POINT('',(-0.755,-0.4,4.5E-02));
#6362 = DIRECTION('',(0.,1.,0.));
#6363 = DIRECTION('',(-1.,0.,0.));
#6364 = ADVANCED_FACE('',(#6365),#6384,.T.);
#6365 = FACE_BOUND('',#6366,.T.);
#6366 = EDGE_LOOP('',(#6367,#6368,#6376,#6383));
#6367 = ORIENTED_EDGE('',*,*,#6278,.T.);
#6368 = ORIENTED_EDGE('',*,*,#6369,.T.);
#6369 = EDGE_CURVE('',#6279,#6370,#6372,.T.);
#6370 = VERTEX_POINT('',#6371);
#6371 = CARTESIAN_POINT('',(-0.755,0.4,0.45));
#6372 = LINE('',#6373,#6374);
#6373 = CARTESIAN_POINT('',(-0.755,-0.4,0.45));
#6374 = VECTOR('',#6375,1.);
#6375 = DIRECTION('',(0.,1.,0.));
#6376 = ORIENTED_EDGE('',*,*,#6377,.F.);
#6377 = EDGE_CURVE('',#6239,#6370,#6378,.T.);
#6378 = CIRCLE('',#6379,4.5E-02);
#6379 = AXIS2_PLACEMENT_3D('',#6380,#6381,#6382);
#6380 = CARTESIAN_POINT('',(-0.755,0.4,0.405));
#6381 = DIRECTION('',(0.,1.,0.));
#6382 = DIRECTION('',(0.,-0.,1.));
#6383 = ORIENTED_EDGE('',*,*,#6246,.F.);
#6384 = CYLINDRICAL_SURFACE('',#6385,4.5E-02);
#6385 = AXIS2_PLACEMENT_3D('',#6386,#6387,#6388);
#6386 = CARTESIAN_POINT('',(-0.755,-0.4,0.405));
#6387 = DIRECTION('',(0.,1.,0.));
#6388 = DIRECTION('',(-1.,0.,0.));
#6389 = ADVANCED_FACE('',(#6390),#6451,.T.);
#6390 = FACE_BOUND('',#6391,.T.);
#6391 = EDGE_LOOP('',(#6392,#6400,#6401,#6402,#6403,#6411,#6420,#6428,
    #6436,#6444));
#6392 = ORIENTED_EDGE('',*,*,#6393,.F.);
#6393 = EDGE_CURVE('',#6345,#6394,#6396,.T.);
#6394 = VERTEX_POINT('',#6395);
#6395 = CARTESIAN_POINT('',(-0.545,0.4,-2.775557561563E-17));
#6396 = LINE('',#6397,#6398);
#6397 = CARTESIAN_POINT('',(-0.8,0.4,0.));
#6398 = VECTOR('',#6399,1.);
#6399 = DIRECTION('',(1.,0.,0.));
#6400 = ORIENTED_EDGE('',*,*,#6344,.F.);
#6401 = ORIENTED_EDGE('',*,*,#6238,.T.);
#6402 = ORIENTED_EDGE('',*,*,#6377,.T.);
#6403 = ORIENTED_EDGE('',*,*,#6404,.T.);
#6404 = EDGE_CURVE('',#6370,#6405,#6407,.T.);
#6405 = VERTEX_POINT('',#6406);
#6406 = CARTESIAN_POINT('',(-0.545,0.4,0.45));
#6407 = LINE('',#6408,#6409);
#6408 = CARTESIAN_POINT('',(-0.8,0.4,0.45));
#6409 = VECTOR('',#6410,1.);
#6410 = DIRECTION('',(1.,0.,0.));
#6411 = ORIENTED_EDGE('',*,*,#6412,.F.);
#6412 = EDGE_CURVE('',#6413,#6405,#6415,.T.);
#6413 = VERTEX_POINT('',#6414);
#6414 = CARTESIAN_POINT('',(-0.5,0.4,0.405));
#6415 = CIRCLE('',#6416,4.5E-02);
#6416 = AXIS2_PLACEMENT_3D('',#6417,#6418,#6419);
#6417 = CARTESIAN_POINT('',(-0.545,0.4,0.405));
#6418 = DIRECTION('',(0.,-1.,0.));
#6419 = DIRECTION('',(0.,0.,1.));
#6420 = ORIENTED_EDGE('',*,*,#6421,.F.);
#6421 = EDGE_CURVE('',#6422,#6413,#6424,.T.);
#6422 = VERTEX_POINT('',#6423);
#6423 = CARTESIAN_POINT('',(-0.755,0.4,0.405));
#6424 = LINE('',#6425,#6426);
#6425 = CARTESIAN_POINT('',(-0.755,0.4,0.405));
#6426 = VECTOR('',#6427,1.);
#6427 = DIRECTION('',(1.,0.,0.));
#6428 = ORIENTED_EDGE('',*,*,#6429,.F.);
#6429 = EDGE_CURVE('',#6430,#6422,#6432,.T.);
#6430 = VERTEX_POINT('',#6431);
#6431 = CARTESIAN_POINT('',(-0.755,0.4,4.5E-02));
#6432 = LINE('',#6433,#6434);
#6433 = CARTESIAN_POINT('',(-0.755,0.4,4.5E-02));
#6434 = VECTOR('',#6435,1.);
#6435 = DIRECTION('',(0.,0.,1.));
#6436 = ORIENTED_EDGE('',*,*,#6437,.T.);
#6437 = EDGE_CURVE('',#6430,#6438,#6440,.T.);
#6438 = VERTEX_POINT('',#6439);
#6439 = CARTESIAN_POINT('',(-0.5,0.4,4.5E-02));
#6440 = LINE('',#6441,#6442);
#6441 = CARTESIAN_POINT('',(-0.755,0.4,4.5E-02));
#6442 = VECTOR('',#6443,1.);
#6443 = DIRECTION('',(1.,0.,0.));
#6444 = ORIENTED_EDGE('',*,*,#6445,.T.);
#6445 = EDGE_CURVE('',#6438,#6394,#6446,.T.);
#6446 = CIRCLE('',#6447,4.5E-02);
#6447 = AXIS2_PLACEMENT_3D('',#6448,#6449,#6450);
#6448 = CARTESIAN_POINT('',(-0.545,0.4,4.5E-02));
#6449 = DIRECTION('',(0.,1.,0.));
#6450 = DIRECTION('',(0.,-0.,1.));
#6451 = PLANE('',#6452);
#6452 = AXIS2_PLACEMENT_3D('',#6453,#6454,#6455);
#6453 = CARTESIAN_POINT('',(-0.8,0.4,0.));
#6454 = DIRECTION('',(0.,1.,0.));
#6455 = DIRECTION('',(0.,-0.,1.));
#6456 = ADVANCED_FACE('',(#6457),#6468,.F.);
#6457 = FACE_BOUND('',#6458,.F.);
#6458 = EDGE_LOOP('',(#6459,#6460,#6461,#6462));
#6459 = ORIENTED_EDGE('',*,*,#6393,.F.);
#6460 = ORIENTED_EDGE('',*,*,#6353,.F.);
#6461 = ORIENTED_EDGE('',*,*,#6260,.T.);
#6462 = ORIENTED_EDGE('',*,*,#6463,.T.);
#6463 = EDGE_CURVE('',#6263,#6394,#6464,.T.);
#6464 = LINE('',#6465,#6466);
#6465 = CARTESIAN_POINT('',(-0.545,-0.4,-2.775557561563E-17));
#6466 = VECTOR('',#6467,1.);
#6467 = DIRECTION('',(0.,1.,0.));
#6468 = PLANE('',#6469);
#6469 = AXIS2_PLACEMENT_3D('',#6470,#6471,#6472);
#6470 = CARTESIAN_POINT('',(-0.8,-0.4,0.));
#6471 = DIRECTION('',(0.,0.,1.));
#6472 = DIRECTION('',(1.,0.,-0.));
#6473 = ADVANCED_FACE('',(#6474),#6485,.T.);
#6474 = FACE_BOUND('',#6475,.T.);
#6475 = EDGE_LOOP('',(#6476,#6477,#6478,#6479));
#6476 = ORIENTED_EDGE('',*,*,#6328,.T.);
#6477 = ORIENTED_EDGE('',*,*,#6463,.T.);
#6478 = ORIENTED_EDGE('',*,*,#6445,.F.);
#6479 = ORIENTED_EDGE('',*,*,#6480,.F.);
#6480 = EDGE_CURVE('',#6321,#6438,#6481,.T.);
#6481 = LINE('',#6482,#6483);
#6482 = CARTESIAN_POINT('',(-0.5,-0.4,4.5E-02));
#6483 = VECTOR('',#6484,1.);
#6484 = DIRECTION('',(0.,1.,0.));
#6485 = CYLINDRICAL_SURFACE('',#6486,4.5E-02);
#6486 = AXIS2_PLACEMENT_3D('',#6487,#6488,#6489);
#6487 = CARTESIAN_POINT('',(-0.545,-0.4,4.5E-02));
#6488 = DIRECTION('',(0.,1.,0.));
#6489 = DIRECTION('',(1.,0.,0.));
#6490 = ADVANCED_FACE('',(#6491),#6534,.F.);
#6491 = FACE_BOUND('',#6492,.F.);
#6492 = EDGE_LOOP('',(#6493,#6494,#6495,#6496,#6504,#6512,#6520,#6528));
#6493 = ORIENTED_EDGE('',*,*,#6320,.F.);
#6494 = ORIENTED_EDGE('',*,*,#6312,.T.);
#6495 = ORIENTED_EDGE('',*,*,#6304,.T.);
#6496 = ORIENTED_EDGE('',*,*,#6497,.T.);
#6497 = EDGE_CURVE('',#6296,#6498,#6500,.T.);
#6498 = VERTEX_POINT('',#6499);
#6499 = CARTESIAN_POINT('',(0.5,-0.4,0.405));
#6500 = LINE('',#6501,#6502);
#6501 = CARTESIAN_POINT('',(-0.5,-0.4,0.405));
#6502 = VECTOR('',#6503,1.);
#6503 = DIRECTION('',(1.,0.,0.));
#6504 = ORIENTED_EDGE('',*,*,#6505,.T.);
#6505 = EDGE_CURVE('',#6498,#6506,#6508,.T.);
#6506 = VERTEX_POINT('',#6507);
#6507 = CARTESIAN_POINT('',(0.755,-0.4,0.405));
#6508 = LINE('',#6509,#6510);
#6509 = CARTESIAN_POINT('',(-0.755,-0.4,0.405));
#6510 = VECTOR('',#6511,1.);
#6511 = DIRECTION('',(1.,0.,0.));
#6512 = ORIENTED_EDGE('',*,*,#6513,.F.);
#6513 = EDGE_CURVE('',#6514,#6506,#6516,.T.);
#6514 = VERTEX_POINT('',#6515);
#6515 = CARTESIAN_POINT('',(0.755,-0.4,4.5E-02));
#6516 = LINE('',#6517,#6518);
#6517 = CARTESIAN_POINT('',(0.755,-0.4,4.5E-02));
#6518 = VECTOR('',#6519,1.);
#6519 = DIRECTION('',(0.,0.,1.));
#6520 = ORIENTED_EDGE('',*,*,#6521,.F.);
#6521 = EDGE_CURVE('',#6522,#6514,#6524,.T.);
#6522 = VERTEX_POINT('',#6523);
#6523 = CARTESIAN_POINT('',(0.5,-0.4,4.5E-02));
#6524 = LINE('',#6525,#6526);
#6525 = CARTESIAN_POINT('',(-0.755,-0.4,4.5E-02));
#6526 = VECTOR('',#6527,1.);
#6527 = DIRECTION('',(1.,0.,0.));
#6528 = ORIENTED_EDGE('',*,*,#6529,.F.);
#6529 = EDGE_CURVE('',#6321,#6522,#6530,.T.);
#6530 = LINE('',#6531,#6532);
#6531 = CARTESIAN_POINT('',(-0.755,-0.4,4.5E-02));
#6532 = VECTOR('',#6533,1.);
#6533 = DIRECTION('',(1.,0.,0.));
#6534 = PLANE('',#6535);
#6535 = AXIS2_PLACEMENT_3D('',#6536,#6537,#6538);
#6536 = CARTESIAN_POINT('',(-0.755,-0.4,4.5E-02));
#6537 = DIRECTION('',(0.,1.,0.));
#6538 = DIRECTION('',(0.,-0.,1.));
#6539 = ADVANCED_FACE('',(#6540),#6551,.T.);
#6540 = FACE_BOUND('',#6541,.T.);
#6541 = EDGE_LOOP('',(#6542,#6543,#6544,#6545));
#6542 = ORIENTED_EDGE('',*,*,#6404,.F.);
#6543 = ORIENTED_EDGE('',*,*,#6369,.F.);
#6544 = ORIENTED_EDGE('',*,*,#6287,.T.);
#6545 = ORIENTED_EDGE('',*,*,#6546,.T.);
#6546 = EDGE_CURVE('',#6288,#6405,#6547,.T.);
#6547 = LINE('',#6548,#6549);
#6548 = CARTESIAN_POINT('',(-0.545,-0.4,0.45));
#6549 = VECTOR('',#6550,1.);
#6550 = DIRECTION('',(0.,1.,0.));
#6551 = PLANE('',#6552);
#6552 = AXIS2_PLACEMENT_3D('',#6553,#6554,#6555);
#6553 = CARTESIAN_POINT('',(-0.8,-0.4,0.45));
#6554 = DIRECTION('',(0.,0.,1.));
#6555 = DIRECTION('',(1.,0.,-0.));
#6556 = ADVANCED_FACE('',(#6557),#6568,.T.);
#6557 = FACE_BOUND('',#6558,.T.);
#6558 = EDGE_LOOP('',(#6559,#6565,#6566,#6567));
#6559 = ORIENTED_EDGE('',*,*,#6560,.T.);
#6560 = EDGE_CURVE('',#6296,#6413,#6561,.T.);
#6561 = LINE('',#6562,#6563);
#6562 = CARTESIAN_POINT('',(-0.5,-0.4,0.405));
#6563 = VECTOR('',#6564,1.);
#6564 = DIRECTION('',(0.,1.,0.));
#6565 = ORIENTED_EDGE('',*,*,#6412,.T.);
#6566 = ORIENTED_EDGE('',*,*,#6546,.F.);
#6567 = ORIENTED_EDGE('',*,*,#6295,.F.);
#6568 = CYLINDRICAL_SURFACE('',#6569,4.5E-02);
#6569 = AXIS2_PLACEMENT_3D('',#6570,#6571,#6572);
#6570 = CARTESIAN_POINT('',(-0.545,-0.4,0.405));
#6571 = DIRECTION('',(0.,1.,0.));
#6572 = DIRECTION('',(1.,0.,0.));
#6573 = ADVANCED_FACE('',(#6574),#6617,.T.);
#6574 = FACE_BOUND('',#6575,.T.);
#6575 = EDGE_LOOP('',(#6576,#6577,#6578,#6579,#6587,#6595,#6603,#6611));
#6576 = ORIENTED_EDGE('',*,*,#6437,.F.);
#6577 = ORIENTED_EDGE('',*,*,#6429,.T.);
#6578 = ORIENTED_EDGE('',*,*,#6421,.T.);
#6579 = ORIENTED_EDGE('',*,*,#6580,.T.);
#6580 = EDGE_CURVE('',#6413,#6581,#6583,.T.);
#6581 = VERTEX_POINT('',#6582);
#6582 = CARTESIAN_POINT('',(0.5,0.4,0.405));
#6583 = LINE('',#6584,#6585);
#6584 = CARTESIAN_POINT('',(-0.5,0.4,0.405));
#6585 = VECTOR('',#6586,1.);
#6586 = DIRECTION('',(1.,0.,0.));
#6587 = ORIENTED_EDGE('',*,*,#6588,.T.);
#6588 = EDGE_CURVE('',#6581,#6589,#6591,.T.);
#6589 = VERTEX_POINT('',#6590);
#6590 = CARTESIAN_POINT('',(0.755,0.4,0.405));
#6591 = LINE('',#6592,#6593);
#6592 = CARTESIAN_POINT('',(-0.755,0.4,0.405));
#6593 = VECTOR('',#6594,1.);
#6594 = DIRECTION('',(1.,0.,0.));
#6595 = ORIENTED_EDGE('',*,*,#6596,.F.);
#6596 = EDGE_CURVE('',#6597,#6589,#6599,.T.);
#6597 = VERTEX_POINT('',#6598);
#6598 = CARTESIAN_POINT('',(0.755,0.4,4.5E-02));
#6599 = LINE('',#6600,#6601);
#6600 = CARTESIAN_POINT('',(0.755,0.4,4.5E-02));
#6601 = VECTOR('',#6602,1.);
#6602 = DIRECTION('',(0.,0.,1.));
#6603 = ORIENTED_EDGE('',*,*,#6604,.F.);
#6604 = EDGE_CURVE('',#6605,#6597,#6607,.T.);
#6605 = VERTEX_POINT('',#6606);
#6606 = CARTESIAN_POINT('',(0.5,0.4,4.5E-02));
#6607 = LINE('',#6608,#6609);
#6608 = CARTESIAN_POINT('',(-0.755,0.4,4.5E-02));
#6609 = VECTOR('',#6610,1.);
#6610 = DIRECTION('',(1.,0.,0.));
#6611 = ORIENTED_EDGE('',*,*,#6612,.F.);
#6612 = EDGE_CURVE('',#6438,#6605,#6613,.T.);
#6613 = LINE('',#6614,#6615);
#6614 = CARTESIAN_POINT('',(-0.755,0.4,4.5E-02));
#6615 = VECTOR('',#6616,1.);
#6616 = DIRECTION('',(1.,0.,0.));
#6617 = PLANE('',#6618);
#6618 = AXIS2_PLACEMENT_3D('',#6619,#6620,#6621);
#6619 = CARTESIAN_POINT('',(-0.755,0.4,4.5E-02));
#6620 = DIRECTION('',(0.,1.,0.));
#6621 = DIRECTION('',(0.,-0.,1.));
#6622 = ADVANCED_FACE('',(#6623),#6634,.F.);
#6623 = FACE_BOUND('',#6624,.F.);
#6624 = EDGE_LOOP('',(#6625,#6626,#6627,#6633));
#6625 = ORIENTED_EDGE('',*,*,#6480,.F.);
#6626 = ORIENTED_EDGE('',*,*,#6529,.T.);
#6627 = ORIENTED_EDGE('',*,*,#6628,.T.);
#6628 = EDGE_CURVE('',#6522,#6605,#6629,.T.);
#6629 = LINE('',#6630,#6631);
#6630 = CARTESIAN_POINT('',(0.5,-0.4,4.5E-02));
#6631 = VECTOR('',#6632,1.);
#6632 = DIRECTION('',(0.,1.,0.));
#6633 = ORIENTED_EDGE('',*,*,#6612,.F.);
#6634 = PLANE('',#6635);
#6635 = AXIS2_PLACEMENT_3D('',#6636,#6637,#6638);
#6636 = CARTESIAN_POINT('',(-0.755,-0.4,4.5E-02));
#6637 = DIRECTION('',(0.,0.,1.));
#6638 = DIRECTION('',(1.,0.,-0.));
#6639 = ADVANCED_FACE('',(#6640),#6703,.F.);
#6640 = FACE_BOUND('',#6641,.F.);
#6641 = EDGE_LOOP('',(#6642,#6652,#6659,#6660,#6661,#6662,#6671,#6679,
    #6688,#6696));
#6642 = ORIENTED_EDGE('',*,*,#6643,.F.);
#6643 = EDGE_CURVE('',#6644,#6646,#6648,.T.);
#6644 = VERTEX_POINT('',#6645);
#6645 = CARTESIAN_POINT('',(0.545,-0.4,-2.775557561563E-17));
#6646 = VERTEX_POINT('',#6647);
#6647 = CARTESIAN_POINT('',(0.755,-0.4,-2.775557561563E-17));
#6648 = LINE('',#6649,#6650);
#6649 = CARTESIAN_POINT('',(0.5,-0.4,0.));
#6650 = VECTOR('',#6651,1.);
#6651 = DIRECTION('',(1.,0.,0.));
#6652 = ORIENTED_EDGE('',*,*,#6653,.F.);
#6653 = EDGE_CURVE('',#6522,#6644,#6654,.T.);
#6654 = CIRCLE('',#6655,4.5E-02);
#6655 = AXIS2_PLACEMENT_3D('',#6656,#6657,#6658);
#6656 = CARTESIAN_POINT('',(0.545,-0.4,4.5E-02));
#6657 = DIRECTION('',(0.,-1.,0.));
#6658 = DIRECTION('',(0.,0.,1.));
#6659 = ORIENTED_EDGE('',*,*,#6521,.T.);
#6660 = ORIENTED_EDGE('',*,*,#6513,.T.);
#6661 = ORIENTED_EDGE('',*,*,#6505,.F.);
#6662 = ORIENTED_EDGE('',*,*,#6663,.T.);
#6663 = EDGE_CURVE('',#6498,#6664,#6666,.T.);
#6664 = VERTEX_POINT('',#6665);
#6665 = CARTESIAN_POINT('',(0.545,-0.4,0.45));
#6666 = CIRCLE('',#6667,4.5E-02);
#6667 = AXIS2_PLACEMENT_3D('',#6668,#6669,#6670);
#6668 = CARTESIAN_POINT('',(0.545,-0.4,0.405));
#6669 = DIRECTION('',(0.,1.,0.));
#6670 = DIRECTION('',(0.,-0.,1.));
#6671 = ORIENTED_EDGE('',*,*,#6672,.T.);
#6672 = EDGE_CURVE('',#6664,#6673,#6675,.T.);
#6673 = VERTEX_POINT('',#6674);
#6674 = CARTESIAN_POINT('',(0.755,-0.4,0.45));
#6675 = LINE('',#6676,#6677);
#6676 = CARTESIAN_POINT('',(0.5,-0.4,0.45));
#6677 = VECTOR('',#6678,1.);
#6678 = DIRECTION('',(1.,0.,0.));
#6679 = ORIENTED_EDGE('',*,*,#6680,.F.);
#6680 = EDGE_CURVE('',#6681,#6673,#6683,.T.);
#6681 = VERTEX_POINT('',#6682);
#6682 = CARTESIAN_POINT('',(0.8,-0.4,0.405));
#6683 = CIRCLE('',#6684,4.5E-02);
#6684 = AXIS2_PLACEMENT_3D('',#6685,#6686,#6687);
#6685 = CARTESIAN_POINT('',(0.755,-0.4,0.405));
#6686 = DIRECTION('',(0.,-1.,0.));
#6687 = DIRECTION('',(0.,0.,1.));
#6688 = ORIENTED_EDGE('',*,*,#6689,.F.);
#6689 = EDGE_CURVE('',#6690,#6681,#6692,.T.);
#6690 = VERTEX_POINT('',#6691);
#6691 = CARTESIAN_POINT('',(0.8,-0.4,4.5E-02));
#6692 = LINE('',#6693,#6694);
#6693 = CARTESIAN_POINT('',(0.8,-0.4,0.));
#6694 = VECTOR('',#6695,1.);
#6695 = DIRECTION('',(0.,0.,1.));
#6696 = ORIENTED_EDGE('',*,*,#6697,.T.);
#6697 = EDGE_CURVE('',#6690,#6646,#6698,.T.);
#6698 = CIRCLE('',#6699,4.5E-02);
#6699 = AXIS2_PLACEMENT_3D('',#6700,#6701,#6702);
#6700 = CARTESIAN_POINT('',(0.755,-0.4,4.5E-02));
#6701 = DIRECTION('',(0.,1.,0.));
#6702 = DIRECTION('',(0.,-0.,1.));
#6703 = PLANE('',#6704);
#6704 = AXIS2_PLACEMENT_3D('',#6705,#6706,#6707);
#6705 = CARTESIAN_POINT('',(0.5,-0.4,0.));
#6706 = DIRECTION('',(0.,1.,0.));
#6707 = DIRECTION('',(0.,-0.,1.));
#6708 = ADVANCED_FACE('',(#6709),#6734,.F.);
#6709 = FACE_BOUND('',#6710,.F.);
#6710 = EDGE_LOOP('',(#6711,#6712,#6720,#6728));
#6711 = ORIENTED_EDGE('',*,*,#6497,.F.);
#6712 = ORIENTED_EDGE('',*,*,#6713,.T.);
#6713 = EDGE_CURVE('',#6296,#6714,#6716,.T.);
#6714 = VERTEX_POINT('',#6715);
#6715 = CARTESIAN_POINT('',(-0.5,-0.4,0.45));
#6716 = LINE('',#6717,#6718);
#6717 = CARTESIAN_POINT('',(-0.5,-0.4,0.405));
#6718 = VECTOR('',#6719,1.);
#6719 = DIRECTION('',(0.,0.,1.));
#6720 = ORIENTED_EDGE('',*,*,#6721,.T.);
#6721 = EDGE_CURVE('',#6714,#6722,#6724,.T.);
#6722 = VERTEX_POINT('',#6723);
#6723 = CARTESIAN_POINT('',(0.5,-0.4,0.45));
#6724 = LINE('',#6725,#6726);
#6725 = CARTESIAN_POINT('',(-0.5,-0.4,0.45));
#6726 = VECTOR('',#6727,1.);
#6727 = DIRECTION('',(1.,0.,0.));
#6728 = ORIENTED_EDGE('',*,*,#6729,.F.);
#6729 = EDGE_CURVE('',#6498,#6722,#6730,.T.);
#6730 = LINE('',#6731,#6732);
#6731 = CARTESIAN_POINT('',(0.5,-0.4,0.405));
#6732 = VECTOR('',#6733,1.);
#6733 = DIRECTION('',(0.,0.,1.));
#6734 = PLANE('',#6735);
#6735 = AXIS2_PLACEMENT_3D('',#6736,#6737,#6738);
#6736 = CARTESIAN_POINT('',(-0.5,-0.4,0.405));
#6737 = DIRECTION('',(0.,1.,0.));
#6738 = DIRECTION('',(0.,-0.,1.));
#6739 = ADVANCED_FACE('',(#6740),#6758,.F.);
#6740 = FACE_BOUND('',#6741,.F.);
#6741 = EDGE_LOOP('',(#6742,#6743,#6744,#6752));
#6742 = ORIENTED_EDGE('',*,*,#6713,.F.);
#6743 = ORIENTED_EDGE('',*,*,#6560,.T.);
#6744 = ORIENTED_EDGE('',*,*,#6745,.T.);
#6745 = EDGE_CURVE('',#6413,#6746,#6748,.T.);
#6746 = VERTEX_POINT('',#6747);
#6747 = CARTESIAN_POINT('',(-0.5,0.4,0.45));
#6748 = LINE('',#6749,#6750);
#6749 = CARTESIAN_POINT('',(-0.5,0.4,0.405));
#6750 = VECTOR('',#6751,1.);
#6751 = DIRECTION('',(0.,0.,1.));
#6752 = ORIENTED_EDGE('',*,*,#6753,.F.);
#6753 = EDGE_CURVE('',#6714,#6746,#6754,.T.);
#6754 = LINE('',#6755,#6756);
#6755 = CARTESIAN_POINT('',(-0.5,-0.4,0.45));
#6756 = VECTOR('',#6757,1.);
#6757 = DIRECTION('',(0.,1.,0.));
#6758 = PLANE('',#6759);
#6759 = AXIS2_PLACEMENT_3D('',#6760,#6761,#6762);
#6760 = CARTESIAN_POINT('',(-0.5,-0.4,0.405));
#6761 = DIRECTION('',(1.,0.,0.));
#6762 = DIRECTION('',(0.,0.,1.));
#6763 = ADVANCED_FACE('',(#6764),#6827,.T.);
#6764 = FACE_BOUND('',#6765,.T.);
#6765 = EDGE_LOOP('',(#6766,#6776,#6783,#6784,#6785,#6786,#6795,#6803,
    #6812,#6820));
#6766 = ORIENTED_EDGE('',*,*,#6767,.F.);
#6767 = EDGE_CURVE('',#6768,#6770,#6772,.T.);
#6768 = VERTEX_POINT('',#6769);
#6769 = CARTESIAN_POINT('',(0.545,0.4,-2.775557561563E-17));
#6770 = VERTEX_POINT('',#6771);
#6771 = CARTESIAN_POINT('',(0.755,0.4,-2.775557561563E-17));
#6772 = LINE('',#6773,#6774);
#6773 = CARTESIAN_POINT('',(0.5,0.4,0.));
#6774 = VECTOR('',#6775,1.);
#6775 = DIRECTION('',(1.,0.,0.));
#6776 = ORIENTED_EDGE('',*,*,#6777,.F.);
#6777 = EDGE_CURVE('',#6605,#6768,#6778,.T.);
#6778 = CIRCLE('',#6779,4.5E-02);
#6779 = AXIS2_PLACEMENT_3D('',#6780,#6781,#6782);
#6780 = CARTESIAN_POINT('',(0.545,0.4,4.5E-02));
#6781 = DIRECTION('',(0.,-1.,0.));
#6782 = DIRECTION('',(0.,0.,1.));
#6783 = ORIENTED_EDGE('',*,*,#6604,.T.);
#6784 = ORIENTED_EDGE('',*,*,#6596,.T.);
#6785 = ORIENTED_EDGE('',*,*,#6588,.F.);
#6786 = ORIENTED_EDGE('',*,*,#6787,.T.);
#6787 = EDGE_CURVE('',#6581,#6788,#6790,.T.);
#6788 = VERTEX_POINT('',#6789);
#6789 = CARTESIAN_POINT('',(0.545,0.4,0.45));
#6790 = CIRCLE('',#6791,4.5E-02);
#6791 = AXIS2_PLACEMENT_3D('',#6792,#6793,#6794);
#6792 = CARTESIAN_POINT('',(0.545,0.4,0.405));
#6793 = DIRECTION('',(0.,1.,0.));
#6794 = DIRECTION('',(0.,-0.,1.));
#6795 = ORIENTED_EDGE('',*,*,#6796,.T.);
#6796 = EDGE_CURVE('',#6788,#6797,#6799,.T.);
#6797 = VERTEX_POINT('',#6798);
#6798 = CARTESIAN_POINT('',(0.755,0.4,0.45));
#6799 = LINE('',#6800,#6801);
#6800 = CARTESIAN_POINT('',(0.5,0.4,0.45));
#6801 = VECTOR('',#6802,1.);
#6802 = DIRECTION('',(1.,0.,0.));
#6803 = ORIENTED_EDGE('',*,*,#6804,.F.);
#6804 = EDGE_CURVE('',#6805,#6797,#6807,.T.);
#6805 = VERTEX_POINT('',#6806);
#6806 = CARTESIAN_POINT('',(0.8,0.4,0.405));
#6807 = CIRCLE('',#6808,4.5E-02);
#6808 = AXIS2_PLACEMENT_3D('',#6809,#6810,#6811);
#6809 = CARTESIAN_POINT('',(0.755,0.4,0.405));
#6810 = DIRECTION('',(0.,-1.,0.));
#6811 = DIRECTION('',(0.,0.,1.));
#6812 = ORIENTED_EDGE('',*,*,#6813,.F.);
#6813 = EDGE_CURVE('',#6814,#6805,#6816,.T.);
#6814 = VERTEX_POINT('',#6815);
#6815 = CARTESIAN_POINT('',(0.8,0.4,4.5E-02));
#6816 = LINE('',#6817,#6818);
#6817 = CARTESIAN_POINT('',(0.8,0.4,0.));
#6818 = VECTOR('',#6819,1.);
#6819 = DIRECTION('',(0.,0.,1.));
#6820 = ORIENTED_EDGE('',*,*,#6821,.T.);
#6821 = EDGE_CURVE('',#6814,#6770,#6822,.T.);
#6822 = CIRCLE('',#6823,4.5E-02);
#6823 = AXIS2_PLACEMENT_3D('',#6824,#6825,#6826);
#6824 = CARTESIAN_POINT('',(0.755,0.4,4.5E-02));
#6825 = DIRECTION('',(0.,1.,0.));
#6826 = DIRECTION('',(0.,-0.,1.));
#6827 = PLANE('',#6828);
#6828 = AXIS2_PLACEMENT_3D('',#6829,#6830,#6831);
#6829 = CARTESIAN_POINT('',(0.5,0.4,0.));
#6830 = DIRECTION('',(0.,1.,0.));
#6831 = DIRECTION('',(0.,-0.,1.));
#6832 = ADVANCED_FACE('',(#6833),#6851,.T.);
#6833 = FACE_BOUND('',#6834,.T.);
#6834 = EDGE_LOOP('',(#6835,#6836,#6837,#6845));
#6835 = ORIENTED_EDGE('',*,*,#6580,.F.);
#6836 = ORIENTED_EDGE('',*,*,#6745,.T.);
#6837 = ORIENTED_EDGE('',*,*,#6838,.T.);
#6838 = EDGE_CURVE('',#6746,#6839,#6841,.T.);
#6839 = VERTEX_POINT('',#6840);
#6840 = CARTESIAN_POINT('',(0.5,0.4,0.45));
#6841 = LINE('',#6842,#6843);
#6842 = CARTESIAN_POINT('',(-0.5,0.4,0.45));
#6843 = VECTOR('',#6844,1.);
#6844 = DIRECTION('',(1.,0.,0.));
#6845 = ORIENTED_EDGE('',*,*,#6846,.F.);
#6846 = EDGE_CURVE('',#6581,#6839,#6847,.T.);
#6847 = LINE('',#6848,#6849);
#6848 = CARTESIAN_POINT('',(0.5,0.4,0.405));
#6849 = VECTOR('',#6850,1.);
#6850 = DIRECTION('',(0.,0.,1.));
#6851 = PLANE('',#6852);
#6852 = AXIS2_PLACEMENT_3D('',#6853,#6854,#6855);
#6853 = CARTESIAN_POINT('',(-0.5,0.4,0.405));
#6854 = DIRECTION('',(0.,1.,0.));
#6855 = DIRECTION('',(0.,-0.,1.));
#6856 = ADVANCED_FACE('',(#6857),#6868,.T.);
#6857 = FACE_BOUND('',#6858,.T.);
#6858 = EDGE_LOOP('',(#6859,#6860,#6861,#6867));
#6859 = ORIENTED_EDGE('',*,*,#6628,.T.);
#6860 = ORIENTED_EDGE('',*,*,#6777,.T.);
#6861 = ORIENTED_EDGE('',*,*,#6862,.F.);
#6862 = EDGE_CURVE('',#6644,#6768,#6863,.T.);
#6863 = LINE('',#6864,#6865);
#6864 = CARTESIAN_POINT('',(0.545,-0.4,-2.775557561563E-17));
#6865 = VECTOR('',#6866,1.);
#6866 = DIRECTION('',(0.,1.,0.));
#6867 = ORIENTED_EDGE('',*,*,#6653,.F.);
#6868 = CYLINDRICAL_SURFACE('',#6869,4.5E-02);
#6869 = AXIS2_PLACEMENT_3D('',#6870,#6871,#6872);
#6870 = CARTESIAN_POINT('',(0.545,-0.4,4.5E-02));
#6871 = DIRECTION('',(0.,1.,0.));
#6872 = DIRECTION('',(-1.,0.,0.));
#6873 = ADVANCED_FACE('',(#6874),#6885,.F.);
#6874 = FACE_BOUND('',#6875,.F.);
#6875 = EDGE_LOOP('',(#6876,#6877,#6878,#6879));
#6876 = ORIENTED_EDGE('',*,*,#6767,.F.);
#6877 = ORIENTED_EDGE('',*,*,#6862,.F.);
#6878 = ORIENTED_EDGE('',*,*,#6643,.T.);
#6879 = ORIENTED_EDGE('',*,*,#6880,.T.);
#6880 = EDGE_CURVE('',#6646,#6770,#6881,.T.);
#6881 = LINE('',#6882,#6883);
#6882 = CARTESIAN_POINT('',(0.755,-0.4,-2.775557561563E-17));
#6883 = VECTOR('',#6884,1.);
#6884 = DIRECTION('',(0.,1.,0.));
#6885 = PLANE('',#6886);
#6886 = AXIS2_PLACEMENT_3D('',#6887,#6888,#6889);
#6887 = CARTESIAN_POINT('',(0.5,-0.4,0.));
#6888 = DIRECTION('',(0.,0.,1.));
#6889 = DIRECTION('',(1.,0.,-0.));
#6890 = ADVANCED_FACE('',(#6891),#6902,.T.);
#6891 = FACE_BOUND('',#6892,.T.);
#6892 = EDGE_LOOP('',(#6893,#6894,#6895,#6896));
#6893 = ORIENTED_EDGE('',*,*,#6697,.T.);
#6894 = ORIENTED_EDGE('',*,*,#6880,.T.);
#6895 = ORIENTED_EDGE('',*,*,#6821,.F.);
#6896 = ORIENTED_EDGE('',*,*,#6897,.F.);
#6897 = EDGE_CURVE('',#6690,#6814,#6898,.T.);
#6898 = LINE('',#6899,#6900);
#6899 = CARTESIAN_POINT('',(0.8,-0.4,4.5E-02));
#6900 = VECTOR('',#6901,1.);
#6901 = DIRECTION('',(0.,1.,0.));
#6902 = CYLINDRICAL_SURFACE('',#6903,4.5E-02);
#6903 = AXIS2_PLACEMENT_3D('',#6904,#6905,#6906);
#6904 = CARTESIAN_POINT('',(0.755,-0.4,4.5E-02));
#6905 = DIRECTION('',(0.,1.,0.));
#6906 = DIRECTION('',(1.,0.,0.));
#6907 = ADVANCED_FACE('',(#6908),#6919,.T.);
#6908 = FACE_BOUND('',#6909,.T.);
#6909 = EDGE_LOOP('',(#6910,#6911,#6912,#6913));
#6910 = ORIENTED_EDGE('',*,*,#6689,.F.);
#6911 = ORIENTED_EDGE('',*,*,#6897,.T.);
#6912 = ORIENTED_EDGE('',*,*,#6813,.T.);
#6913 = ORIENTED_EDGE('',*,*,#6914,.F.);
#6914 = EDGE_CURVE('',#6681,#6805,#6915,.T.);
#6915 = LINE('',#6916,#6917);
#6916 = CARTESIAN_POINT('',(0.8,-0.4,0.405));
#6917 = VECTOR('',#6918,1.);
#6918 = DIRECTION('',(0.,1.,0.));
#6919 = PLANE('',#6920);
#6920 = AXIS2_PLACEMENT_3D('',#6921,#6922,#6923);
#6921 = CARTESIAN_POINT('',(0.8,-0.4,0.));
#6922 = DIRECTION('',(1.,0.,0.));
#6923 = DIRECTION('',(0.,0.,1.));
#6924 = ADVANCED_FACE('',(#6925),#6936,.T.);
#6925 = FACE_BOUND('',#6926,.T.);
#6926 = EDGE_LOOP('',(#6927,#6928,#6929,#6935));
#6927 = ORIENTED_EDGE('',*,*,#6914,.T.);
#6928 = ORIENTED_EDGE('',*,*,#6804,.T.);
#6929 = ORIENTED_EDGE('',*,*,#6930,.F.);
#6930 = EDGE_CURVE('',#6673,#6797,#6931,.T.);
#6931 = LINE('',#6932,#6933);
#6932 = CARTESIAN_POINT('',(0.755,-0.4,0.45));
#6933 = VECTOR('',#6934,1.);
#6934 = DIRECTION('',(0.,1.,0.));
#6935 = ORIENTED_EDGE('',*,*,#6680,.F.);
#6936 = CYLINDRICAL_SURFACE('',#6937,4.5E-02);
#6937 = AXIS2_PLACEMENT_3D('',#6938,#6939,#6940);
#6938 = CARTESIAN_POINT('',(0.755,-0.4,0.405));
#6939 = DIRECTION('',(0.,1.,0.));
#6940 = DIRECTION('',(1.,0.,0.));
#6941 = ADVANCED_FACE('',(#6942),#6953,.T.);
#6942 = FACE_BOUND('',#6943,.T.);
#6943 = EDGE_LOOP('',(#6944,#6945,#6951,#6952));
#6944 = ORIENTED_EDGE('',*,*,#6796,.F.);
#6945 = ORIENTED_EDGE('',*,*,#6946,.F.);
#6946 = EDGE_CURVE('',#6664,#6788,#6947,.T.);
#6947 = LINE('',#6948,#6949);
#6948 = CARTESIAN_POINT('',(0.545,-0.4,0.45));
#6949 = VECTOR('',#6950,1.);
#6950 = DIRECTION('',(0.,1.,0.));
#6951 = ORIENTED_EDGE('',*,*,#6672,.T.);
#6952 = ORIENTED_EDGE('',*,*,#6930,.T.);
#6953 = PLANE('',#6954);
#6954 = AXIS2_PLACEMENT_3D('',#6955,#6956,#6957);
#6955 = CARTESIAN_POINT('',(0.5,-0.4,0.45));
#6956 = DIRECTION('',(0.,0.,1.));
#6957 = DIRECTION('',(1.,0.,-0.));
#6958 = ADVANCED_FACE('',(#6959),#6970,.T.);
#6959 = FACE_BOUND('',#6960,.T.);
#6960 = EDGE_LOOP('',(#6961,#6962,#6963,#6964));
#6961 = ORIENTED_EDGE('',*,*,#6663,.T.);
#6962 = ORIENTED_EDGE('',*,*,#6946,.T.);
#6963 = ORIENTED_EDGE('',*,*,#6787,.F.);
#6964 = ORIENTED_EDGE('',*,*,#6965,.F.);
#6965 = EDGE_CURVE('',#6498,#6581,#6966,.T.);
#6966 = LINE('',#6967,#6968);
#6967 = CARTESIAN_POINT('',(0.5,-0.4,0.405));
#6968 = VECTOR('',#6969,1.);
#6969 = DIRECTION('',(0.,1.,0.));
#6970 = CYLINDRICAL_SURFACE('',#6971,4.5E-02);
#6971 = AXIS2_PLACEMENT_3D('',#6972,#6973,#6974);
#6972 = CARTESIAN_POINT('',(0.545,-0.4,0.405));
#6973 = DIRECTION('',(0.,1.,0.));
#6974 = DIRECTION('',(-1.,0.,0.));
#6975 = ADVANCED_FACE('',(#6976),#6987,.T.);
#6976 = FACE_BOUND('',#6977,.T.);
#6977 = EDGE_LOOP('',(#6978,#6979,#6980,#6981));
#6978 = ORIENTED_EDGE('',*,*,#6729,.F.);
#6979 = ORIENTED_EDGE('',*,*,#6965,.T.);
#6980 = ORIENTED_EDGE('',*,*,#6846,.T.);
#6981 = ORIENTED_EDGE('',*,*,#6982,.F.);
#6982 = EDGE_CURVE('',#6722,#6839,#6983,.T.);
#6983 = LINE('',#6984,#6985);
#6984 = CARTESIAN_POINT('',(0.5,-0.4,0.45));
#6985 = VECTOR('',#6986,1.);
#6986 = DIRECTION('',(0.,1.,0.));
#6987 = PLANE('',#6988);
#6988 = AXIS2_PLACEMENT_3D('',#6989,#6990,#6991);
#6989 = CARTESIAN_POINT('',(0.5,-0.4,0.405));
#6990 = DIRECTION('',(1.,0.,0.));
#6991 = DIRECTION('',(0.,0.,1.));
#6992 = ADVANCED_FACE('',(#6993),#6999,.T.);
#6993 = FACE_BOUND('',#6994,.T.);
#6994 = EDGE_LOOP('',(#6995,#6996,#6997,#6998));
#6995 = ORIENTED_EDGE('',*,*,#6753,.F.);
#6996 = ORIENTED_EDGE('',*,*,#6721,.T.);
#6997 = ORIENTED_EDGE('',*,*,#6982,.T.);
#6998 = ORIENTED_EDGE('',*,*,#6838,.F.);
#6999 = PLANE('',#7000);
#7000 = AXIS2_PLACEMENT_3D('',#7001,#7002,#7003);
#7001 = CARTESIAN_POINT('',(-0.5,-0.4,0.45));
#7002 = DIRECTION('',(0.,0.,1.));
#7003 = DIRECTION('',(1.,0.,-0.));
#7004 = ( GEOMETRIC_REPRESENTATION_CONTEXT(3) 
GLOBAL_UNCERTAINTY_ASSIGNED_CONTEXT((#7008)) 
GLOBAL_UNIT_ASSIGNED_CONTEXT((#7005,#7006,#7007)) REPRESENTATION_CONTEXT
('Context #1','3D Context with UNIT and UNCERTAINTY') );
#7005 = ( LENGTH_UNIT() NAMED_UNIT(*) SI_UNIT(.MILLI.,.METRE.) );
#7006 = ( NAMED_UNIT(*) PLANE_ANGLE_UNIT() SI_UNIT($,.RADIAN.) );
#7007 = ( NAMED_UNIT(*) SI_UNIT($,.STERADIAN.) SOLID_ANGLE_UNIT() );
#7008 = UNCERTAINTY_MEASURE_WITH_UNIT(LENGTH_MEASURE(1.E-07),#7005,
  'distance_accuracy_value','confusion accuracy');
#7009 = CONTEXT_DEPENDENT_SHAPE_REPRESENTATION(#7010,#7012);
#7010 = ( REPRESENTATION_RELATIONSHIP('','',#6213,#10) 
REPRESENTATION_RELATIONSHIP_WITH_TRANSFORMATION(#7011) 
SHAPE_REPRESENTATION_RELATIONSHIP() );
#7011 = ITEM_DEFINED_TRANSFORMATION('','',#11,#35);
#7012 = PRODUCT_DEFINITION_SHAPE('Placement','Placement of an item',
  #7013);
#7013 = NEXT_ASSEMBLY_USAGE_OCCURRENCE('6','R4','',#5,#6208,$);
#7014 = PRODUCT_RELATED_PRODUCT_CATEGORY('part',$,(#6210));
#7015 = CONTEXT_DEPENDENT_SHAPE_REPRESENTATION(#7016,#7018);
#7016 = ( REPRESENTATION_RELATIONSHIP('','',#6213,#10) 
REPRESENTATION_RELATIONSHIP_WITH_TRANSFORMATION(#7017) 
SHAPE_REPRESENTATION_RELATIONSHIP() );
#7017 = ITEM_DEFINED_TRANSFORMATION('','',#11,#39);
#7018 = PRODUCT_DEFINITION_SHAPE('Placement','Placement of an item',
  #7019);
#7019 = NEXT_ASSEMBLY_USAGE_OCCURRENCE('7','R5','',#5,#6208,$);
#7020 = SHAPE_DEFINITION_REPRESENTATION(#7021,#7027);
#7021 = PRODUCT_DEFINITION_SHAPE('','',#7022);
#7022 = PRODUCT_DEFINITION('design','',#7023,#7026);
#7023 = PRODUCT_DEFINITION_FORMATION('','',#7024);
#7024 = PRODUCT('R_0805_2012Metric','R_0805_2012Metric','',(#7025));
#7025 = PRODUCT_CONTEXT('',#2,'mechanical');
#7026 = PRODUCT_DEFINITION_CONTEXT('part definition',#2,'design');
#7027 = ADVANCED_BREP_SHAPE_REPRESENTATION('',(#11,#7028),#7818);
#7028 = MANIFOLD_SOLID_BREP('',#7029);
#7029 = CLOSED_SHELL('',(#7030,#7070,#7153,#7178,#7203,#7270,#7287,#7304
    ,#7353,#7370,#7387,#7436,#7453,#7522,#7553,#7577,#7646,#7670,#7687,
    #7704,#7721,#7738,#7755,#7772,#7789,#7806));
#7030 = ADVANCED_FACE('',(#7031),#7065,.F.);
#7031 = FACE_BOUND('',#7032,.F.);
#7032 = EDGE_LOOP('',(#7033,#7043,#7051,#7059));
#7033 = ORIENTED_EDGE('',*,*,#7034,.F.);
#7034 = EDGE_CURVE('',#7035,#7037,#7039,.T.);
#7035 = VERTEX_POINT('',#7036);
#7036 = CARTESIAN_POINT('',(-1.,-0.6,4.5E-02));
#7037 = VERTEX_POINT('',#7038);
#7038 = CARTESIAN_POINT('',(-1.,-0.6,0.405));
#7039 = LINE('',#7040,#7041);
#7040 = CARTESIAN_POINT('',(-1.,-0.6,0.));
#7041 = VECTOR('',#7042,1.);
#7042 = DIRECTION('',(0.,0.,1.));
#7043 = ORIENTED_EDGE('',*,*,#7044,.T.);
#7044 = EDGE_CURVE('',#7035,#7045,#7047,.T.);
#7045 = VERTEX_POINT('',#7046);
#7046 = CARTESIAN_POINT('',(-1.,0.6,4.5E-02));
#7047 = LINE('',#7048,#7049);
#7048 = CARTESIAN_POINT('',(-1.,-0.6,4.5E-02));
#7049 = VECTOR('',#7050,1.);
#7050 = DIRECTION('',(0.,1.,0.));
#7051 = ORIENTED_EDGE('',*,*,#7052,.T.);
#7052 = EDGE_CURVE('',#7045,#7053,#7055,.T.);
#7053 = VERTEX_POINT('',#7054);
#7054 = CARTESIAN_POINT('',(-1.,0.6,0.405));
#7055 = LINE('',#7056,#7057);
#7056 = CARTESIAN_POINT('',(-1.,0.6,0.));
#7057 = VECTOR('',#7058,1.);
#7058 = DIRECTION('',(0.,0.,1.));
#7059 = ORIENTED_EDGE('',*,*,#7060,.F.);
#7060 = EDGE_CURVE('',#7037,#7053,#7061,.T.);
#7061 = LINE('',#7062,#7063);
#7062 = CARTESIAN_POINT('',(-1.,-0.6,0.405));
#7063 = VECTOR('',#7064,1.);
#7064 = DIRECTION('',(0.,1.,0.));
#7065 = PLANE('',#7066);
#7066 = AXIS2_PLACEMENT_3D('',#7067,#7068,#7069);
#7067 = CARTESIAN_POINT('',(-1.,-0.6,0.));
#7068 = DIRECTION('',(1.,0.,0.));
#7069 = DIRECTION('',(0.,0.,1.));
#7070 = ADVANCED_FACE('',(#7071),#7148,.F.);
#7071 = FACE_BOUND('',#7072,.F.);
#7072 = EDGE_LOOP('',(#7073,#7083,#7090,#7091,#7100,#7108,#7117,#7125,
    #7133,#7141));
#7073 = ORIENTED_EDGE('',*,*,#7074,.F.);
#7074 = EDGE_CURVE('',#7075,#7077,#7079,.T.);
#7075 = VERTEX_POINT('',#7076);
#7076 = CARTESIAN_POINT('',(-0.955,-0.6,-2.775557561563E-17));
#7077 = VERTEX_POINT('',#7078);
#7078 = CARTESIAN_POINT('',(-0.745,-0.6,-2.775557561563E-17));
#7079 = LINE('',#7080,#7081);
#7080 = CARTESIAN_POINT('',(-1.,-0.6,0.));
#7081 = VECTOR('',#7082,1.);
#7082 = DIRECTION('',(1.,0.,0.));
#7083 = ORIENTED_EDGE('',*,*,#7084,.F.);
#7084 = EDGE_CURVE('',#7035,#7075,#7085,.T.);
#7085 = CIRCLE('',#7086,4.5E-02);
#7086 = AXIS2_PLACEMENT_3D('',#7087,#7088,#7089);
#7087 = CARTESIAN_POINT('',(-0.955,-0.6,4.5E-02));
#7088 = DIRECTION('',(0.,-1.,0.));
#7089 = DIRECTION('',(0.,0.,1.));
#7090 = ORIENTED_EDGE('',*,*,#7034,.T.);
#7091 = ORIENTED_EDGE('',*,*,#7092,.T.);
#7092 = EDGE_CURVE('',#7037,#7093,#7095,.T.);
#7093 = VERTEX_POINT('',#7094);
#7094 = CARTESIAN_POINT('',(-0.955,-0.6,0.45));
#7095 = CIRCLE('',#7096,4.5E-02);
#7096 = AXIS2_PLACEMENT_3D('',#7097,#7098,#7099);
#7097 = CARTESIAN_POINT('',(-0.955,-0.6,0.405));
#7098 = DIRECTION('',(0.,1.,0.));
#7099 = DIRECTION('',(0.,-0.,1.));
#7100 = ORIENTED_EDGE('',*,*,#7101,.T.);
#7101 = EDGE_CURVE('',#7093,#7102,#7104,.T.);
#7102 = VERTEX_POINT('',#7103);
#7103 = CARTESIAN_POINT('',(-0.745,-0.6,0.45));
#7104 = LINE('',#7105,#7106);
#7105 = CARTESIAN_POINT('',(-1.,-0.6,0.45));
#7106 = VECTOR('',#7107,1.);
#7107 = DIRECTION('',(1.,0.,0.));
#7108 = ORIENTED_EDGE('',*,*,#7109,.F.);
#7109 = EDGE_CURVE('',#7110,#7102,#7112,.T.);
#7110 = VERTEX_POINT('',#7111);
#7111 = CARTESIAN_POINT('',(-0.7,-0.6,0.405));
#7112 = CIRCLE('',#7113,4.5E-02);
#7113 = AXIS2_PLACEMENT_3D('',#7114,#7115,#7116);
#7114 = CARTESIAN_POINT('',(-0.745,-0.6,0.405));
#7115 = DIRECTION('',(0.,-1.,0.));
#7116 = DIRECTION('',(0.,0.,1.));
#7117 = ORIENTED_EDGE('',*,*,#7118,.F.);
#7118 = EDGE_CURVE('',#7119,#7110,#7121,.T.);
#7119 = VERTEX_POINT('',#7120);
#7120 = CARTESIAN_POINT('',(-0.955,-0.6,0.405));
#7121 = LINE('',#7122,#7123);
#7122 = CARTESIAN_POINT('',(-0.955,-0.6,0.405));
#7123 = VECTOR('',#7124,1.);
#7124 = DIRECTION('',(1.,0.,0.));
#7125 = ORIENTED_EDGE('',*,*,#7126,.F.);
#7126 = EDGE_CURVE('',#7127,#7119,#7129,.T.);
#7127 = VERTEX_POINT('',#7128);
#7128 = CARTESIAN_POINT('',(-0.955,-0.6,4.5E-02));
#7129 = LINE('',#7130,#7131);
#7130 = CARTESIAN_POINT('',(-0.955,-0.6,4.5E-02));
#7131 = VECTOR('',#7132,1.);
#7132 = DIRECTION('',(0.,0.,1.));
#7133 = ORIENTED_EDGE('',*,*,#7134,.T.);
#7134 = EDGE_CURVE('',#7127,#7135,#7137,.T.);
#7135 = VERTEX_POINT('',#7136);
#7136 = CARTESIAN_POINT('',(-0.7,-0.6,4.5E-02));
#7137 = LINE('',#7138,#7139);
#7138 = CARTESIAN_POINT('',(-0.955,-0.6,4.5E-02));
#7139 = VECTOR('',#7140,1.);
#7140 = DIRECTION('',(1.,0.,0.));
#7141 = ORIENTED_EDGE('',*,*,#7142,.T.);
#7142 = EDGE_CURVE('',#7135,#7077,#7143,.T.);
#7143 = CIRCLE('',#7144,4.5E-02);
#7144 = AXIS2_PLACEMENT_3D('',#7145,#7146,#7147);
#7145 = CARTESIAN_POINT('',(-0.745,-0.6,4.5E-02));
#7146 = DIRECTION('',(0.,1.,0.));
#7147 = DIRECTION('',(0.,-0.,1.));
#7148 = PLANE('',#7149);
#7149 = AXIS2_PLACEMENT_3D('',#7150,#7151,#7152);
#7150 = CARTESIAN_POINT('',(-1.,-0.6,0.));
#7151 = DIRECTION('',(0.,1.,0.));
#7152 = DIRECTION('',(0.,-0.,1.));
#7153 = ADVANCED_FACE('',(#7154),#7173,.T.);
#7154 = FACE_BOUND('',#7155,.T.);
#7155 = EDGE_LOOP('',(#7156,#7157,#7166,#7172));
#7156 = ORIENTED_EDGE('',*,*,#7044,.T.);
#7157 = ORIENTED_EDGE('',*,*,#7158,.T.);
#7158 = EDGE_CURVE('',#7045,#7159,#7161,.T.);
#7159 = VERTEX_POINT('',#7160);
#7160 = CARTESIAN_POINT('',(-0.955,0.6,-2.775557561563E-17));
#7161 = CIRCLE('',#7162,4.5E-02);
#7162 = AXIS2_PLACEMENT_3D('',#7163,#7164,#7165);
#7163 = CARTESIAN_POINT('',(-0.955,0.6,4.5E-02));
#7164 = DIRECTION('',(0.,-1.,0.));
#7165 = DIRECTION('',(0.,0.,1.));
#7166 = ORIENTED_EDGE('',*,*,#7167,.F.);
#7167 = EDGE_CURVE('',#7075,#7159,#7168,.T.);
#7168 = LINE('',#7169,#7170);
#7169 = CARTESIAN_POINT('',(-0.955,-0.6,-2.775557561563E-17));
#7170 = VECTOR('',#7171,1.);
#7171 = DIRECTION('',(0.,1.,0.));
#7172 = ORIENTED_EDGE('',*,*,#7084,.F.);
#7173 = CYLINDRICAL_SURFACE('',#7174,4.5E-02);
#7174 = AXIS2_PLACEMENT_3D('',#7175,#7176,#7177);
#7175 = CARTESIAN_POINT('',(-0.955,-0.6,4.5E-02));
#7176 = DIRECTION('',(0.,1.,0.));
#7177 = DIRECTION('',(-1.,0.,0.));
#7178 = ADVANCED_FACE('',(#7179),#7198,.T.);
#7179 = FACE_BOUND('',#7180,.T.);
#7180 = EDGE_LOOP('',(#7181,#7182,#7190,#7197));
#7181 = ORIENTED_EDGE('',*,*,#7092,.T.);
#7182 = ORIENTED_EDGE('',*,*,#7183,.T.);
#7183 = EDGE_CURVE('',#7093,#7184,#7186,.T.);
#7184 = VERTEX_POINT('',#7185);
#7185 = CARTESIAN_POINT('',(-0.955,0.6,0.45));
#7186 = LINE('',#7187,#7188);
#7187 = CARTESIAN_POINT('',(-0.955,-0.6,0.45));
#7188 = VECTOR('',#7189,1.);
#7189 = DIRECTION('',(0.,1.,0.));
#7190 = ORIENTED_EDGE('',*,*,#7191,.F.);
#7191 = EDGE_CURVE('',#7053,#7184,#7192,.T.);
#7192 = CIRCLE('',#7193,4.5E-02);
#7193 = AXIS2_PLACEMENT_3D('',#7194,#7195,#7196);
#7194 = CARTESIAN_POINT('',(-0.955,0.6,0.405));
#7195 = DIRECTION('',(0.,1.,0.));
#7196 = DIRECTION('',(0.,-0.,1.));
#7197 = ORIENTED_EDGE('',*,*,#7060,.F.);
#7198 = CYLINDRICAL_SURFACE('',#7199,4.5E-02);
#7199 = AXIS2_PLACEMENT_3D('',#7200,#7201,#7202);
#7200 = CARTESIAN_POINT('',(-0.955,-0.6,0.405));
#7201 = DIRECTION('',(0.,1.,0.));
#7202 = DIRECTION('',(-1.,0.,0.));
#7203 = ADVANCED_FACE('',(#7204),#7265,.T.);
#7204 = FACE_BOUND('',#7205,.T.);
#7205 = EDGE_LOOP('',(#7206,#7214,#7215,#7216,#7217,#7225,#7234,#7242,
    #7250,#7258));
#7206 = ORIENTED_EDGE('',*,*,#7207,.F.);
#7207 = EDGE_CURVE('',#7159,#7208,#7210,.T.);
#7208 = VERTEX_POINT('',#7209);
#7209 = CARTESIAN_POINT('',(-0.745,0.6,-2.775557561563E-17));
#7210 = LINE('',#7211,#7212);
#7211 = CARTESIAN_POINT('',(-1.,0.6,0.));
#7212 = VECTOR('',#7213,1.);
#7213 = DIRECTION('',(1.,0.,0.));
#7214 = ORIENTED_EDGE('',*,*,#7158,.F.);
#7215 = ORIENTED_EDGE('',*,*,#7052,.T.);
#7216 = ORIENTED_EDGE('',*,*,#7191,.T.);
#7217 = ORIENTED_EDGE('',*,*,#7218,.T.);
#7218 = EDGE_CURVE('',#7184,#7219,#7221,.T.);
#7219 = VERTEX_POINT('',#7220);
#7220 = CARTESIAN_POINT('',(-0.745,0.6,0.45));
#7221 = LINE('',#7222,#7223);
#7222 = CARTESIAN_POINT('',(-1.,0.6,0.45));
#7223 = VECTOR('',#7224,1.);
#7224 = DIRECTION('',(1.,0.,0.));
#7225 = ORIENTED_EDGE('',*,*,#7226,.F.);
#7226 = EDGE_CURVE('',#7227,#7219,#7229,.T.);
#7227 = VERTEX_POINT('',#7228);
#7228 = CARTESIAN_POINT('',(-0.7,0.6,0.405));
#7229 = CIRCLE('',#7230,4.5E-02);
#7230 = AXIS2_PLACEMENT_3D('',#7231,#7232,#7233);
#7231 = CARTESIAN_POINT('',(-0.745,0.6,0.405));
#7232 = DIRECTION('',(0.,-1.,0.));
#7233 = DIRECTION('',(0.,0.,1.));
#7234 = ORIENTED_EDGE('',*,*,#7235,.F.);
#7235 = EDGE_CURVE('',#7236,#7227,#7238,.T.);
#7236 = VERTEX_POINT('',#7237);
#7237 = CARTESIAN_POINT('',(-0.955,0.6,0.405));
#7238 = LINE('',#7239,#7240);
#7239 = CARTESIAN_POINT('',(-0.955,0.6,0.405));
#7240 = VECTOR('',#7241,1.);
#7241 = DIRECTION('',(1.,0.,0.));
#7242 = ORIENTED_EDGE('',*,*,#7243,.F.);
#7243 = EDGE_CURVE('',#7244,#7236,#7246,.T.);
#7244 = VERTEX_POINT('',#7245);
#7245 = CARTESIAN_POINT('',(-0.955,0.6,4.5E-02));
#7246 = LINE('',#7247,#7248);
#7247 = CARTESIAN_POINT('',(-0.955,0.6,4.5E-02));
#7248 = VECTOR('',#7249,1.);
#7249 = DIRECTION('',(0.,0.,1.));
#7250 = ORIENTED_EDGE('',*,*,#7251,.T.);
#7251 = EDGE_CURVE('',#7244,#7252,#7254,.T.);
#7252 = VERTEX_POINT('',#7253);
#7253 = CARTESIAN_POINT('',(-0.7,0.6,4.5E-02));
#7254 = LINE('',#7255,#7256);
#7255 = CARTESIAN_POINT('',(-0.955,0.6,4.5E-02));
#7256 = VECTOR('',#7257,1.);
#7257 = DIRECTION('',(1.,0.,0.));
#7258 = ORIENTED_EDGE('',*,*,#7259,.T.);
#7259 = EDGE_CURVE('',#7252,#7208,#7260,.T.);
#7260 = CIRCLE('',#7261,4.5E-02);
#7261 = AXIS2_PLACEMENT_3D('',#7262,#7263,#7264);
#7262 = CARTESIAN_POINT('',(-0.745,0.6,4.5E-02));
#7263 = DIRECTION('',(0.,1.,0.));
#7264 = DIRECTION('',(0.,-0.,1.));
#7265 = PLANE('',#7266);
#7266 = AXIS2_PLACEMENT_3D('',#7267,#7268,#7269);
#7267 = CARTESIAN_POINT('',(-1.,0.6,0.));
#7268 = DIRECTION('',(0.,1.,0.));
#7269 = DIRECTION('',(0.,-0.,1.));
#7270 = ADVANCED_FACE('',(#7271),#7282,.F.);
#7271 = FACE_BOUND('',#7272,.F.);
#7272 = EDGE_LOOP('',(#7273,#7274,#7275,#7276));
#7273 = ORIENTED_EDGE('',*,*,#7207,.F.);
#7274 = ORIENTED_EDGE('',*,*,#7167,.F.);
#7275 = ORIENTED_EDGE('',*,*,#7074,.T.);
#7276 = ORIENTED_EDGE('',*,*,#7277,.T.);
#7277 = EDGE_CURVE('',#7077,#7208,#7278,.T.);
#7278 = LINE('',#7279,#7280);
#7279 = CARTESIAN_POINT('',(-0.745,-0.6,-2.775557561563E-17));
#7280 = VECTOR('',#7281,1.);
#7281 = DIRECTION('',(0.,1.,0.));
#7282 = PLANE('',#7283);
#7283 = AXIS2_PLACEMENT_3D('',#7284,#7285,#7286);
#7284 = CARTESIAN_POINT('',(-1.,-0.6,0.));
#7285 = DIRECTION('',(0.,0.,1.));
#7286 = DIRECTION('',(1.,0.,-0.));
#7287 = ADVANCED_FACE('',(#7288),#7299,.T.);
#7288 = FACE_BOUND('',#7289,.T.);
#7289 = EDGE_LOOP('',(#7290,#7291,#7292,#7293));
#7290 = ORIENTED_EDGE('',*,*,#7142,.T.);
#7291 = ORIENTED_EDGE('',*,*,#7277,.T.);
#7292 = ORIENTED_EDGE('',*,*,#7259,.F.);
#7293 = ORIENTED_EDGE('',*,*,#7294,.F.);
#7294 = EDGE_CURVE('',#7135,#7252,#7295,.T.);
#7295 = LINE('',#7296,#7297);
#7296 = CARTESIAN_POINT('',(-0.7,-0.6,4.5E-02));
#7297 = VECTOR('',#7298,1.);
#7298 = DIRECTION('',(0.,1.,0.));
#7299 = CYLINDRICAL_SURFACE('',#7300,4.5E-02);
#7300 = AXIS2_PLACEMENT_3D('',#7301,#7302,#7303);
#7301 = CARTESIAN_POINT('',(-0.745,-0.6,4.5E-02));
#7302 = DIRECTION('',(0.,1.,0.));
#7303 = DIRECTION('',(1.,0.,0.));
#7304 = ADVANCED_FACE('',(#7305),#7348,.F.);
#7305 = FACE_BOUND('',#7306,.F.);
#7306 = EDGE_LOOP('',(#7307,#7308,#7309,#7310,#7318,#7326,#7334,#7342));
#7307 = ORIENTED_EDGE('',*,*,#7134,.F.);
#7308 = ORIENTED_EDGE('',*,*,#7126,.T.);
#7309 = ORIENTED_EDGE('',*,*,#7118,.T.);
#7310 = ORIENTED_EDGE('',*,*,#7311,.T.);
#7311 = EDGE_CURVE('',#7110,#7312,#7314,.T.);
#7312 = VERTEX_POINT('',#7313);
#7313 = CARTESIAN_POINT('',(0.7,-0.6,0.405));
#7314 = LINE('',#7315,#7316);
#7315 = CARTESIAN_POINT('',(-0.7,-0.6,0.405));
#7316 = VECTOR('',#7317,1.);
#7317 = DIRECTION('',(1.,0.,0.));
#7318 = ORIENTED_EDGE('',*,*,#7319,.T.);
#7319 = EDGE_CURVE('',#7312,#7320,#7322,.T.);
#7320 = VERTEX_POINT('',#7321);
#7321 = CARTESIAN_POINT('',(0.955,-0.6,0.405));
#7322 = LINE('',#7323,#7324);
#7323 = CARTESIAN_POINT('',(-0.955,-0.6,0.405));
#7324 = VECTOR('',#7325,1.);
#7325 = DIRECTION('',(1.,0.,0.));
#7326 = ORIENTED_EDGE('',*,*,#7327,.F.);
#7327 = EDGE_CURVE('',#7328,#7320,#7330,.T.);
#7328 = VERTEX_POINT('',#7329);
#7329 = CARTESIAN_POINT('',(0.955,-0.6,4.5E-02));
#7330 = LINE('',#7331,#7332);
#7331 = CARTESIAN_POINT('',(0.955,-0.6,4.5E-02));
#7332 = VECTOR('',#7333,1.);
#7333 = DIRECTION('',(0.,0.,1.));
#7334 = ORIENTED_EDGE('',*,*,#7335,.F.);
#7335 = EDGE_CURVE('',#7336,#7328,#7338,.T.);
#7336 = VERTEX_POINT('',#7337);
#7337 = CARTESIAN_POINT('',(0.7,-0.6,4.5E-02));
#7338 = LINE('',#7339,#7340);
#7339 = CARTESIAN_POINT('',(-0.955,-0.6,4.5E-02));
#7340 = VECTOR('',#7341,1.);
#7341 = DIRECTION('',(1.,0.,0.));
#7342 = ORIENTED_EDGE('',*,*,#7343,.F.);
#7343 = EDGE_CURVE('',#7135,#7336,#7344,.T.);
#7344 = LINE('',#7345,#7346);
#7345 = CARTESIAN_POINT('',(-0.955,-0.6,4.5E-02));
#7346 = VECTOR('',#7347,1.);
#7347 = DIRECTION('',(1.,0.,0.));
#7348 = PLANE('',#7349);
#7349 = AXIS2_PLACEMENT_3D('',#7350,#7351,#7352);
#7350 = CARTESIAN_POINT('',(-0.955,-0.6,4.5E-02));
#7351 = DIRECTION('',(0.,1.,0.));
#7352 = DIRECTION('',(0.,-0.,1.));
#7353 = ADVANCED_FACE('',(#7354),#7365,.T.);
#7354 = FACE_BOUND('',#7355,.T.);
#7355 = EDGE_LOOP('',(#7356,#7357,#7358,#7359));
#7356 = ORIENTED_EDGE('',*,*,#7218,.F.);
#7357 = ORIENTED_EDGE('',*,*,#7183,.F.);
#7358 = ORIENTED_EDGE('',*,*,#7101,.T.);
#7359 = ORIENTED_EDGE('',*,*,#7360,.T.);
#7360 = EDGE_CURVE('',#7102,#7219,#7361,.T.);
#7361 = LINE('',#7362,#7363);
#7362 = CARTESIAN_POINT('',(-0.745,-0.6,0.45));
#7363 = VECTOR('',#7364,1.);
#7364 = DIRECTION('',(0.,1.,0.));
#7365 = PLANE('',#7366);
#7366 = AXIS2_PLACEMENT_3D('',#7367,#7368,#7369);
#7367 = CARTESIAN_POINT('',(-1.,-0.6,0.45));
#7368 = DIRECTION('',(0.,0.,1.));
#7369 = DIRECTION('',(1.,0.,-0.));
#7370 = ADVANCED_FACE('',(#7371),#7382,.T.);
#7371 = FACE_BOUND('',#7372,.T.);
#7372 = EDGE_LOOP('',(#7373,#7379,#7380,#7381));
#7373 = ORIENTED_EDGE('',*,*,#7374,.T.);
#7374 = EDGE_CURVE('',#7110,#7227,#7375,.T.);
#7375 = LINE('',#7376,#7377);
#7376 = CARTESIAN_POINT('',(-0.7,-0.6,0.405));
#7377 = VECTOR('',#7378,1.);
#7378 = DIRECTION('',(0.,1.,0.));
#7379 = ORIENTED_EDGE('',*,*,#7226,.T.);
#7380 = ORIENTED_EDGE('',*,*,#7360,.F.);
#7381 = ORIENTED_EDGE('',*,*,#7109,.F.);
#7382 = CYLINDRICAL_SURFACE('',#7383,4.5E-02);
#7383 = AXIS2_PLACEMENT_3D('',#7384,#7385,#7386);
#7384 = CARTESIAN_POINT('',(-0.745,-0.6,0.405));
#7385 = DIRECTION('',(0.,1.,0.));
#7386 = DIRECTION('',(1.,0.,0.));
#7387 = ADVANCED_FACE('',(#7388),#7431,.T.);
#7388 = FACE_BOUND('',#7389,.T.);
#7389 = EDGE_LOOP('',(#7390,#7391,#7392,#7393,#7401,#7409,#7417,#7425));
#7390 = ORIENTED_EDGE('',*,*,#7251,.F.);
#7391 = ORIENTED_EDGE('',*,*,#7243,.T.);
#7392 = ORIENTED_EDGE('',*,*,#7235,.T.);
#7393 = ORIENTED_EDGE('',*,*,#7394,.T.);
#7394 = EDGE_CURVE('',#7227,#7395,#7397,.T.);
#7395 = VERTEX_POINT('',#7396);
#7396 = CARTESIAN_POINT('',(0.7,0.6,0.405));
#7397 = LINE('',#7398,#7399);
#7398 = CARTESIAN_POINT('',(-0.7,0.6,0.405));
#7399 = VECTOR('',#7400,1.);
#7400 = DIRECTION('',(1.,0.,0.));
#7401 = ORIENTED_EDGE('',*,*,#7402,.T.);
#7402 = EDGE_CURVE('',#7395,#7403,#7405,.T.);
#7403 = VERTEX_POINT('',#7404);
#7404 = CARTESIAN_POINT('',(0.955,0.6,0.405));
#7405 = LINE('',#7406,#7407);
#7406 = CARTESIAN_POINT('',(-0.955,0.6,0.405));
#7407 = VECTOR('',#7408,1.);
#7408 = DIRECTION('',(1.,0.,0.));
#7409 = ORIENTED_EDGE('',*,*,#7410,.F.);
#7410 = EDGE_CURVE('',#7411,#7403,#7413,.T.);
#7411 = VERTEX_POINT('',#7412);
#7412 = CARTESIAN_POINT('',(0.955,0.6,4.5E-02));
#7413 = LINE('',#7414,#7415);
#7414 = CARTESIAN_POINT('',(0.955,0.6,4.5E-02));
#7415 = VECTOR('',#7416,1.);
#7416 = DIRECTION('',(0.,0.,1.));
#7417 = ORIENTED_EDGE('',*,*,#7418,.F.);
#7418 = EDGE_CURVE('',#7419,#7411,#7421,.T.);
#7419 = VERTEX_POINT('',#7420);
#7420 = CARTESIAN_POINT('',(0.7,0.6,4.5E-02));
#7421 = LINE('',#7422,#7423);
#7422 = CARTESIAN_POINT('',(-0.955,0.6,4.5E-02));
#7423 = VECTOR('',#7424,1.);
#7424 = DIRECTION('',(1.,0.,0.));
#7425 = ORIENTED_EDGE('',*,*,#7426,.F.);
#7426 = EDGE_CURVE('',#7252,#7419,#7427,.T.);
#7427 = LINE('',#7428,#7429);
#7428 = CARTESIAN_POINT('',(-0.955,0.6,4.5E-02));
#7429 = VECTOR('',#7430,1.);
#7430 = DIRECTION('',(1.,0.,0.));
#7431 = PLANE('',#7432);
#7432 = AXIS2_PLACEMENT_3D('',#7433,#7434,#7435);
#7433 = CARTESIAN_POINT('',(-0.955,0.6,4.5E-02));
#7434 = DIRECTION('',(0.,1.,0.));
#7435 = DIRECTION('',(0.,-0.,1.));
#7436 = ADVANCED_FACE('',(#7437),#7448,.F.);
#7437 = FACE_BOUND('',#7438,.F.);
#7438 = EDGE_LOOP('',(#7439,#7440,#7441,#7447));
#7439 = ORIENTED_EDGE('',*,*,#7294,.F.);
#7440 = ORIENTED_EDGE('',*,*,#7343,.T.);
#7441 = ORIENTED_EDGE('',*,*,#7442,.T.);
#7442 = EDGE_CURVE('',#7336,#7419,#7443,.T.);
#7443 = LINE('',#7444,#7445);
#7444 = CARTESIAN_POINT('',(0.7,-0.6,4.5E-02));
#7445 = VECTOR('',#7446,1.);
#7446 = DIRECTION('',(0.,1.,0.));
#7447 = ORIENTED_EDGE('',*,*,#7426,.F.);
#7448 = PLANE('',#7449);
#7449 = AXIS2_PLACEMENT_3D('',#7450,#7451,#7452);
#7450 = CARTESIAN_POINT('',(-0.955,-0.6,4.5E-02));
#7451 = DIRECTION('',(0.,0.,1.));
#7452 = DIRECTION('',(1.,0.,-0.));
#7453 = ADVANCED_FACE('',(#7454),#7517,.F.);
#7454 = FACE_BOUND('',#7455,.F.);
#7455 = EDGE_LOOP('',(#7456,#7466,#7473,#7474,#7475,#7476,#7485,#7493,
    #7502,#7510));
#7456 = ORIENTED_EDGE('',*,*,#7457,.F.);
#7457 = EDGE_CURVE('',#7458,#7460,#7462,.T.);
#7458 = VERTEX_POINT('',#7459);
#7459 = CARTESIAN_POINT('',(0.745,-0.6,-2.775557561563E-17));
#7460 = VERTEX_POINT('',#7461);
#7461 = CARTESIAN_POINT('',(0.955,-0.6,-2.775557561563E-17));
#7462 = LINE('',#7463,#7464);
#7463 = CARTESIAN_POINT('',(0.7,-0.6,0.));
#7464 = VECTOR('',#7465,1.);
#7465 = DIRECTION('',(1.,0.,0.));
#7466 = ORIENTED_EDGE('',*,*,#7467,.F.);
#7467 = EDGE_CURVE('',#7336,#7458,#7468,.T.);
#7468 = CIRCLE('',#7469,4.5E-02);
#7469 = AXIS2_PLACEMENT_3D('',#7470,#7471,#7472);
#7470 = CARTESIAN_POINT('',(0.745,-0.6,4.5E-02));
#7471 = DIRECTION('',(0.,-1.,0.));
#7472 = DIRECTION('',(0.,0.,1.));
#7473 = ORIENTED_EDGE('',*,*,#7335,.T.);
#7474 = ORIENTED_EDGE('',*,*,#7327,.T.);
#7475 = ORIENTED_EDGE('',*,*,#7319,.F.);
#7476 = ORIENTED_EDGE('',*,*,#7477,.T.);
#7477 = EDGE_CURVE('',#7312,#7478,#7480,.T.);
#7478 = VERTEX_POINT('',#7479);
#7479 = CARTESIAN_POINT('',(0.745,-0.6,0.45));
#7480 = CIRCLE('',#7481,4.5E-02);
#7481 = AXIS2_PLACEMENT_3D('',#7482,#7483,#7484);
#7482 = CARTESIAN_POINT('',(0.745,-0.6,0.405));
#7483 = DIRECTION('',(0.,1.,0.));
#7484 = DIRECTION('',(0.,-0.,1.));
#7485 = ORIENTED_EDGE('',*,*,#7486,.T.);
#7486 = EDGE_CURVE('',#7478,#7487,#7489,.T.);
#7487 = VERTEX_POINT('',#7488);
#7488 = CARTESIAN_POINT('',(0.955,-0.6,0.45));
#7489 = LINE('',#7490,#7491);
#7490 = CARTESIAN_POINT('',(0.7,-0.6,0.45));
#7491 = VECTOR('',#7492,1.);
#7492 = DIRECTION('',(1.,0.,0.));
#7493 = ORIENTED_EDGE('',*,*,#7494,.F.);
#7494 = EDGE_CURVE('',#7495,#7487,#7497,.T.);
#7495 = VERTEX_POINT('',#7496);
#7496 = CARTESIAN_POINT('',(1.,-0.6,0.405));
#7497 = CIRCLE('',#7498,4.5E-02);
#7498 = AXIS2_PLACEMENT_3D('',#7499,#7500,#7501);
#7499 = CARTESIAN_POINT('',(0.955,-0.6,0.405));
#7500 = DIRECTION('',(0.,-1.,0.));
#7501 = DIRECTION('',(0.,0.,1.));
#7502 = ORIENTED_EDGE('',*,*,#7503,.F.);
#7503 = EDGE_CURVE('',#7504,#7495,#7506,.T.);
#7504 = VERTEX_POINT('',#7505);
#7505 = CARTESIAN_POINT('',(1.,-0.6,4.5E-02));
#7506 = LINE('',#7507,#7508);
#7507 = CARTESIAN_POINT('',(1.,-0.6,0.));
#7508 = VECTOR('',#7509,1.);
#7509 = DIRECTION('',(0.,0.,1.));
#7510 = ORIENTED_EDGE('',*,*,#7511,.T.);
#7511 = EDGE_CURVE('',#7504,#7460,#7512,.T.);
#7512 = CIRCLE('',#7513,4.5E-02);
#7513 = AXIS2_PLACEMENT_3D('',#7514,#7515,#7516);
#7514 = CARTESIAN_POINT('',(0.955,-0.6,4.5E-02));
#7515 = DIRECTION('',(0.,1.,0.));
#7516 = DIRECTION('',(0.,-0.,1.));
#7517 = PLANE('',#7518);
#7518 = AXIS2_PLACEMENT_3D('',#7519,#7520,#7521);
#7519 = CARTESIAN_POINT('',(0.7,-0.6,0.));
#7520 = DIRECTION('',(0.,1.,0.));
#7521 = DIRECTION('',(0.,-0.,1.));
#7522 = ADVANCED_FACE('',(#7523),#7548,.F.);
#7523 = FACE_BOUND('',#7524,.F.);
#7524 = EDGE_LOOP('',(#7525,#7526,#7534,#7542));
#7525 = ORIENTED_EDGE('',*,*,#7311,.F.);
#7526 = ORIENTED_EDGE('',*,*,#7527,.T.);
#7527 = EDGE_CURVE('',#7110,#7528,#7530,.T.);
#7528 = VERTEX_POINT('',#7529);
#7529 = CARTESIAN_POINT('',(-0.7,-0.6,0.45));
#7530 = LINE('',#7531,#7532);
#7531 = CARTESIAN_POINT('',(-0.7,-0.6,0.405));
#7532 = VECTOR('',#7533,1.);
#7533 = DIRECTION('',(0.,0.,1.));
#7534 = ORIENTED_EDGE('',*,*,#7535,.T.);
#7535 = EDGE_CURVE('',#7528,#7536,#7538,.T.);
#7536 = VERTEX_POINT('',#7537);
#7537 = CARTESIAN_POINT('',(0.7,-0.6,0.45));
#7538 = LINE('',#7539,#7540);
#7539 = CARTESIAN_POINT('',(-0.7,-0.6,0.45));
#7540 = VECTOR('',#7541,1.);
#7541 = DIRECTION('',(1.,0.,0.));
#7542 = ORIENTED_EDGE('',*,*,#7543,.F.);
#7543 = EDGE_CURVE('',#7312,#7536,#7544,.T.);
#7544 = LINE('',#7545,#7546);
#7545 = CARTESIAN_POINT('',(0.7,-0.6,0.405));
#7546 = VECTOR('',#7547,1.);
#7547 = DIRECTION('',(0.,0.,1.));
#7548 = PLANE('',#7549);
#7549 = AXIS2_PLACEMENT_3D('',#7550,#7551,#7552);
#7550 = CARTESIAN_POINT('',(-0.7,-0.6,0.405));
#7551 = DIRECTION('',(0.,1.,0.));
#7552 = DIRECTION('',(0.,-0.,1.));
#7553 = ADVANCED_FACE('',(#7554),#7572,.F.);
#7554 = FACE_BOUND('',#7555,.F.);
#7555 = EDGE_LOOP('',(#7556,#7557,#7558,#7566));
#7556 = ORIENTED_EDGE('',*,*,#7527,.F.);
#7557 = ORIENTED_EDGE('',*,*,#7374,.T.);
#7558 = ORIENTED_EDGE('',*,*,#7559,.T.);
#7559 = EDGE_CURVE('',#7227,#7560,#7562,.T.);
#7560 = VERTEX_POINT('',#7561);
#7561 = CARTESIAN_POINT('',(-0.7,0.6,0.45));
#7562 = LINE('',#7563,#7564);
#7563 = CARTESIAN_POINT('',(-0.7,0.6,0.405));
#7564 = VECTOR('',#7565,1.);
#7565 = DIRECTION('',(0.,0.,1.));
#7566 = ORIENTED_EDGE('',*,*,#7567,.F.);
#7567 = EDGE_CURVE('',#7528,#7560,#7568,.T.);
#7568 = LINE('',#7569,#7570);
#7569 = CARTESIAN_POINT('',(-0.7,-0.6,0.45));
#7570 = VECTOR('',#7571,1.);
#7571 = DIRECTION('',(0.,1.,0.));
#7572 = PLANE('',#7573);
#7573 = AXIS2_PLACEMENT_3D('',#7574,#7575,#7576);
#7574 = CARTESIAN_POINT('',(-0.7,-0.6,0.405));
#7575 = DIRECTION('',(1.,0.,0.));
#7576 = DIRECTION('',(0.,0.,1.));
#7577 = ADVANCED_FACE('',(#7578),#7641,.T.);
#7578 = FACE_BOUND('',#7579,.T.);
#7579 = EDGE_LOOP('',(#7580,#7590,#7597,#7598,#7599,#7600,#7609,#7617,
    #7626,#7634));
#7580 = ORIENTED_EDGE('',*,*,#7581,.F.);
#7581 = EDGE_CURVE('',#7582,#7584,#7586,.T.);
#7582 = VERTEX_POINT('',#7583);
#7583 = CARTESIAN_POINT('',(0.745,0.6,-2.775557561563E-17));
#7584 = VERTEX_POINT('',#7585);
#7585 = CARTESIAN_POINT('',(0.955,0.6,-2.775557561563E-17));
#7586 = LINE('',#7587,#7588);
#7587 = CARTESIAN_POINT('',(0.7,0.6,0.));
#7588 = VECTOR('',#7589,1.);
#7589 = DIRECTION('',(1.,0.,0.));
#7590 = ORIENTED_EDGE('',*,*,#7591,.F.);
#7591 = EDGE_CURVE('',#7419,#7582,#7592,.T.);
#7592 = CIRCLE('',#7593,4.5E-02);
#7593 = AXIS2_PLACEMENT_3D('',#7594,#7595,#7596);
#7594 = CARTESIAN_POINT('',(0.745,0.6,4.5E-02));
#7595 = DIRECTION('',(0.,-1.,0.));
#7596 = DIRECTION('',(0.,0.,1.));
#7597 = ORIENTED_EDGE('',*,*,#7418,.T.);
#7598 = ORIENTED_EDGE('',*,*,#7410,.T.);
#7599 = ORIENTED_EDGE('',*,*,#7402,.F.);
#7600 = ORIENTED_EDGE('',*,*,#7601,.T.);
#7601 = EDGE_CURVE('',#7395,#7602,#7604,.T.);
#7602 = VERTEX_POINT('',#7603);
#7603 = CARTESIAN_POINT('',(0.745,0.6,0.45));
#7604 = CIRCLE('',#7605,4.5E-02);
#7605 = AXIS2_PLACEMENT_3D('',#7606,#7607,#7608);
#7606 = CARTESIAN_POINT('',(0.745,0.6,0.405));
#7607 = DIRECTION('',(0.,1.,0.));
#7608 = DIRECTION('',(0.,-0.,1.));
#7609 = ORIENTED_EDGE('',*,*,#7610,.T.);
#7610 = EDGE_CURVE('',#7602,#7611,#7613,.T.);
#7611 = VERTEX_POINT('',#7612);
#7612 = CARTESIAN_POINT('',(0.955,0.6,0.45));
#7613 = LINE('',#7614,#7615);
#7614 = CARTESIAN_POINT('',(0.7,0.6,0.45));
#7615 = VECTOR('',#7616,1.);
#7616 = DIRECTION('',(1.,0.,0.));
#7617 = ORIENTED_EDGE('',*,*,#7618,.F.);
#7618 = EDGE_CURVE('',#7619,#7611,#7621,.T.);
#7619 = VERTEX_POINT('',#7620);
#7620 = CARTESIAN_POINT('',(1.,0.6,0.405));
#7621 = CIRCLE('',#7622,4.5E-02);
#7622 = AXIS2_PLACEMENT_3D('',#7623,#7624,#7625);
#7623 = CARTESIAN_POINT('',(0.955,0.6,0.405));
#7624 = DIRECTION('',(0.,-1.,0.));
#7625 = DIRECTION('',(0.,0.,1.));
#7626 = ORIENTED_EDGE('',*,*,#7627,.F.);
#7627 = EDGE_CURVE('',#7628,#7619,#7630,.T.);
#7628 = VERTEX_POINT('',#7629);
#7629 = CARTESIAN_POINT('',(1.,0.6,4.5E-02));
#7630 = LINE('',#7631,#7632);
#7631 = CARTESIAN_POINT('',(1.,0.6,0.));
#7632 = VECTOR('',#7633,1.);
#7633 = DIRECTION('',(0.,0.,1.));
#7634 = ORIENTED_EDGE('',*,*,#7635,.T.);
#7635 = EDGE_CURVE('',#7628,#7584,#7636,.T.);
#7636 = CIRCLE('',#7637,4.5E-02);
#7637 = AXIS2_PLACEMENT_3D('',#7638,#7639,#7640);
#7638 = CARTESIAN_POINT('',(0.955,0.6,4.5E-02));
#7639 = DIRECTION('',(0.,1.,0.));
#7640 = DIRECTION('',(0.,-0.,1.));
#7641 = PLANE('',#7642);
#7642 = AXIS2_PLACEMENT_3D('',#7643,#7644,#7645);
#7643 = CARTESIAN_POINT('',(0.7,0.6,0.));
#7644 = DIRECTION('',(0.,1.,0.));
#7645 = DIRECTION('',(0.,-0.,1.));
#7646 = ADVANCED_FACE('',(#7647),#7665,.T.);
#7647 = FACE_BOUND('',#7648,.T.);
#7648 = EDGE_LOOP('',(#7649,#7650,#7651,#7659));
#7649 = ORIENTED_EDGE('',*,*,#7394,.F.);
#7650 = ORIENTED_EDGE('',*,*,#7559,.T.);
#7651 = ORIENTED_EDGE('',*,*,#7652,.T.);
#7652 = EDGE_CURVE('',#7560,#7653,#7655,.T.);
#7653 = VERTEX_POINT('',#7654);
#7654 = CARTESIAN_POINT('',(0.7,0.6,0.45));
#7655 = LINE('',#7656,#7657);
#7656 = CARTESIAN_POINT('',(-0.7,0.6,0.45));
#7657 = VECTOR('',#7658,1.);
#7658 = DIRECTION('',(1.,0.,0.));
#7659 = ORIENTED_EDGE('',*,*,#7660,.F.);
#7660 = EDGE_CURVE('',#7395,#7653,#7661,.T.);
#7661 = LINE('',#7662,#7663);
#7662 = CARTESIAN_POINT('',(0.7,0.6,0.405));
#7663 = VECTOR('',#7664,1.);
#7664 = DIRECTION('',(0.,0.,1.));
#7665 = PLANE('',#7666);
#7666 = AXIS2_PLACEMENT_3D('',#7667,#7668,#7669);
#7667 = CARTESIAN_POINT('',(-0.7,0.6,0.405));
#7668 = DIRECTION('',(0.,1.,0.));
#7669 = DIRECTION('',(0.,-0.,1.));
#7670 = ADVANCED_FACE('',(#7671),#7682,.T.);
#7671 = FACE_BOUND('',#7672,.T.);
#7672 = EDGE_LOOP('',(#7673,#7674,#7675,#7681));
#7673 = ORIENTED_EDGE('',*,*,#7442,.T.);
#7674 = ORIENTED_EDGE('',*,*,#7591,.T.);
#7675 = ORIENTED_EDGE('',*,*,#7676,.F.);
#7676 = EDGE_CURVE('',#7458,#7582,#7677,.T.);
#7677 = LINE('',#7678,#7679);
#7678 = CARTESIAN_POINT('',(0.745,-0.6,-2.775557561563E-17));
#7679 = VECTOR('',#7680,1.);
#7680 = DIRECTION('',(0.,1.,0.));
#7681 = ORIENTED_EDGE('',*,*,#7467,.F.);
#7682 = CYLINDRICAL_SURFACE('',#7683,4.5E-02);
#7683 = AXIS2_PLACEMENT_3D('',#7684,#7685,#7686);
#7684 = CARTESIAN_POINT('',(0.745,-0.6,4.5E-02));
#7685 = DIRECTION('',(0.,1.,0.));
#7686 = DIRECTION('',(-1.,0.,0.));
#7687 = ADVANCED_FACE('',(#7688),#7699,.F.);
#7688 = FACE_BOUND('',#7689,.F.);
#7689 = EDGE_LOOP('',(#7690,#7691,#7692,#7693));
#7690 = ORIENTED_EDGE('',*,*,#7581,.F.);
#7691 = ORIENTED_EDGE('',*,*,#7676,.F.);
#7692 = ORIENTED_EDGE('',*,*,#7457,.T.);
#7693 = ORIENTED_EDGE('',*,*,#7694,.T.);
#7694 = EDGE_CURVE('',#7460,#7584,#7695,.T.);
#7695 = LINE('',#7696,#7697);
#7696 = CARTESIAN_POINT('',(0.955,-0.6,-2.775557561563E-17));
#7697 = VECTOR('',#7698,1.);
#7698 = DIRECTION('',(0.,1.,0.));
#7699 = PLANE('',#7700);
#7700 = AXIS2_PLACEMENT_3D('',#7701,#7702,#7703);
#7701 = CARTESIAN_POINT('',(0.7,-0.6,0.));
#7702 = DIRECTION('',(0.,0.,1.));
#7703 = DIRECTION('',(1.,0.,-0.));
#7704 = ADVANCED_FACE('',(#7705),#7716,.T.);
#7705 = FACE_BOUND('',#7706,.T.);
#7706 = EDGE_LOOP('',(#7707,#7708,#7709,#7710));
#7707 = ORIENTED_EDGE('',*,*,#7511,.T.);
#7708 = ORIENTED_EDGE('',*,*,#7694,.T.);
#7709 = ORIENTED_EDGE('',*,*,#7635,.F.);
#7710 = ORIENTED_EDGE('',*,*,#7711,.F.);
#7711 = EDGE_CURVE('',#7504,#7628,#7712,.T.);
#7712 = LINE('',#7713,#7714);
#7713 = CARTESIAN_POINT('',(1.,-0.6,4.5E-02));
#7714 = VECTOR('',#7715,1.);
#7715 = DIRECTION('',(0.,1.,0.));
#7716 = CYLINDRICAL_SURFACE('',#7717,4.5E-02);
#7717 = AXIS2_PLACEMENT_3D('',#7718,#7719,#7720);
#7718 = CARTESIAN_POINT('',(0.955,-0.6,4.5E-02));
#7719 = DIRECTION('',(0.,1.,0.));
#7720 = DIRECTION('',(1.,0.,0.));
#7721 = ADVANCED_FACE('',(#7722),#7733,.T.);
#7722 = FACE_BOUND('',#7723,.T.);
#7723 = EDGE_LOOP('',(#7724,#7725,#7726,#7727));
#7724 = ORIENTED_EDGE('',*,*,#7503,.F.);
#7725 = ORIENTED_EDGE('',*,*,#7711,.T.);
#7726 = ORIENTED_EDGE('',*,*,#7627,.T.);
#7727 = ORIENTED_EDGE('',*,*,#7728,.F.);
#7728 = EDGE_CURVE('',#7495,#7619,#7729,.T.);
#7729 = LINE('',#7730,#7731);
#7730 = CARTESIAN_POINT('',(1.,-0.6,0.405));
#7731 = VECTOR('',#7732,1.);
#7732 = DIRECTION('',(0.,1.,0.));
#7733 = PLANE('',#7734);
#7734 = AXIS2_PLACEMENT_3D('',#7735,#7736,#7737);
#7735 = CARTESIAN_POINT('',(1.,-0.6,0.));
#7736 = DIRECTION('',(1.,0.,0.));
#7737 = DIRECTION('',(0.,0.,1.));
#7738 = ADVANCED_FACE('',(#7739),#7750,.T.);
#7739 = FACE_BOUND('',#7740,.T.);
#7740 = EDGE_LOOP('',(#7741,#7742,#7743,#7749));
#7741 = ORIENTED_EDGE('',*,*,#7728,.T.);
#7742 = ORIENTED_EDGE('',*,*,#7618,.T.);
#7743 = ORIENTED_EDGE('',*,*,#7744,.F.);
#7744 = EDGE_CURVE('',#7487,#7611,#7745,.T.);
#7745 = LINE('',#7746,#7747);
#7746 = CARTESIAN_POINT('',(0.955,-0.6,0.45));
#7747 = VECTOR('',#7748,1.);
#7748 = DIRECTION('',(0.,1.,0.));
#7749 = ORIENTED_EDGE('',*,*,#7494,.F.);
#7750 = CYLINDRICAL_SURFACE('',#7751,4.5E-02);
#7751 = AXIS2_PLACEMENT_3D('',#7752,#7753,#7754);
#7752 = CARTESIAN_POINT('',(0.955,-0.6,0.405));
#7753 = DIRECTION('',(0.,1.,0.));
#7754 = DIRECTION('',(1.,0.,0.));
#7755 = ADVANCED_FACE('',(#7756),#7767,.T.);
#7756 = FACE_BOUND('',#7757,.T.);
#7757 = EDGE_LOOP('',(#7758,#7759,#7765,#7766));
#7758 = ORIENTED_EDGE('',*,*,#7610,.F.);
#7759 = ORIENTED_EDGE('',*,*,#7760,.F.);
#7760 = EDGE_CURVE('',#7478,#7602,#7761,.T.);
#7761 = LINE('',#7762,#7763);
#7762 = CARTESIAN_POINT('',(0.745,-0.6,0.45));
#7763 = VECTOR('',#7764,1.);
#7764 = DIRECTION('',(0.,1.,0.));
#7765 = ORIENTED_EDGE('',*,*,#7486,.T.);
#7766 = ORIENTED_EDGE('',*,*,#7744,.T.);
#7767 = PLANE('',#7768);
#7768 = AXIS2_PLACEMENT_3D('',#7769,#7770,#7771);
#7769 = CARTESIAN_POINT('',(0.7,-0.6,0.45));
#7770 = DIRECTION('',(0.,0.,1.));
#7771 = DIRECTION('',(1.,0.,-0.));
#7772 = ADVANCED_FACE('',(#7773),#7784,.T.);
#7773 = FACE_BOUND('',#7774,.T.);
#7774 = EDGE_LOOP('',(#7775,#7776,#7777,#7778));
#7775 = ORIENTED_EDGE('',*,*,#7477,.T.);
#7776 = ORIENTED_EDGE('',*,*,#7760,.T.);
#7777 = ORIENTED_EDGE('',*,*,#7601,.F.);
#7778 = ORIENTED_EDGE('',*,*,#7779,.F.);
#7779 = EDGE_CURVE('',#7312,#7395,#7780,.T.);
#7780 = LINE('',#7781,#7782);
#7781 = CARTESIAN_POINT('',(0.7,-0.6,0.405));
#7782 = VECTOR('',#7783,1.);
#7783 = DIRECTION('',(0.,1.,0.));
#7784 = CYLINDRICAL_SURFACE('',#7785,4.5E-02);
#7785 = AXIS2_PLACEMENT_3D('',#7786,#7787,#7788);
#7786 = CARTESIAN_POINT('',(0.745,-0.6,0.405));
#7787 = DIRECTION('',(0.,1.,0.));
#7788 = DIRECTION('',(-1.,0.,0.));
#7789 = ADVANCED_FACE('',(#7790),#7801,.T.);
#7790 = FACE_BOUND('',#7791,.T.);
#7791 = EDGE_LOOP('',(#7792,#7793,#7794,#7795));
#7792 = ORIENTED_EDGE('',*,*,#7543,.F.);
#7793 = ORIENTED_EDGE('',*,*,#7779,.T.);
#7794 = ORIENTED_EDGE('',*,*,#7660,.T.);
#7795 = ORIENTED_EDGE('',*,*,#7796,.F.);
#7796 = EDGE_CURVE('',#7536,#7653,#7797,.T.);
#7797 = LINE('',#7798,#7799);
#7798 = CARTESIAN_POINT('',(0.7,-0.6,0.45));
#7799 = VECTOR('',#7800,1.);
#7800 = DIRECTION('',(0.,1.,0.));
#7801 = PLANE('',#7802);
#7802 = AXIS2_PLACEMENT_3D('',#7803,#7804,#7805);
#7803 = CARTESIAN_POINT('',(0.7,-0.6,0.405));
#7804 = DIRECTION('',(1.,0.,0.));
#7805 = DIRECTION('',(0.,0.,1.));
#7806 = ADVANCED_FACE('',(#7807),#7813,.T.);
#7807 = FACE_BOUND('',#7808,.T.);
#7808 = EDGE_LOOP('',(#7809,#7810,#7811,#7812));
#7809 = ORIENTED_EDGE('',*,*,#7567,.F.);
#7810 = ORIENTED_EDGE('',*,*,#7535,.T.);
#7811 = ORIENTED_EDGE('',*,*,#7796,.T.);
#7812 = ORIENTED_EDGE('',*,*,#7652,.F.);
#7813 = PLANE('',#7814);
#7814 = AXIS2_PLACEMENT_3D('',#7815,#7816,#7817);
#7815 = CARTESIAN_POINT('',(-0.7,-0.6,0.45));
#7816 = DIRECTION('',(0.,0.,1.));
#7817 = DIRECTION('',(1.,0.,-0.));
#7818 = ( GEOMETRIC_REPRESENTATION_CONTEXT(3) 
GLOBAL_UNCERTAINTY_ASSIGNED_CONTEXT((#7822)) 
GLOBAL_UNIT_ASSIGNED_CONTEXT((#7819,#7820,#7821)) REPRESENTATION_CONTEXT
('Context #1','3D Context with UNIT and UNCERTAINTY') );
#7819 = ( LENGTH_UNIT() NAMED_UNIT(*) SI_UNIT(.MILLI.,.METRE.) );
#7820 = ( NAMED_UNIT(*) PLANE_ANGLE_UNIT() SI_UNIT($,.RADIAN.) );
#7821 = ( NAMED_UNIT(*) SI_UNIT($,.STERADIAN.) SOLID_ANGLE_UNIT() );
#7822 = UNCERTAINTY_MEASURE_WITH_UNIT(LENGTH_MEASURE(1.E-07),#7819,
  'distance_accuracy_value','confusion accuracy');
#7823 = CONTEXT_DEPENDENT_SHAPE_REPRESENTATION(#7824,#7826);
#7824 = ( REPRESENTATION_RELATIONSHIP('','',#7027,#10) 
REPRESENTATION_RELATIONSHIP_WITH_TRANSFORMATION(#7825) 
SHAPE_REPRESENTATION_RELATIONSHIP() );
#7825 = ITEM_DEFINED_TRANSFORMATION('','',#11,#43);
#7826 = PRODUCT_DEFINITION_SHAPE('Placement','Placement of an item',
  #7827);
#7827 = NEXT_ASSEMBLY_USAGE_OCCURRENCE('8','Rf1','',#5,#7022,$);
#7828 = PRODUCT_RELATED_PRODUCT_CATEGORY('part',$,(#7024));
#7829 = CONTEXT_DEPENDENT_SHAPE_REPRESENTATION(#7830,#7832);
#7830 = ( REPRESENTATION_RELATIONSHIP('','',#108,#10) 
REPRESENTATION_RELATIONSHIP_WITH_TRANSFORMATION(#7831) 
SHAPE_REPRESENTATION_RELATIONSHIP() );
#7831 = ITEM_DEFINED_TRANSFORMATION('','',#11,#47);
#7832 = PRODUCT_DEFINITION_SHAPE('Placement','Placement of an item',
  #7833);
#7833 = NEXT_ASSEMBLY_USAGE_OCCURRENCE('9','C5','',#5,#103,$);
#7834 = SHAPE_DEFINITION_REPRESENTATION(#7835,#7841);
#7835 = PRODUCT_DEFINITION_SHAPE('','',#7836);
#7836 = PRODUCT_DEFINITION('design','',#7837,#7840);
#7837 = PRODUCT_DEFINITION_FORMATION('','',#7838);
#7838 = PRODUCT('PinHeader_1x03_P2.54mm_Vertical',
  'PinHeader_1x03_P2.54mm_Vertical','',(#7839));
#7839 = PRODUCT_CONTEXT('',#2,'mechanical');
#7840 = PRODUCT_DEFINITION_CONTEXT('part definition',#2,'design');
#7841 = ADVANCED_BREP_SHAPE_REPRESENTATION('',(#11,#7842),#9948);
#7842 = MANIFOLD_SOLID_BREP('',#7843);
#7843 = CLOSED_SHELL('',(#7844,#7884,#7915,#7946,#8193,#8440,#8457,#8474
    ,#8491,#8508,#8525,#8542,#8559,#8576,#8593,#8610,#8627,#8644,#8661,
    #8678,#8695,#8712,#8724,#8755,#8779,#8803,#8820,#8851,#8875,#8899,
    #8916,#8947,#8971,#8995,#9012,#9043,#9067,#9091,#9108,#9139,#9163,
    #9187,#9204,#9235,#9259,#9283,#9300,#9331,#9355,#9379,#9396,#9427,
    #9451,#9475,#9492,#9523,#9547,#9571,#9588,#9619,#9643,#9667,#9684,
    #9715,#9739,#9763,#9780,#9811,#9835,#9859,#9876,#9888,#9900,#9912,
    #9924,#9936));
#7844 = ADVANCED_FACE('',(#7845),#7879,.F.);
#7845 = FACE_BOUND('',#7846,.F.);
#7846 = EDGE_LOOP('',(#7847,#7857,#7865,#7873));
#7847 = ORIENTED_EDGE('',*,*,#7848,.T.);
#7848 = EDGE_CURVE('',#7849,#7851,#7853,.T.);
#7849 = VERTEX_POINT('',#7850);
#7850 = CARTESIAN_POINT('',(-1.016,1.27,0.));
#7851 = VERTEX_POINT('',#7852);
#7852 = CARTESIAN_POINT('',(-1.016,1.27,2.54));
#7853 = LINE('',#7854,#7855);
#7854 = CARTESIAN_POINT('',(-1.016,1.27,0.));
#7855 = VECTOR('',#7856,1.);
#7856 = DIRECTION('',(0.,0.,1.));
#7857 = ORIENTED_EDGE('',*,*,#7858,.T.);
#7858 = EDGE_CURVE('',#7851,#7859,#7861,.T.);
#7859 = VERTEX_POINT('',#7860);
#7860 = CARTESIAN_POINT('',(-1.27,1.016,2.54));
#7861 = LINE('',#7862,#7863);
#7862 = CARTESIAN_POINT('',(-1.016,1.27,2.54));
#7863 = VECTOR('',#7864,1.);
#7864 = DIRECTION('',(-0.707106781187,-0.707106781187,0.));
#7865 = ORIENTED_EDGE('',*,*,#7866,.F.);
#7866 = EDGE_CURVE('',#7867,#7859,#7869,.T.);
#7867 = VERTEX_POINT('',#7868);
#7868 = CARTESIAN_POINT('',(-1.27,1.016,0.));
#7869 = LINE('',#7870,#7871);
#7870 = CARTESIAN_POINT('',(-1.27,1.016,0.));
#7871 = VECTOR('',#7872,1.);
#7872 = DIRECTION('',(0.,0.,1.));
#7873 = ORIENTED_EDGE('',*,*,#7874,.F.);
#7874 = EDGE_CURVE('',#7849,#7867,#7875,.T.);
#7875 = LINE('',#7876,#7877);
#7876 = CARTESIAN_POINT('',(-1.016,1.27,0.));
#7877 = VECTOR('',#7878,1.);
#7878 = DIRECTION('',(-0.707106781187,-0.707106781187,0.));
#7879 = PLANE('',#7880);
#7880 = AXIS2_PLACEMENT_3D('',#7881,#7882,#7883);
#7881 = CARTESIAN_POINT('',(-1.016,1.27,0.));
#7882 = DIRECTION('',(0.707106781187,-0.707106781187,0.));
#7883 = DIRECTION('',(-0.707106781187,-0.707106781187,0.));
#7884 = ADVANCED_FACE('',(#7885),#7910,.F.);
#7885 = FACE_BOUND('',#7886,.F.);
#7886 = EDGE_LOOP('',(#7887,#7897,#7903,#7904));
#7887 = ORIENTED_EDGE('',*,*,#7888,.T.);
#7888 = EDGE_CURVE('',#7889,#7891,#7893,.T.);
#7889 = VERTEX_POINT('',#7890);
#7890 = CARTESIAN_POINT('',(1.016,1.27,0.));
#7891 = VERTEX_POINT('',#7892);
#7892 = CARTESIAN_POINT('',(1.016,1.27,2.54));
#7893 = LINE('',#7894,#7895);
#7894 = CARTESIAN_POINT('',(1.016,1.27,0.));
#7895 = VECTOR('',#7896,1.);
#7896 = DIRECTION('',(0.,0.,1.));
#7897 = ORIENTED_EDGE('',*,*,#7898,.T.);
#7898 = EDGE_CURVE('',#7891,#7851,#7899,.T.);
#7899 = LINE('',#7900,#7901);
#7900 = CARTESIAN_POINT('',(1.016,1.27,2.54));
#7901 = VECTOR('',#7902,1.);
#7902 = DIRECTION('',(-1.,0.,0.));
#7903 = ORIENTED_EDGE('',*,*,#7848,.F.);
#7904 = ORIENTED_EDGE('',*,*,#7905,.F.);
#7905 = EDGE_CURVE('',#7889,#7849,#7906,.T.);
#7906 = LINE('',#7907,#7908);
#7907 = CARTESIAN_POINT('',(1.016,1.27,0.));
#7908 = VECTOR('',#7909,1.);
#7909 = DIRECTION('',(-1.,0.,0.));
#7910 = PLANE('',#7911);
#7911 = AXIS2_PLACEMENT_3D('',#7912,#7913,#7914);
#7912 = CARTESIAN_POINT('',(1.016,1.27,0.));
#7913 = DIRECTION('',(0.,-1.,0.));
#7914 = DIRECTION('',(-1.,0.,0.));
#7915 = ADVANCED_FACE('',(#7916),#7941,.F.);
#7916 = FACE_BOUND('',#7917,.F.);
#7917 = EDGE_LOOP('',(#7918,#7919,#7927,#7935));
#7918 = ORIENTED_EDGE('',*,*,#7866,.T.);
#7919 = ORIENTED_EDGE('',*,*,#7920,.T.);
#7920 = EDGE_CURVE('',#7859,#7921,#7923,.T.);
#7921 = VERTEX_POINT('',#7922);
#7922 = CARTESIAN_POINT('',(-1.27,-1.016,2.54));
#7923 = LINE('',#7924,#7925);
#7924 = CARTESIAN_POINT('',(-1.27,1.016,2.54));
#7925 = VECTOR('',#7926,1.);
#7926 = DIRECTION('',(0.,-1.,0.));
#7927 = ORIENTED_EDGE('',*,*,#7928,.F.);
#7928 = EDGE_CURVE('',#7929,#7921,#7931,.T.);
#7929 = VERTEX_POINT('',#7930);
#7930 = CARTESIAN_POINT('',(-1.27,-1.016,0.));
#7931 = LINE('',#7932,#7933);
#7932 = CARTESIAN_POINT('',(-1.27,-1.016,0.));
#7933 = VECTOR('',#7934,1.);
#7934 = DIRECTION('',(0.,0.,1.));
#7935 = ORIENTED_EDGE('',*,*,#7936,.F.);
#7936 = EDGE_CURVE('',#7867,#7929,#7937,.T.);
#7937 = LINE('',#7938,#7939);
#7938 = CARTESIAN_POINT('',(-1.27,1.016,0.));
#7939 = VECTOR('',#7940,1.);
#7940 = DIRECTION('',(0.,-1.,0.));
#7941 = PLANE('',#7942);
#7942 = AXIS2_PLACEMENT_3D('',#7943,#7944,#7945);
#7943 = CARTESIAN_POINT('',(-1.27,1.016,0.));
#7944 = DIRECTION('',(1.,0.,0.));
#7945 = DIRECTION('',(0.,-1.,0.));
#7946 = ADVANCED_FACE('',(#7947,#8086,#8120,#8154),#8188,.F.);
#7947 = FACE_BOUND('',#7948,.F.);
#7948 = EDGE_LOOP('',(#7949,#7950,#7951,#7959,#7967,#7975,#7983,#7991,
    #7999,#8007,#8015,#8023,#8031,#8039,#8047,#8055,#8063,#8071,#8079,
    #8085));
#7949 = ORIENTED_EDGE('',*,*,#7874,.T.);
#7950 = ORIENTED_EDGE('',*,*,#7936,.T.);
#7951 = ORIENTED_EDGE('',*,*,#7952,.T.);
#7952 = EDGE_CURVE('',#7929,#7953,#7955,.T.);
#7953 = VERTEX_POINT('',#7954);
#7954 = CARTESIAN_POINT('',(-1.016,-1.27,0.));
#7955 = LINE('',#7956,#7957);
#7956 = CARTESIAN_POINT('',(-1.27,-1.016,0.));
#7957 = VECTOR('',#7958,1.);
#7958 = DIRECTION('',(0.707106781187,-0.707106781187,0.));
#7959 = ORIENTED_EDGE('',*,*,#7960,.T.);
#7960 = EDGE_CURVE('',#7953,#7961,#7963,.T.);
#7961 = VERTEX_POINT('',#7962);
#7962 = CARTESIAN_POINT('',(-1.27,-1.524,0.));
#7963 = LINE('',#7964,#7965);
#7964 = CARTESIAN_POINT('',(-1.016,-1.27,0.));
#7965 = VECTOR('',#7966,1.);
#7966 = DIRECTION('',(-0.707106781187,-0.707106781187,0.));
#7967 = ORIENTED_EDGE('',*,*,#7968,.T.);
#7968 = EDGE_CURVE('',#7961,#7969,#7971,.T.);
#7969 = VERTEX_POINT('',#7970);
#7970 = CARTESIAN_POINT('',(-1.27,-3.556,0.));
#7971 = LINE('',#7972,#7973);
#7972 = CARTESIAN_POINT('',(-1.27,-1.524,0.));
#7973 = VECTOR('',#7974,1.);
#7974 = DIRECTION('',(0.,-1.,0.));
#7975 = ORIENTED_EDGE('',*,*,#7976,.T.);
#7976 = EDGE_CURVE('',#7969,#7977,#7979,.T.);
#7977 = VERTEX_POINT('',#7978);
#7978 = CARTESIAN_POINT('',(-1.016,-3.81,0.));
#7979 = LINE('',#7980,#7981);
#7980 = CARTESIAN_POINT('',(-1.27,-3.556,0.));
#7981 = VECTOR('',#7982,1.);
#7982 = DIRECTION('',(0.707106781187,-0.707106781187,0.));
#7983 = ORIENTED_EDGE('',*,*,#7984,.T.);
#7984 = EDGE_CURVE('',#7977,#7985,#7987,.T.);
#7985 = VERTEX_POINT('',#7986);
#7986 = CARTESIAN_POINT('',(-1.27,-4.064,0.));
#7987 = LINE('',#7988,#7989);
#7988 = CARTESIAN_POINT('',(-1.016,-3.81,0.));
#7989 = VECTOR('',#7990,1.);
#7990 = DIRECTION('',(-0.707106781187,-0.707106781187,0.));
#7991 = ORIENTED_EDGE('',*,*,#7992,.T.);
#7992 = EDGE_CURVE('',#7985,#7993,#7995,.T.);
#7993 = VERTEX_POINT('',#7994);
#7994 = CARTESIAN_POINT('',(-1.27,-6.096,0.));
#7995 = LINE('',#7996,#7997);
#7996 = CARTESIAN_POINT('',(-1.27,-4.064,0.));
#7997 = VECTOR('',#7998,1.);
#7998 = DIRECTION('',(0.,-1.,0.));
#7999 = ORIENTED_EDGE('',*,*,#8000,.T.);
#8000 = EDGE_CURVE('',#7993,#8001,#8003,.T.);
#8001 = VERTEX_POINT('',#8002);
#8002 = CARTESIAN_POINT('',(-1.016,-6.35,0.));
#8003 = LINE('',#8004,#8005);
#8004 = CARTESIAN_POINT('',(-1.27,-6.096,0.));
#8005 = VECTOR('',#8006,1.);
#8006 = DIRECTION('',(0.707106781187,-0.707106781187,0.));
#8007 = ORIENTED_EDGE('',*,*,#8008,.T.);
#8008 = EDGE_CURVE('',#8001,#8009,#8011,.T.);
#8009 = VERTEX_POINT('',#8010);
#8010 = CARTESIAN_POINT('',(1.016,-6.35,0.));
#8011 = LINE('',#8012,#8013);
#8012 = CARTESIAN_POINT('',(-1.016,-6.35,0.));
#8013 = VECTOR('',#8014,1.);
#8014 = DIRECTION('',(1.,0.,0.));
#8015 = ORIENTED_EDGE('',*,*,#8016,.T.);
#8016 = EDGE_CURVE('',#8009,#8017,#8019,.T.);
#8017 = VERTEX_POINT('',#8018);
#8018 = CARTESIAN_POINT('',(1.27,-6.096,0.));
#8019 = LINE('',#8020,#8021);
#8020 = CARTESIAN_POINT('',(1.016,-6.35,0.));
#8021 = VECTOR('',#8022,1.);
#8022 = DIRECTION('',(0.707106781187,0.707106781187,0.));
#8023 = ORIENTED_EDGE('',*,*,#8024,.T.);
#8024 = EDGE_CURVE('',#8017,#8025,#8027,.T.);
#8025 = VERTEX_POINT('',#8026);
#8026 = CARTESIAN_POINT('',(1.27,-4.064,0.));
#8027 = LINE('',#8028,#8029);
#8028 = CARTESIAN_POINT('',(1.27,-6.096,0.));
#8029 = VECTOR('',#8030,1.);
#8030 = DIRECTION('',(0.,1.,0.));
#8031 = ORIENTED_EDGE('',*,*,#8032,.T.);
#8032 = EDGE_CURVE('',#8025,#8033,#8035,.T.);
#8033 = VERTEX_POINT('',#8034);
#8034 = CARTESIAN_POINT('',(1.016,-3.81,0.));
#8035 = LINE('',#8036,#8037);
#8036 = CARTESIAN_POINT('',(1.27,-4.064,0.));
#8037 = VECTOR('',#8038,1.);
#8038 = DIRECTION('',(-0.707106781187,0.707106781187,0.));
#8039 = ORIENTED_EDGE('',*,*,#8040,.T.);
#8040 = EDGE_CURVE('',#8033,#8041,#8043,.T.);
#8041 = VERTEX_POINT('',#8042);
#8042 = CARTESIAN_POINT('',(1.27,-3.556,0.));
#8043 = LINE('',#8044,#8045);
#8044 = CARTESIAN_POINT('',(1.016,-3.81,0.));
#8045 = VECTOR('',#8046,1.);
#8046 = DIRECTION('',(0.707106781187,0.707106781187,0.));
#8047 = ORIENTED_EDGE('',*,*,#8048,.T.);
#8048 = EDGE_CURVE('',#8041,#8049,#8051,.T.);
#8049 = VERTEX_POINT('',#8050);
#8050 = CARTESIAN_POINT('',(1.27,-1.524,0.));
#8051 = LINE('',#8052,#8053);
#8052 = CARTESIAN_POINT('',(1.27,-3.556,0.));
#8053 = VECTOR('',#8054,1.);
#8054 = DIRECTION('',(0.,1.,0.));
#8055 = ORIENTED_EDGE('',*,*,#8056,.T.);
#8056 = EDGE_CURVE('',#8049,#8057,#8059,.T.);
#8057 = VERTEX_POINT('',#8058);
#8058 = CARTESIAN_POINT('',(1.016,-1.27,0.));
#8059 = LINE('',#8060,#8061);
#8060 = CARTESIAN_POINT('',(1.27,-1.524,0.));
#8061 = VECTOR('',#8062,1.);
#8062 = DIRECTION('',(-0.707106781187,0.707106781187,0.));
#8063 = ORIENTED_EDGE('',*,*,#8064,.T.);
#8064 = EDGE_CURVE('',#8057,#8065,#8067,.T.);
#8065 = VERTEX_POINT('',#8066);
#8066 = CARTESIAN_POINT('',(1.27,-1.016,0.));
#8067 = LINE('',#8068,#8069);
#8068 = CARTESIAN_POINT('',(1.016,-1.27,0.));
#8069 = VECTOR('',#8070,1.);
#8070 = DIRECTION('',(0.707106781187,0.707106781187,0.));
#8071 = ORIENTED_EDGE('',*,*,#8072,.T.);
#8072 = EDGE_CURVE('',#8065,#8073,#8075,.T.);
#8073 = VERTEX_POINT('',#8074);
#8074 = CARTESIAN_POINT('',(1.27,1.016,0.));
#8075 = LINE('',#8076,#8077);
#8076 = CARTESIAN_POINT('',(1.27,-1.016,0.));
#8077 = VECTOR('',#8078,1.);
#8078 = DIRECTION('',(0.,1.,0.));
#8079 = ORIENTED_EDGE('',*,*,#8080,.T.);
#8080 = EDGE_CURVE('',#8073,#7889,#8081,.T.);
#8081 = LINE('',#8082,#8083);
#8082 = CARTESIAN_POINT('',(1.27,1.016,0.));
#8083 = VECTOR('',#8084,1.);
#8084 = DIRECTION('',(-0.707106781187,0.707106781187,0.));
#8085 = ORIENTED_EDGE('',*,*,#7905,.T.);
#8086 = FACE_BOUND('',#8087,.F.);
#8087 = EDGE_LOOP('',(#8088,#8098,#8106,#8114));
#8088 = ORIENTED_EDGE('',*,*,#8089,.F.);
#8089 = EDGE_CURVE('',#8090,#8092,#8094,.T.);
#8090 = VERTEX_POINT('',#8091);
#8091 = CARTESIAN_POINT('',(0.32,-0.32,0.));
#8092 = VERTEX_POINT('',#8093);
#8093 = CARTESIAN_POINT('',(0.32,0.32,0.));
#8094 = LINE('',#8095,#8096);
#8095 = CARTESIAN_POINT('',(0.32,-1.43,0.));
#8096 = VECTOR('',#8097,1.);
#8097 = DIRECTION('',(0.,1.,0.));
#8098 = ORIENTED_EDGE('',*,*,#8099,.T.);
#8099 = EDGE_CURVE('',#8090,#8100,#8102,.T.);
#8100 = VERTEX_POINT('',#8101);
#8101 = CARTESIAN_POINT('',(-0.32,-0.32,0.));
#8102 = LINE('',#8103,#8104);
#8103 = CARTESIAN_POINT('',(-0.16,-0.32,0.));
#8104 = VECTOR('',#8105,1.);
#8105 = DIRECTION('',(-1.,0.,0.));
#8106 = ORIENTED_EDGE('',*,*,#8107,.T.);
#8107 = EDGE_CURVE('',#8100,#8108,#8110,.T.);
#8108 = VERTEX_POINT('',#8109);
#8109 = CARTESIAN_POINT('',(-0.32,0.32,0.));
#8110 = LINE('',#8111,#8112);
#8111 = CARTESIAN_POINT('',(-0.32,-1.43,0.));
#8112 = VECTOR('',#8113,1.);
#8113 = DIRECTION('',(0.,1.,0.));
#8114 = ORIENTED_EDGE('',*,*,#8115,.F.);
#8115 = EDGE_CURVE('',#8092,#8108,#8116,.T.);
#8116 = LINE('',#8117,#8118);
#8117 = CARTESIAN_POINT('',(-0.16,0.32,0.));
#8118 = VECTOR('',#8119,1.);
#8119 = DIRECTION('',(-1.,0.,0.));
#8120 = FACE_BOUND('',#8121,.F.);
#8121 = EDGE_LOOP('',(#8122,#8132,#8140,#8148));
#8122 = ORIENTED_EDGE('',*,*,#8123,.T.);
#8123 = EDGE_CURVE('',#8124,#8126,#8128,.T.);
#8124 = VERTEX_POINT('',#8125);
#8125 = CARTESIAN_POINT('',(0.32,-2.86,0.));
#8126 = VERTEX_POINT('',#8127);
#8127 = CARTESIAN_POINT('',(-0.32,-2.86,0.));
#8128 = LINE('',#8129,#8130);
#8129 = CARTESIAN_POINT('',(-0.16,-2.86,0.));
#8130 = VECTOR('',#8131,1.);
#8131 = DIRECTION('',(-1.,0.,0.));
#8132 = ORIENTED_EDGE('',*,*,#8133,.T.);
#8133 = EDGE_CURVE('',#8126,#8134,#8136,.T.);
#8134 = VERTEX_POINT('',#8135);
#8135 = CARTESIAN_POINT('',(-0.32,-2.22,0.));
#8136 = LINE('',#8137,#8138);
#8137 = CARTESIAN_POINT('',(-0.32,-2.7,0.));
#8138 = VECTOR('',#8139,1.);
#8139 = DIRECTION('',(0.,1.,0.));
#8140 = ORIENTED_EDGE('',*,*,#8141,.F.);
#8141 = EDGE_CURVE('',#8142,#8134,#8144,.T.);
#8142 = VERTEX_POINT('',#8143);
#8143 = CARTESIAN_POINT('',(0.32,-2.22,0.));
#8144 = LINE('',#8145,#8146);
#8145 = CARTESIAN_POINT('',(-0.16,-2.22,0.));
#8146 = VECTOR('',#8147,1.);
#8147 = DIRECTION('',(-1.,0.,0.));
#8148 = ORIENTED_EDGE('',*,*,#8149,.F.);
#8149 = EDGE_CURVE('',#8124,#8142,#8150,.T.);
#8150 = LINE('',#8151,#8152);
#8151 = CARTESIAN_POINT('',(0.32,-2.7,0.));
#8152 = VECTOR('',#8153,1.);
#8153 = DIRECTION('',(0.,1.,0.));
#8154 = FACE_BOUND('',#8155,.F.);
#8155 = EDGE_LOOP('',(#8156,#8166,#8174,#8182));
#8156 = ORIENTED_EDGE('',*,*,#8157,.F.);
#8157 = EDGE_CURVE('',#8158,#8160,#8162,.T.);
#8158 = VERTEX_POINT('',#8159);
#8159 = CARTESIAN_POINT('',(0.32,-4.76,0.));
#8160 = VERTEX_POINT('',#8161);
#8161 = CARTESIAN_POINT('',(-0.32,-4.76,0.));
#8162 = LINE('',#8163,#8164);
#8163 = CARTESIAN_POINT('',(-0.16,-4.76,0.));
#8164 = VECTOR('',#8165,1.);
#8165 = DIRECTION('',(-1.,0.,0.));
#8166 = ORIENTED_EDGE('',*,*,#8167,.F.);
#8167 = EDGE_CURVE('',#8168,#8158,#8170,.T.);
#8168 = VERTEX_POINT('',#8169);
#8169 = CARTESIAN_POINT('',(0.32,-5.4,0.));
#8170 = LINE('',#8171,#8172);
#8171 = CARTESIAN_POINT('',(0.32,-3.97,0.));
#8172 = VECTOR('',#8173,1.);
#8173 = DIRECTION('',(0.,1.,0.));
#8174 = ORIENTED_EDGE('',*,*,#8175,.T.);
#8175 = EDGE_CURVE('',#8168,#8176,#8178,.T.);
#8176 = VERTEX_POINT('',#8177);
#8177 = CARTESIAN_POINT('',(-0.32,-5.4,0.));
#8178 = LINE('',#8179,#8180);
#8179 = CARTESIAN_POINT('',(-0.16,-5.4,0.));
#8180 = VECTOR('',#8181,1.);
#8181 = DIRECTION('',(-1.,0.,0.));
#8182 = ORIENTED_EDGE('',*,*,#8183,.T.);
#8183 = EDGE_CURVE('',#8176,#8160,#8184,.T.);
#8184 = LINE('',#8185,#8186);
#8185 = CARTESIAN_POINT('',(-0.32,-3.97,0.));
#8186 = VECTOR('',#8187,1.);
#8187 = DIRECTION('',(0.,1.,0.));
#8188 = PLANE('',#8189);
#8189 = AXIS2_PLACEMENT_3D('',#8190,#8191,#8192);
#8190 = CARTESIAN_POINT('',(5.398204781459E-17,-2.54,0.));
#8191 = DIRECTION('',(0.,0.,1.));
#8192 = DIRECTION('',(1.,0.,-0.));
#8193 = ADVANCED_FACE('',(#8194,#8333,#8367,#8401),#8435,.T.);
#8194 = FACE_BOUND('',#8195,.T.);
#8195 = EDGE_LOOP('',(#8196,#8197,#8198,#8206,#8214,#8222,#8230,#8238,
    #8246,#8254,#8262,#8270,#8278,#8286,#8294,#8302,#8310,#8318,#8326,
    #8332));
#8196 = ORIENTED_EDGE('',*,*,#7858,.T.);
#8197 = ORIENTED_EDGE('',*,*,#7920,.T.);
#8198 = ORIENTED_EDGE('',*,*,#8199,.T.);
#8199 = EDGE_CURVE('',#7921,#8200,#8202,.T.);
#8200 = VERTEX_POINT('',#8201);
#8201 = CARTESIAN_POINT('',(-1.016,-1.27,2.54));
#8202 = LINE('',#8203,#8204);
#8203 = CARTESIAN_POINT('',(-1.27,-1.016,2.54));
#8204 = VECTOR('',#8205,1.);
#8205 = DIRECTION('',(0.707106781187,-0.707106781187,0.));
#8206 = ORIENTED_EDGE('',*,*,#8207,.T.);
#8207 = EDGE_CURVE('',#8200,#8208,#8210,.T.);
#8208 = VERTEX_POINT('',#8209);
#8209 = CARTESIAN_POINT('',(-1.27,-1.524,2.54));
#8210 = LINE('',#8211,#8212);
#8211 = CARTESIAN_POINT('',(-1.016,-1.27,2.54));
#8212 = VECTOR('',#8213,1.);
#8213 = DIRECTION('',(-0.707106781187,-0.707106781187,0.));
#8214 = ORIENTED_EDGE('',*,*,#8215,.T.);
#8215 = EDGE_CURVE('',#8208,#8216,#8218,.T.);
#8216 = VERTEX_POINT('',#8217);
#8217 = CARTESIAN_POINT('',(-1.27,-3.556,2.54));
#8218 = LINE('',#8219,#8220);
#8219 = CARTESIAN_POINT('',(-1.27,-1.524,2.54));
#8220 = VECTOR('',#8221,1.);
#8221 = DIRECTION('',(0.,-1.,0.));
#8222 = ORIENTED_EDGE('',*,*,#8223,.T.);
#8223 = EDGE_CURVE('',#8216,#8224,#8226,.T.);
#8224 = VERTEX_POINT('',#8225);
#8225 = CARTESIAN_POINT('',(-1.016,-3.81,2.54));
#8226 = LINE('',#8227,#8228);
#8227 = CARTESIAN_POINT('',(-1.27,-3.556,2.54));
#8228 = VECTOR('',#8229,1.);
#8229 = DIRECTION('',(0.707106781187,-0.707106781187,0.));
#8230 = ORIENTED_EDGE('',*,*,#8231,.T.);
#8231 = EDGE_CURVE('',#8224,#8232,#8234,.T.);
#8232 = VERTEX_POINT('',#8233);
#8233 = CARTESIAN_POINT('',(-1.27,-4.064,2.54));
#8234 = LINE('',#8235,#8236);
#8235 = CARTESIAN_POINT('',(-1.016,-3.81,2.54));
#8236 = VECTOR('',#8237,1.);
#8237 = DIRECTION('',(-0.707106781187,-0.707106781187,0.));
#8238 = ORIENTED_EDGE('',*,*,#8239,.T.);
#8239 = EDGE_CURVE('',#8232,#8240,#8242,.T.);
#8240 = VERTEX_POINT('',#8241);
#8241 = CARTESIAN_POINT('',(-1.27,-6.096,2.54));
#8242 = LINE('',#8243,#8244);
#8243 = CARTESIAN_POINT('',(-1.27,-4.064,2.54));
#8244 = VECTOR('',#8245,1.);
#8245 = DIRECTION('',(0.,-1.,0.));
#8246 = ORIENTED_EDGE('',*,*,#8247,.T.);
#8247 = EDGE_CURVE('',#8240,#8248,#8250,.T.);
#8248 = VERTEX_POINT('',#8249);
#8249 = CARTESIAN_POINT('',(-1.016,-6.35,2.54));
#8250 = LINE('',#8251,#8252);
#8251 = CARTESIAN_POINT('',(-1.27,-6.096,2.54));
#8252 = VECTOR('',#8253,1.);
#8253 = DIRECTION('',(0.707106781187,-0.707106781187,0.));
#8254 = ORIENTED_EDGE('',*,*,#8255,.T.);
#8255 = EDGE_CURVE('',#8248,#8256,#8258,.T.);
#8256 = VERTEX_POINT('',#8257);
#8257 = CARTESIAN_POINT('',(1.016,-6.35,2.54));
#8258 = LINE('',#8259,#8260);
#8259 = CARTESIAN_POINT('',(-1.016,-6.35,2.54));
#8260 = VECTOR('',#8261,1.);
#8261 = DIRECTION('',(1.,0.,0.));
#8262 = ORIENTED_EDGE('',*,*,#8263,.T.);
#8263 = EDGE_CURVE('',#8256,#8264,#8266,.T.);
#8264 = VERTEX_POINT('',#8265);
#8265 = CARTESIAN_POINT('',(1.27,-6.096,2.54));
#8266 = LINE('',#8267,#8268);
#8267 = CARTESIAN_POINT('',(1.016,-6.35,2.54));
#8268 = VECTOR('',#8269,1.);
#8269 = DIRECTION('',(0.707106781187,0.707106781187,0.));
#8270 = ORIENTED_EDGE('',*,*,#8271,.T.);
#8271 = EDGE_CURVE('',#8264,#8272,#8274,.T.);
#8272 = VERTEX_POINT('',#8273);
#8273 = CARTESIAN_POINT('',(1.27,-4.064,2.54));
#8274 = LINE('',#8275,#8276);
#8275 = CARTESIAN_POINT('',(1.27,-6.096,2.54));
#8276 = VECTOR('',#8277,1.);
#8277 = DIRECTION('',(0.,1.,0.));
#8278 = ORIENTED_EDGE('',*,*,#8279,.T.);
#8279 = EDGE_CURVE('',#8272,#8280,#8282,.T.);
#8280 = VERTEX_POINT('',#8281);
#8281 = CARTESIAN_POINT('',(1.016,-3.81,2.54));
#8282 = LINE('',#8283,#8284);
#8283 = CARTESIAN_POINT('',(1.27,-4.064,2.54));
#8284 = VECTOR('',#8285,1.);
#8285 = DIRECTION('',(-0.707106781187,0.707106781187,0.));
#8286 = ORIENTED_EDGE('',*,*,#8287,.T.);
#8287 = EDGE_CURVE('',#8280,#8288,#8290,.T.);
#8288 = VERTEX_POINT('',#8289);
#8289 = CARTESIAN_POINT('',(1.27,-3.556,2.54));
#8290 = LINE('',#8291,#8292);
#8291 = CARTESIAN_POINT('',(1.016,-3.81,2.54));
#8292 = VECTOR('',#8293,1.);
#8293 = DIRECTION('',(0.707106781187,0.707106781187,0.));
#8294 = ORIENTED_EDGE('',*,*,#8295,.T.);
#8295 = EDGE_CURVE('',#8288,#8296,#8298,.T.);
#8296 = VERTEX_POINT('',#8297);
#8297 = CARTESIAN_POINT('',(1.27,-1.524,2.54));
#8298 = LINE('',#8299,#8300);
#8299 = CARTESIAN_POINT('',(1.27,-3.556,2.54));
#8300 = VECTOR('',#8301,1.);
#8301 = DIRECTION('',(0.,1.,0.));
#8302 = ORIENTED_EDGE('',*,*,#8303,.T.);
#8303 = EDGE_CURVE('',#8296,#8304,#8306,.T.);
#8304 = VERTEX_POINT('',#8305);
#8305 = CARTESIAN_POINT('',(1.016,-1.27,2.54));
#8306 = LINE('',#8307,#8308);
#8307 = CARTESIAN_POINT('',(1.27,-1.524,2.54));
#8308 = VECTOR('',#8309,1.);
#8309 = DIRECTION('',(-0.707106781187,0.707106781187,0.));
#8310 = ORIENTED_EDGE('',*,*,#8311,.T.);
#8311 = EDGE_CURVE('',#8304,#8312,#8314,.T.);
#8312 = VERTEX_POINT('',#8313);
#8313 = CARTESIAN_POINT('',(1.27,-1.016,2.54));
#8314 = LINE('',#8315,#8316);
#8315 = CARTESIAN_POINT('',(1.016,-1.27,2.54));
#8316 = VECTOR('',#8317,1.);
#8317 = DIRECTION('',(0.707106781187,0.707106781187,0.));
#8318 = ORIENTED_EDGE('',*,*,#8319,.T.);
#8319 = EDGE_CURVE('',#8312,#8320,#8322,.T.);
#8320 = VERTEX_POINT('',#8321);
#8321 = CARTESIAN_POINT('',(1.27,1.016,2.54));
#8322 = LINE('',#8323,#8324);
#8323 = CARTESIAN_POINT('',(1.27,-1.016,2.54));
#8324 = VECTOR('',#8325,1.);
#8325 = DIRECTION('',(0.,1.,0.));
#8326 = ORIENTED_EDGE('',*,*,#8327,.T.);
#8327 = EDGE_CURVE('',#8320,#7891,#8328,.T.);
#8328 = LINE('',#8329,#8330);
#8329 = CARTESIAN_POINT('',(1.27,1.016,2.54));
#8330 = VECTOR('',#8331,1.);
#8331 = DIRECTION('',(-0.707106781187,0.707106781187,0.));
#8332 = ORIENTED_EDGE('',*,*,#7898,.T.);
#8333 = FACE_BOUND('',#8334,.T.);
#8334 = EDGE_LOOP('',(#8335,#8345,#8353,#8361));
#8335 = ORIENTED_EDGE('',*,*,#8336,.F.);
#8336 = EDGE_CURVE('',#8337,#8339,#8341,.T.);
#8337 = VERTEX_POINT('',#8338);
#8338 = CARTESIAN_POINT('',(0.32,-0.32,2.54));
#8339 = VERTEX_POINT('',#8340);
#8340 = CARTESIAN_POINT('',(0.32,0.32,2.54));
#8341 = LINE('',#8342,#8343);
#8342 = CARTESIAN_POINT('',(0.32,-1.43,2.54));
#8343 = VECTOR('',#8344,1.);
#8344 = DIRECTION('',(0.,1.,0.));
#8345 = ORIENTED_EDGE('',*,*,#8346,.T.);
#8346 = EDGE_CURVE('',#8337,#8347,#8349,.T.);
#8347 = VERTEX_POINT('',#8348);
#8348 = CARTESIAN_POINT('',(-0.32,-0.32,2.54));
#8349 = LINE('',#8350,#8351);
#8350 = CARTESIAN_POINT('',(-0.16,-0.32,2.54));
#8351 = VECTOR('',#8352,1.);
#8352 = DIRECTION('',(-1.,0.,0.));
#8353 = ORIENTED_EDGE('',*,*,#8354,.T.);
#8354 = EDGE_CURVE('',#8347,#8355,#8357,.T.);
#8355 = VERTEX_POINT('',#8356);
#8356 = CARTESIAN_POINT('',(-0.32,0.32,2.54));
#8357 = LINE('',#8358,#8359);
#8358 = CARTESIAN_POINT('',(-0.32,-1.43,2.54));
#8359 = VECTOR('',#8360,1.);
#8360 = DIRECTION('',(0.,1.,0.));
#8361 = ORIENTED_EDGE('',*,*,#8362,.F.);
#8362 = EDGE_CURVE('',#8339,#8355,#8363,.T.);
#8363 = LINE('',#8364,#8365);
#8364 = CARTESIAN_POINT('',(-0.16,0.32,2.54));
#8365 = VECTOR('',#8366,1.);
#8366 = DIRECTION('',(-1.,0.,0.));
#8367 = FACE_BOUND('',#8368,.T.);
#8368 = EDGE_LOOP('',(#8369,#8379,#8387,#8395));
#8369 = ORIENTED_EDGE('',*,*,#8370,.T.);
#8370 = EDGE_CURVE('',#8371,#8373,#8375,.T.);
#8371 = VERTEX_POINT('',#8372);
#8372 = CARTESIAN_POINT('',(0.32,-2.86,2.54));
#8373 = VERTEX_POINT('',#8374);
#8374 = CARTESIAN_POINT('',(-0.32,-2.86,2.54));
#8375 = LINE('',#8376,#8377);
#8376 = CARTESIAN_POINT('',(-0.16,-2.86,2.54));
#8377 = VECTOR('',#8378,1.);
#8378 = DIRECTION('',(-1.,0.,0.));
#8379 = ORIENTED_EDGE('',*,*,#8380,.T.);
#8380 = EDGE_CURVE('',#8373,#8381,#8383,.T.);
#8381 = VERTEX_POINT('',#8382);
#8382 = CARTESIAN_POINT('',(-0.32,-2.22,2.54));
#8383 = LINE('',#8384,#8385);
#8384 = CARTESIAN_POINT('',(-0.32,-2.7,2.54));
#8385 = VECTOR('',#8386,1.);
#8386 = DIRECTION('',(0.,1.,0.));
#8387 = ORIENTED_EDGE('',*,*,#8388,.F.);
#8388 = EDGE_CURVE('',#8389,#8381,#8391,.T.);
#8389 = VERTEX_POINT('',#8390);
#8390 = CARTESIAN_POINT('',(0.32,-2.22,2.54));
#8391 = LINE('',#8392,#8393);
#8392 = CARTESIAN_POINT('',(-0.16,-2.22,2.54));
#8393 = VECTOR('',#8394,1.);
#8394 = DIRECTION('',(-1.,0.,0.));
#8395 = ORIENTED_EDGE('',*,*,#8396,.F.);
#8396 = EDGE_CURVE('',#8371,#8389,#8397,.T.);
#8397 = LINE('',#8398,#8399);
#8398 = CARTESIAN_POINT('',(0.32,-2.7,2.54));
#8399 = VECTOR('',#8400,1.);
#8400 = DIRECTION('',(0.,1.,0.));
#8401 = FACE_BOUND('',#8402,.T.);
#8402 = EDGE_LOOP('',(#8403,#8413,#8421,#8429));
#8403 = ORIENTED_EDGE('',*,*,#8404,.F.);
#8404 = EDGE_CURVE('',#8405,#8407,#8409,.T.);
#8405 = VERTEX_POINT('',#8406);
#8406 = CARTESIAN_POINT('',(0.32,-4.76,2.54));
#8407 = VERTEX_POINT('',#8408);
#8408 = CARTESIAN_POINT('',(-0.32,-4.76,2.54));
#8409 = LINE('',#8410,#8411);
#8410 = CARTESIAN_POINT('',(-0.16,-4.76,2.54));
#8411 = VECTOR('',#8412,1.);
#8412 = DIRECTION('',(-1.,0.,0.));
#8413 = ORIENTED_EDGE('',*,*,#8414,.F.);
#8414 = EDGE_CURVE('',#8415,#8405,#8417,.T.);
#8415 = VERTEX_POINT('',#8416);
#8416 = CARTESIAN_POINT('',(0.32,-5.4,2.54));
#8417 = LINE('',#8418,#8419);
#8418 = CARTESIAN_POINT('',(0.32,-3.97,2.54));
#8419 = VECTOR('',#8420,1.);
#8420 = DIRECTION('',(0.,1.,0.));
#8421 = ORIENTED_EDGE('',*,*,#8422,.T.);
#8422 = EDGE_CURVE('',#8415,#8423,#8425,.T.);
#8423 = VERTEX_POINT('',#8424);
#8424 = CARTESIAN_POINT('',(-0.32,-5.4,2.54));
#8425 = LINE('',#8426,#8427);
#8426 = CARTESIAN_POINT('',(-0.16,-5.4,2.54));
#8427 = VECTOR('',#8428,1.);
#8428 = DIRECTION('',(-1.,0.,0.));
#8429 = ORIENTED_EDGE('',*,*,#8430,.T.);
#8430 = EDGE_CURVE('',#8423,#8407,#8431,.T.);
#8431 = LINE('',#8432,#8433);
#8432 = CARTESIAN_POINT('',(-0.32,-3.97,2.54));
#8433 = VECTOR('',#8434,1.);
#8434 = DIRECTION('',(0.,1.,0.));
#8435 = PLANE('',#8436);
#8436 = AXIS2_PLACEMENT_3D('',#8437,#8438,#8439);
#8437 = CARTESIAN_POINT('',(5.398204781459E-17,-2.54,2.54));
#8438 = DIRECTION('',(0.,0.,1.));
#8439 = DIRECTION('',(1.,0.,-0.));
#8440 = ADVANCED_FACE('',(#8441),#8452,.F.);
#8441 = FACE_BOUND('',#8442,.F.);
#8442 = EDGE_LOOP('',(#8443,#8449,#8450,#8451));
#8443 = ORIENTED_EDGE('',*,*,#8444,.T.);
#8444 = EDGE_CURVE('',#8073,#8320,#8445,.T.);
#8445 = LINE('',#8446,#8447);
#8446 = CARTESIAN_POINT('',(1.27,1.016,0.));
#8447 = VECTOR('',#8448,1.);
#8448 = DIRECTION('',(0.,0.,1.));
#8449 = ORIENTED_EDGE('',*,*,#8327,.T.);
#8450 = ORIENTED_EDGE('',*,*,#7888,.F.);
#8451 = ORIENTED_EDGE('',*,*,#8080,.F.);
#8452 = PLANE('',#8453);
#8453 = AXIS2_PLACEMENT_3D('',#8454,#8455,#8456);
#8454 = CARTESIAN_POINT('',(1.27,1.016,0.));
#8455 = DIRECTION('',(-0.707106781187,-0.707106781187,0.));
#8456 = DIRECTION('',(-0.707106781187,0.707106781187,0.));
#8457 = ADVANCED_FACE('',(#8458),#8469,.F.);
#8458 = FACE_BOUND('',#8459,.F.);
#8459 = EDGE_LOOP('',(#8460,#8461,#8462,#8468));
#8460 = ORIENTED_EDGE('',*,*,#7928,.T.);
#8461 = ORIENTED_EDGE('',*,*,#8199,.T.);
#8462 = ORIENTED_EDGE('',*,*,#8463,.F.);
#8463 = EDGE_CURVE('',#7953,#8200,#8464,.T.);
#8464 = LINE('',#8465,#8466);
#8465 = CARTESIAN_POINT('',(-1.016,-1.27,0.));
#8466 = VECTOR('',#8467,1.);
#8467 = DIRECTION('',(0.,0.,1.));
#8468 = ORIENTED_EDGE('',*,*,#7952,.F.);
#8469 = PLANE('',#8470);
#8470 = AXIS2_PLACEMENT_3D('',#8471,#8472,#8473);
#8471 = CARTESIAN_POINT('',(-1.27,-1.016,0.));
#8472 = DIRECTION('',(0.707106781187,0.707106781187,0.));
#8473 = DIRECTION('',(0.707106781187,-0.707106781187,0.));
#8474 = ADVANCED_FACE('',(#8475),#8486,.F.);
#8475 = FACE_BOUND('',#8476,.F.);
#8476 = EDGE_LOOP('',(#8477,#8483,#8484,#8485));
#8477 = ORIENTED_EDGE('',*,*,#8478,.T.);
#8478 = EDGE_CURVE('',#8065,#8312,#8479,.T.);
#8479 = LINE('',#8480,#8481);
#8480 = CARTESIAN_POINT('',(1.27,-1.016,0.));
#8481 = VECTOR('',#8482,1.);
#8482 = DIRECTION('',(0.,0.,1.));
#8483 = ORIENTED_EDGE('',*,*,#8319,.T.);
#8484 = ORIENTED_EDGE('',*,*,#8444,.F.);
#8485 = ORIENTED_EDGE('',*,*,#8072,.F.);
#8486 = PLANE('',#8487);
#8487 = AXIS2_PLACEMENT_3D('',#8488,#8489,#8490);
#8488 = CARTESIAN_POINT('',(1.27,-1.016,0.));
#8489 = DIRECTION('',(-1.,0.,0.));
#8490 = DIRECTION('',(0.,1.,0.));
#8491 = ADVANCED_FACE('',(#8492),#8503,.F.);
#8492 = FACE_BOUND('',#8493,.F.);
#8493 = EDGE_LOOP('',(#8494,#8495,#8496,#8502));
#8494 = ORIENTED_EDGE('',*,*,#8463,.T.);
#8495 = ORIENTED_EDGE('',*,*,#8207,.T.);
#8496 = ORIENTED_EDGE('',*,*,#8497,.F.);
#8497 = EDGE_CURVE('',#7961,#8208,#8498,.T.);
#8498 = LINE('',#8499,#8500);
#8499 = CARTESIAN_POINT('',(-1.27,-1.524,0.));
#8500 = VECTOR('',#8501,1.);
#8501 = DIRECTION('',(0.,0.,1.));
#8502 = ORIENTED_EDGE('',*,*,#7960,.F.);
#8503 = PLANE('',#8504);
#8504 = AXIS2_PLACEMENT_3D('',#8505,#8506,#8507);
#8505 = CARTESIAN_POINT('',(-1.016,-1.27,0.));
#8506 = DIRECTION('',(0.707106781187,-0.707106781187,0.));
#8507 = DIRECTION('',(-0.707106781187,-0.707106781187,0.));
#8508 = ADVANCED_FACE('',(#8509),#8520,.F.);
#8509 = FACE_BOUND('',#8510,.F.);
#8510 = EDGE_LOOP('',(#8511,#8517,#8518,#8519));
#8511 = ORIENTED_EDGE('',*,*,#8512,.T.);
#8512 = EDGE_CURVE('',#8057,#8304,#8513,.T.);
#8513 = LINE('',#8514,#8515);
#8514 = CARTESIAN_POINT('',(1.016,-1.27,0.));
#8515 = VECTOR('',#8516,1.);
#8516 = DIRECTION('',(0.,0.,1.));
#8517 = ORIENTED_EDGE('',*,*,#8311,.T.);
#8518 = ORIENTED_EDGE('',*,*,#8478,.F.);
#8519 = ORIENTED_EDGE('',*,*,#8064,.F.);
#8520 = PLANE('',#8521);
#8521 = AXIS2_PLACEMENT_3D('',#8522,#8523,#8524);
#8522 = CARTESIAN_POINT('',(1.016,-1.27,0.));
#8523 = DIRECTION('',(-0.707106781187,0.707106781187,0.));
#8524 = DIRECTION('',(0.707106781187,0.707106781187,0.));
#8525 = ADVANCED_FACE('',(#8526),#8537,.F.);
#8526 = FACE_BOUND('',#8527,.F.);
#8527 = EDGE_LOOP('',(#8528,#8529,#8530,#8536));
#8528 = ORIENTED_EDGE('',*,*,#8497,.T.);
#8529 = ORIENTED_EDGE('',*,*,#8215,.T.);
#8530 = ORIENTED_EDGE('',*,*,#8531,.F.);
#8531 = EDGE_CURVE('',#7969,#8216,#8532,.T.);
#8532 = LINE('',#8533,#8534);
#8533 = CARTESIAN_POINT('',(-1.27,-3.556,0.));
#8534 = VECTOR('',#8535,1.);
#8535 = DIRECTION('',(0.,0.,1.));
#8536 = ORIENTED_EDGE('',*,*,#7968,.F.);
#8537 = PLANE('',#8538);
#8538 = AXIS2_PLACEMENT_3D('',#8539,#8540,#8541);
#8539 = CARTESIAN_POINT('',(-1.27,-1.524,0.));
#8540 = DIRECTION('',(1.,0.,0.));
#8541 = DIRECTION('',(0.,-1.,0.));
#8542 = ADVANCED_FACE('',(#8543),#8554,.F.);
#8543 = FACE_BOUND('',#8544,.F.);
#8544 = EDGE_LOOP('',(#8545,#8551,#8552,#8553));
#8545 = ORIENTED_EDGE('',*,*,#8546,.T.);
#8546 = EDGE_CURVE('',#8049,#8296,#8547,.T.);
#8547 = LINE('',#8548,#8549);
#8548 = CARTESIAN_POINT('',(1.27,-1.524,0.));
#8549 = VECTOR('',#8550,1.);
#8550 = DIRECTION('',(0.,0.,1.));
#8551 = ORIENTED_EDGE('',*,*,#8303,.T.);
#8552 = ORIENTED_EDGE('',*,*,#8512,.F.);
#8553 = ORIENTED_EDGE('',*,*,#8056,.F.);
#8554 = PLANE('',#8555);
#8555 = AXIS2_PLACEMENT_3D('',#8556,#8557,#8558);
#8556 = CARTESIAN_POINT('',(1.27,-1.524,0.));
#8557 = DIRECTION('',(-0.707106781187,-0.707106781187,0.));
#8558 = DIRECTION('',(-0.707106781187,0.707106781187,0.));
#8559 = ADVANCED_FACE('',(#8560),#8571,.F.);
#8560 = FACE_BOUND('',#8561,.F.);
#8561 = EDGE_LOOP('',(#8562,#8563,#8564,#8570));
#8562 = ORIENTED_EDGE('',*,*,#8531,.T.);
#8563 = ORIENTED_EDGE('',*,*,#8223,.T.);
#8564 = ORIENTED_EDGE('',*,*,#8565,.F.);
#8565 = EDGE_CURVE('',#7977,#8224,#8566,.T.);
#8566 = LINE('',#8567,#8568);
#8567 = CARTESIAN_POINT('',(-1.016,-3.81,0.));
#8568 = VECTOR('',#8569,1.);
#8569 = DIRECTION('',(0.,0.,1.));
#8570 = ORIENTED_EDGE('',*,*,#7976,.F.);
#8571 = PLANE('',#8572);
#8572 = AXIS2_PLACEMENT_3D('',#8573,#8574,#8575);
#8573 = CARTESIAN_POINT('',(-1.27,-3.556,0.));
#8574 = DIRECTION('',(0.707106781187,0.707106781187,0.));
#8575 = DIRECTION('',(0.707106781187,-0.707106781187,0.));
#8576 = ADVANCED_FACE('',(#8577),#8588,.F.);
#8577 = FACE_BOUND('',#8578,.F.);
#8578 = EDGE_LOOP('',(#8579,#8585,#8586,#8587));
#8579 = ORIENTED_EDGE('',*,*,#8580,.T.);
#8580 = EDGE_CURVE('',#8041,#8288,#8581,.T.);
#8581 = LINE('',#8582,#8583);
#8582 = CARTESIAN_POINT('',(1.27,-3.556,0.));
#8583 = VECTOR('',#8584,1.);
#8584 = DIRECTION('',(0.,0.,1.));
#8585 = ORIENTED_EDGE('',*,*,#8295,.T.);
#8586 = ORIENTED_EDGE('',*,*,#8546,.F.);
#8587 = ORIENTED_EDGE('',*,*,#8048,.F.);
#8588 = PLANE('',#8589);
#8589 = AXIS2_PLACEMENT_3D('',#8590,#8591,#8592);
#8590 = CARTESIAN_POINT('',(1.27,-3.556,0.));
#8591 = DIRECTION('',(-1.,0.,0.));
#8592 = DIRECTION('',(0.,1.,0.));
#8593 = ADVANCED_FACE('',(#8594),#8605,.F.);
#8594 = FACE_BOUND('',#8595,.F.);
#8595 = EDGE_LOOP('',(#8596,#8597,#8598,#8604));
#8596 = ORIENTED_EDGE('',*,*,#8565,.T.);
#8597 = ORIENTED_EDGE('',*,*,#8231,.T.);
#8598 = ORIENTED_EDGE('',*,*,#8599,.F.);
#8599 = EDGE_CURVE('',#7985,#8232,#8600,.T.);
#8600 = LINE('',#8601,#8602);
#8601 = CARTESIAN_POINT('',(-1.27,-4.064,0.));
#8602 = VECTOR('',#8603,1.);
#8603 = DIRECTION('',(0.,0.,1.));
#8604 = ORIENTED_EDGE('',*,*,#7984,.F.);
#8605 = PLANE('',#8606);
#8606 = AXIS2_PLACEMENT_3D('',#8607,#8608,#8609);
#8607 = CARTESIAN_POINT('',(-1.016,-3.81,0.));
#8608 = DIRECTION('',(0.707106781187,-0.707106781187,0.));
#8609 = DIRECTION('',(-0.707106781187,-0.707106781187,0.));
#8610 = ADVANCED_FACE('',(#8611),#8622,.F.);
#8611 = FACE_BOUND('',#8612,.F.);
#8612 = EDGE_LOOP('',(#8613,#8619,#8620,#8621));
#8613 = ORIENTED_EDGE('',*,*,#8614,.T.);
#8614 = EDGE_CURVE('',#8033,#8280,#8615,.T.);
#8615 = LINE('',#8616,#8617);
#8616 = CARTESIAN_POINT('',(1.016,-3.81,0.));
#8617 = VECTOR('',#8618,1.);
#8618 = DIRECTION('',(0.,0.,1.));
#8619 = ORIENTED_EDGE('',*,*,#8287,.T.);
#8620 = ORIENTED_EDGE('',*,*,#8580,.F.);
#8621 = ORIENTED_EDGE('',*,*,#8040,.F.);
#8622 = PLANE('',#8623);
#8623 = AXIS2_PLACEMENT_3D('',#8624,#8625,#8626);
#8624 = CARTESIAN_POINT('',(1.016,-3.81,0.));
#8625 = DIRECTION('',(-0.707106781187,0.707106781187,0.));
#8626 = DIRECTION('',(0.707106781187,0.707106781187,0.));
#8627 = ADVANCED_FACE('',(#8628),#8639,.F.);
#8628 = FACE_BOUND('',#8629,.F.);
#8629 = EDGE_LOOP('',(#8630,#8631,#8632,#8638));
#8630 = ORIENTED_EDGE('',*,*,#8599,.T.);
#8631 = ORIENTED_EDGE('',*,*,#8239,.T.);
#8632 = ORIENTED_EDGE('',*,*,#8633,.F.);
#8633 = EDGE_CURVE('',#7993,#8240,#8634,.T.);
#8634 = LINE('',#8635,#8636);
#8635 = CARTESIAN_POINT('',(-1.27,-6.096,0.));
#8636 = VECTOR('',#8637,1.);
#8637 = DIRECTION('',(0.,0.,1.));
#8638 = ORIENTED_EDGE('',*,*,#7992,.F.);
#8639 = PLANE('',#8640);
#8640 = AXIS2_PLACEMENT_3D('',#8641,#8642,#8643);
#8641 = CARTESIAN_POINT('',(-1.27,-4.064,0.));
#8642 = DIRECTION('',(1.,0.,0.));
#8643 = DIRECTION('',(0.,-1.,0.));
#8644 = ADVANCED_FACE('',(#8645),#8656,.F.);
#8645 = FACE_BOUND('',#8646,.F.);
#8646 = EDGE_LOOP('',(#8647,#8653,#8654,#8655));
#8647 = ORIENTED_EDGE('',*,*,#8648,.T.);
#8648 = EDGE_CURVE('',#8025,#8272,#8649,.T.);
#8649 = LINE('',#8650,#8651);
#8650 = CARTESIAN_POINT('',(1.27,-4.064,0.));
#8651 = VECTOR('',#8652,1.);
#8652 = DIRECTION('',(0.,0.,1.));
#8653 = ORIENTED_EDGE('',*,*,#8279,.T.);
#8654 = ORIENTED_EDGE('',*,*,#8614,.F.);
#8655 = ORIENTED_EDGE('',*,*,#8032,.F.);
#8656 = PLANE('',#8657);
#8657 = AXIS2_PLACEMENT_3D('',#8658,#8659,#8660);
#8658 = CARTESIAN_POINT('',(1.27,-4.064,0.));
#8659 = DIRECTION('',(-0.707106781187,-0.707106781187,0.));
#8660 = DIRECTION('',(-0.707106781187,0.707106781187,0.));
#8661 = ADVANCED_FACE('',(#8662),#8673,.F.);
#8662 = FACE_BOUND('',#8663,.F.);
#8663 = EDGE_LOOP('',(#8664,#8665,#8666,#8672));
#8664 = ORIENTED_EDGE('',*,*,#8633,.T.);
#8665 = ORIENTED_EDGE('',*,*,#8247,.T.);
#8666 = ORIENTED_EDGE('',*,*,#8667,.F.);
#8667 = EDGE_CURVE('',#8001,#8248,#8668,.T.);
#8668 = LINE('',#8669,#8670);
#8669 = CARTESIAN_POINT('',(-1.016,-6.35,0.));
#8670 = VECTOR('',#8671,1.);
#8671 = DIRECTION('',(0.,0.,1.));
#8672 = ORIENTED_EDGE('',*,*,#8000,.F.);
#8673 = PLANE('',#8674);
#8674 = AXIS2_PLACEMENT_3D('',#8675,#8676,#8677);
#8675 = CARTESIAN_POINT('',(-1.27,-6.096,0.));
#8676 = DIRECTION('',(0.707106781187,0.707106781187,0.));
#8677 = DIRECTION('',(0.707106781187,-0.707106781187,0.));
#8678 = ADVANCED_FACE('',(#8679),#8690,.F.);
#8679 = FACE_BOUND('',#8680,.F.);
#8680 = EDGE_LOOP('',(#8681,#8687,#8688,#8689));
#8681 = ORIENTED_EDGE('',*,*,#8682,.T.);
#8682 = EDGE_CURVE('',#8017,#8264,#8683,.T.);
#8683 = LINE('',#8684,#8685);
#8684 = CARTESIAN_POINT('',(1.27,-6.096,0.));
#8685 = VECTOR('',#8686,1.);
#8686 = DIRECTION('',(0.,0.,1.));
#8687 = ORIENTED_EDGE('',*,*,#8271,.T.);
#8688 = ORIENTED_EDGE('',*,*,#8648,.F.);
#8689 = ORIENTED_EDGE('',*,*,#8024,.F.);
#8690 = PLANE('',#8691);
#8691 = AXIS2_PLACEMENT_3D('',#8692,#8693,#8694);
#8692 = CARTESIAN_POINT('',(1.27,-6.096,0.));
#8693 = DIRECTION('',(-1.,0.,0.));
#8694 = DIRECTION('',(0.,1.,0.));
#8695 = ADVANCED_FACE('',(#8696),#8707,.F.);
#8696 = FACE_BOUND('',#8697,.F.);
#8697 = EDGE_LOOP('',(#8698,#8699,#8700,#8706));
#8698 = ORIENTED_EDGE('',*,*,#8667,.T.);
#8699 = ORIENTED_EDGE('',*,*,#8255,.T.);
#8700 = ORIENTED_EDGE('',*,*,#8701,.F.);
#8701 = EDGE_CURVE('',#8009,#8256,#8702,.T.);
#8702 = LINE('',#8703,#8704);
#8703 = CARTESIAN_POINT('',(1.016,-6.35,0.));
#8704 = VECTOR('',#8705,1.);
#8705 = DIRECTION('',(0.,0.,1.));
#8706 = ORIENTED_EDGE('',*,*,#8008,.F.);
#8707 = PLANE('',#8708);
#8708 = AXIS2_PLACEMENT_3D('',#8709,#8710,#8711);
#8709 = CARTESIAN_POINT('',(-1.016,-6.35,0.));
#8710 = DIRECTION('',(0.,1.,0.));
#8711 = DIRECTION('',(1.,0.,0.));
#8712 = ADVANCED_FACE('',(#8713),#8719,.F.);
#8713 = FACE_BOUND('',#8714,.F.);
#8714 = EDGE_LOOP('',(#8715,#8716,#8717,#8718));
#8715 = ORIENTED_EDGE('',*,*,#8701,.T.);
#8716 = ORIENTED_EDGE('',*,*,#8263,.T.);
#8717 = ORIENTED_EDGE('',*,*,#8682,.F.);
#8718 = ORIENTED_EDGE('',*,*,#8016,.F.);
#8719 = PLANE('',#8720);
#8720 = AXIS2_PLACEMENT_3D('',#8721,#8722,#8723);
#8721 = CARTESIAN_POINT('',(1.016,-6.35,0.));
#8722 = DIRECTION('',(-0.707106781187,0.707106781187,0.));
#8723 = DIRECTION('',(0.707106781187,0.707106781187,0.));
#8724 = ADVANCED_FACE('',(#8725),#8750,.T.);
#8725 = FACE_BOUND('',#8726,.T.);
#8726 = EDGE_LOOP('',(#8727,#8735,#8743,#8749));
#8727 = ORIENTED_EDGE('',*,*,#8728,.F.);
#8728 = EDGE_CURVE('',#8729,#8090,#8731,.T.);
#8729 = VERTEX_POINT('',#8730);
#8730 = CARTESIAN_POINT('',(0.32,-0.32,-2.84));
#8731 = LINE('',#8732,#8733);
#8732 = CARTESIAN_POINT('',(0.32,-0.32,-3.));
#8733 = VECTOR('',#8734,1.);
#8734 = DIRECTION('',(0.,0.,1.));
#8735 = ORIENTED_EDGE('',*,*,#8736,.T.);
#8736 = EDGE_CURVE('',#8729,#8737,#8739,.T.);
#8737 = VERTEX_POINT('',#8738);
#8738 = CARTESIAN_POINT('',(0.32,0.32,-2.84));
#8739 = LINE('',#8740,#8741);
#8740 = CARTESIAN_POINT('',(0.32,-0.32,-2.84));
#8741 = VECTOR('',#8742,1.);
#8742 = DIRECTION('',(0.,1.,0.));
#8743 = ORIENTED_EDGE('',*,*,#8744,.T.);
#8744 = EDGE_CURVE('',#8737,#8092,#8745,.T.);
#8745 = LINE('',#8746,#8747);
#8746 = CARTESIAN_POINT('',(0.32,0.32,-3.));
#8747 = VECTOR('',#8748,1.);
#8748 = DIRECTION('',(0.,0.,1.));
#8749 = ORIENTED_EDGE('',*,*,#8089,.F.);
#8750 = PLANE('',#8751);
#8751 = AXIS2_PLACEMENT_3D('',#8752,#8753,#8754);
#8752 = CARTESIAN_POINT('',(0.32,-0.32,-3.));
#8753 = DIRECTION('',(1.,0.,0.));
#8754 = DIRECTION('',(0.,0.,1.));
#8755 = ADVANCED_FACE('',(#8756),#8774,.T.);
#8756 = FACE_BOUND('',#8757,.T.);
#8757 = EDGE_LOOP('',(#8758,#8759,#8767,#8773));
#8758 = ORIENTED_EDGE('',*,*,#8744,.F.);
#8759 = ORIENTED_EDGE('',*,*,#8760,.F.);
#8760 = EDGE_CURVE('',#8761,#8737,#8763,.T.);
#8761 = VERTEX_POINT('',#8762);
#8762 = CARTESIAN_POINT('',(-0.32,0.32,-2.84));
#8763 = LINE('',#8764,#8765);
#8764 = CARTESIAN_POINT('',(-0.32,0.32,-2.84));
#8765 = VECTOR('',#8766,1.);
#8766 = DIRECTION('',(1.,0.,0.));
#8767 = ORIENTED_EDGE('',*,*,#8768,.T.);
#8768 = EDGE_CURVE('',#8761,#8108,#8769,.T.);
#8769 = LINE('',#8770,#8771);
#8770 = CARTESIAN_POINT('',(-0.32,0.32,-3.));
#8771 = VECTOR('',#8772,1.);
#8772 = DIRECTION('',(0.,0.,1.));
#8773 = ORIENTED_EDGE('',*,*,#8115,.F.);
#8774 = PLANE('',#8775);
#8775 = AXIS2_PLACEMENT_3D('',#8776,#8777,#8778);
#8776 = CARTESIAN_POINT('',(-0.32,0.32,-3.));
#8777 = DIRECTION('',(0.,1.,0.));
#8778 = DIRECTION('',(0.,-0.,1.));
#8779 = ADVANCED_FACE('',(#8780),#8798,.F.);
#8780 = FACE_BOUND('',#8781,.F.);
#8781 = EDGE_LOOP('',(#8782,#8790,#8796,#8797));
#8782 = ORIENTED_EDGE('',*,*,#8783,.F.);
#8783 = EDGE_CURVE('',#8784,#8100,#8786,.T.);
#8784 = VERTEX_POINT('',#8785);
#8785 = CARTESIAN_POINT('',(-0.32,-0.32,-2.84));
#8786 = LINE('',#8787,#8788);
#8787 = CARTESIAN_POINT('',(-0.32,-0.32,-3.));
#8788 = VECTOR('',#8789,1.);
#8789 = DIRECTION('',(0.,0.,1.));
#8790 = ORIENTED_EDGE('',*,*,#8791,.T.);
#8791 = EDGE_CURVE('',#8784,#8761,#8792,.T.);
#8792 = LINE('',#8793,#8794);
#8793 = CARTESIAN_POINT('',(-0.32,-0.32,-2.84));
#8794 = VECTOR('',#8795,1.);
#8795 = DIRECTION('',(0.,1.,0.));
#8796 = ORIENTED_EDGE('',*,*,#8768,.T.);
#8797 = ORIENTED_EDGE('',*,*,#8107,.F.);
#8798 = PLANE('',#8799);
#8799 = AXIS2_PLACEMENT_3D('',#8800,#8801,#8802);
#8800 = CARTESIAN_POINT('',(-0.32,-0.32,-3.));
#8801 = DIRECTION('',(1.,0.,0.));
#8802 = DIRECTION('',(0.,0.,1.));
#8803 = ADVANCED_FACE('',(#8804),#8815,.F.);
#8804 = FACE_BOUND('',#8805,.F.);
#8805 = EDGE_LOOP('',(#8806,#8807,#8813,#8814));
#8806 = ORIENTED_EDGE('',*,*,#8728,.F.);
#8807 = ORIENTED_EDGE('',*,*,#8808,.F.);
#8808 = EDGE_CURVE('',#8784,#8729,#8809,.T.);
#8809 = LINE('',#8810,#8811);
#8810 = CARTESIAN_POINT('',(-0.32,-0.32,-2.84));
#8811 = VECTOR('',#8812,1.);
#8812 = DIRECTION('',(1.,0.,0.));
#8813 = ORIENTED_EDGE('',*,*,#8783,.T.);
#8814 = ORIENTED_EDGE('',*,*,#8099,.F.);
#8815 = PLANE('',#8816);
#8816 = AXIS2_PLACEMENT_3D('',#8817,#8818,#8819);
#8817 = CARTESIAN_POINT('',(-0.32,-0.32,-3.));
#8818 = DIRECTION('',(0.,1.,0.));
#8819 = DIRECTION('',(0.,-0.,1.));
#8820 = ADVANCED_FACE('',(#8821),#8846,.F.);
#8821 = FACE_BOUND('',#8822,.F.);
#8822 = EDGE_LOOP('',(#8823,#8831,#8839,#8845));
#8823 = ORIENTED_EDGE('',*,*,#8824,.F.);
#8824 = EDGE_CURVE('',#8825,#8124,#8827,.T.);
#8825 = VERTEX_POINT('',#8826);
#8826 = CARTESIAN_POINT('',(0.32,-2.86,-2.84));
#8827 = LINE('',#8828,#8829);
#8828 = CARTESIAN_POINT('',(0.32,-2.86,-3.));
#8829 = VECTOR('',#8830,1.);
#8830 = DIRECTION('',(0.,0.,1.));
#8831 = ORIENTED_EDGE('',*,*,#8832,.F.);
#8832 = EDGE_CURVE('',#8833,#8825,#8835,.T.);
#8833 = VERTEX_POINT('',#8834);
#8834 = CARTESIAN_POINT('',(-0.32,-2.86,-2.84));
#8835 = LINE('',#8836,#8837);
#8836 = CARTESIAN_POINT('',(-0.32,-2.86,-2.84));
#8837 = VECTOR('',#8838,1.);
#8838 = DIRECTION('',(1.,0.,0.));
#8839 = ORIENTED_EDGE('',*,*,#8840,.T.);
#8840 = EDGE_CURVE('',#8833,#8126,#8841,.T.);
#8841 = LINE('',#8842,#8843);
#8842 = CARTESIAN_POINT('',(-0.32,-2.86,-3.));
#8843 = VECTOR('',#8844,1.);
#8844 = DIRECTION('',(0.,0.,1.));
#8845 = ORIENTED_EDGE('',*,*,#8123,.F.);
#8846 = PLANE('',#8847);
#8847 = AXIS2_PLACEMENT_3D('',#8848,#8849,#8850);
#8848 = CARTESIAN_POINT('',(-0.32,-2.86,-3.));
#8849 = DIRECTION('',(0.,1.,0.));
#8850 = DIRECTION('',(0.,-0.,1.));
#8851 = ADVANCED_FACE('',(#8852),#8870,.T.);
#8852 = FACE_BOUND('',#8853,.T.);
#8853 = EDGE_LOOP('',(#8854,#8855,#8863,#8869));
#8854 = ORIENTED_EDGE('',*,*,#8824,.F.);
#8855 = ORIENTED_EDGE('',*,*,#8856,.T.);
#8856 = EDGE_CURVE('',#8825,#8857,#8859,.T.);
#8857 = VERTEX_POINT('',#8858);
#8858 = CARTESIAN_POINT('',(0.32,-2.22,-2.84));
#8859 = LINE('',#8860,#8861);
#8860 = CARTESIAN_POINT('',(0.32,-2.86,-2.84));
#8861 = VECTOR('',#8862,1.);
#8862 = DIRECTION('',(0.,1.,0.));
#8863 = ORIENTED_EDGE('',*,*,#8864,.T.);
#8864 = EDGE_CURVE('',#8857,#8142,#8865,.T.);
#8865 = LINE('',#8866,#8867);
#8866 = CARTESIAN_POINT('',(0.32,-2.22,-3.));
#8867 = VECTOR('',#8868,1.);
#8868 = DIRECTION('',(0.,0.,1.));
#8869 = ORIENTED_EDGE('',*,*,#8149,.F.);
#8870 = PLANE('',#8871);
#8871 = AXIS2_PLACEMENT_3D('',#8872,#8873,#8874);
#8872 = CARTESIAN_POINT('',(0.32,-2.86,-3.));
#8873 = DIRECTION('',(1.,0.,0.));
#8874 = DIRECTION('',(0.,0.,1.));
#8875 = ADVANCED_FACE('',(#8876),#8894,.T.);
#8876 = FACE_BOUND('',#8877,.T.);
#8877 = EDGE_LOOP('',(#8878,#8879,#8887,#8893));
#8878 = ORIENTED_EDGE('',*,*,#8864,.F.);
#8879 = ORIENTED_EDGE('',*,*,#8880,.F.);
#8880 = EDGE_CURVE('',#8881,#8857,#8883,.T.);
#8881 = VERTEX_POINT('',#8882);
#8882 = CARTESIAN_POINT('',(-0.32,-2.22,-2.84));
#8883 = LINE('',#8884,#8885);
#8884 = CARTESIAN_POINT('',(-0.32,-2.22,-2.84));
#8885 = VECTOR('',#8886,1.);
#8886 = DIRECTION('',(1.,0.,0.));
#8887 = ORIENTED_EDGE('',*,*,#8888,.T.);
#8888 = EDGE_CURVE('',#8881,#8134,#8889,.T.);
#8889 = LINE('',#8890,#8891);
#8890 = CARTESIAN_POINT('',(-0.32,-2.22,-3.));
#8891 = VECTOR('',#8892,1.);
#8892 = DIRECTION('',(0.,0.,1.));
#8893 = ORIENTED_EDGE('',*,*,#8141,.F.);
#8894 = PLANE('',#8895);
#8895 = AXIS2_PLACEMENT_3D('',#8896,#8897,#8898);
#8896 = CARTESIAN_POINT('',(-0.32,-2.22,-3.));
#8897 = DIRECTION('',(0.,1.,0.));
#8898 = DIRECTION('',(0.,-0.,1.));
#8899 = ADVANCED_FACE('',(#8900),#8911,.F.);
#8900 = FACE_BOUND('',#8901,.F.);
#8901 = EDGE_LOOP('',(#8902,#8903,#8909,#8910));
#8902 = ORIENTED_EDGE('',*,*,#8840,.F.);
#8903 = ORIENTED_EDGE('',*,*,#8904,.T.);
#8904 = EDGE_CURVE('',#8833,#8881,#8905,.T.);
#8905 = LINE('',#8906,#8907);
#8906 = CARTESIAN_POINT('',(-0.32,-2.86,-2.84));
#8907 = VECTOR('',#8908,1.);
#8908 = DIRECTION('',(0.,1.,0.));
#8909 = ORIENTED_EDGE('',*,*,#8888,.T.);
#8910 = ORIENTED_EDGE('',*,*,#8133,.F.);
#8911 = PLANE('',#8912);
#8912 = AXIS2_PLACEMENT_3D('',#8913,#8914,#8915);
#8913 = CARTESIAN_POINT('',(-0.32,-2.86,-3.));
#8914 = DIRECTION('',(1.,0.,0.));
#8915 = DIRECTION('',(0.,0.,1.));
#8916 = ADVANCED_FACE('',(#8917),#8942,.T.);
#8917 = FACE_BOUND('',#8918,.T.);
#8918 = EDGE_LOOP('',(#8919,#8927,#8935,#8941));
#8919 = ORIENTED_EDGE('',*,*,#8920,.F.);
#8920 = EDGE_CURVE('',#8921,#8158,#8923,.T.);
#8921 = VERTEX_POINT('',#8922);
#8922 = CARTESIAN_POINT('',(0.32,-4.76,-2.84));
#8923 = LINE('',#8924,#8925);
#8924 = CARTESIAN_POINT('',(0.32,-4.76,-3.));
#8925 = VECTOR('',#8926,1.);
#8926 = DIRECTION('',(0.,0.,1.));
#8927 = ORIENTED_EDGE('',*,*,#8928,.F.);
#8928 = EDGE_CURVE('',#8929,#8921,#8931,.T.);
#8929 = VERTEX_POINT('',#8930);
#8930 = CARTESIAN_POINT('',(-0.32,-4.76,-2.84));
#8931 = LINE('',#8932,#8933);
#8932 = CARTESIAN_POINT('',(-0.32,-4.76,-2.84));
#8933 = VECTOR('',#8934,1.);
#8934 = DIRECTION('',(1.,0.,0.));
#8935 = ORIENTED_EDGE('',*,*,#8936,.T.);
#8936 = EDGE_CURVE('',#8929,#8160,#8937,.T.);
#8937 = LINE('',#8938,#8939);
#8938 = CARTESIAN_POINT('',(-0.32,-4.76,-3.));
#8939 = VECTOR('',#8940,1.);
#8940 = DIRECTION('',(0.,0.,1.));
#8941 = ORIENTED_EDGE('',*,*,#8157,.F.);
#8942 = PLANE('',#8943);
#8943 = AXIS2_PLACEMENT_3D('',#8944,#8945,#8946);
#8944 = CARTESIAN_POINT('',(-0.32,-4.76,-3.));
#8945 = DIRECTION('',(0.,1.,0.));
#8946 = DIRECTION('',(0.,-0.,1.));
#8947 = ADVANCED_FACE('',(#8948),#8966,.F.);
#8948 = FACE_BOUND('',#8949,.F.);
#8949 = EDGE_LOOP('',(#8950,#8958,#8964,#8965));
#8950 = ORIENTED_EDGE('',*,*,#8951,.F.);
#8951 = EDGE_CURVE('',#8952,#8176,#8954,.T.);
#8952 = VERTEX_POINT('',#8953);
#8953 = CARTESIAN_POINT('',(-0.32,-5.4,-2.84));
#8954 = LINE('',#8955,#8956);
#8955 = CARTESIAN_POINT('',(-0.32,-5.4,-3.));
#8956 = VECTOR('',#8957,1.);
#8957 = DIRECTION('',(0.,0.,1.));
#8958 = ORIENTED_EDGE('',*,*,#8959,.T.);
#8959 = EDGE_CURVE('',#8952,#8929,#8960,.T.);
#8960 = LINE('',#8961,#8962);
#8961 = CARTESIAN_POINT('',(-0.32,-5.4,-2.84));
#8962 = VECTOR('',#8963,1.);
#8963 = DIRECTION('',(0.,1.,0.));
#8964 = ORIENTED_EDGE('',*,*,#8936,.T.);
#8965 = ORIENTED_EDGE('',*,*,#8183,.F.);
#8966 = PLANE('',#8967);
#8967 = AXIS2_PLACEMENT_3D('',#8968,#8969,#8970);
#8968 = CARTESIAN_POINT('',(-0.32,-5.4,-3.));
#8969 = DIRECTION('',(1.,0.,0.));
#8970 = DIRECTION('',(0.,0.,1.));
#8971 = ADVANCED_FACE('',(#8972),#8990,.F.);
#8972 = FACE_BOUND('',#8973,.F.);
#8973 = EDGE_LOOP('',(#8974,#8982,#8988,#8989));
#8974 = ORIENTED_EDGE('',*,*,#8975,.F.);
#8975 = EDGE_CURVE('',#8976,#8168,#8978,.T.);
#8976 = VERTEX_POINT('',#8977);
#8977 = CARTESIAN_POINT('',(0.32,-5.4,-2.84));
#8978 = LINE('',#8979,#8980);
#8979 = CARTESIAN_POINT('',(0.32,-5.4,-3.));
#8980 = VECTOR('',#8981,1.);
#8981 = DIRECTION('',(0.,0.,1.));
#8982 = ORIENTED_EDGE('',*,*,#8983,.F.);
#8983 = EDGE_CURVE('',#8952,#8976,#8984,.T.);
#8984 = LINE('',#8985,#8986);
#8985 = CARTESIAN_POINT('',(-0.32,-5.4,-2.84));
#8986 = VECTOR('',#8987,1.);
#8987 = DIRECTION('',(1.,0.,0.));
#8988 = ORIENTED_EDGE('',*,*,#8951,.T.);
#8989 = ORIENTED_EDGE('',*,*,#8175,.F.);
#8990 = PLANE('',#8991);
#8991 = AXIS2_PLACEMENT_3D('',#8992,#8993,#8994);
#8992 = CARTESIAN_POINT('',(-0.32,-5.4,-3.));
#8993 = DIRECTION('',(0.,1.,0.));
#8994 = DIRECTION('',(0.,-0.,1.));
#8995 = ADVANCED_FACE('',(#8996),#9007,.T.);
#8996 = FACE_BOUND('',#8997,.T.);
#8997 = EDGE_LOOP('',(#8998,#8999,#9005,#9006));
#8998 = ORIENTED_EDGE('',*,*,#8975,.F.);
#8999 = ORIENTED_EDGE('',*,*,#9000,.T.);
#9000 = EDGE_CURVE('',#8976,#8921,#9001,.T.);
#9001 = LINE('',#9002,#9003);
#9002 = CARTESIAN_POINT('',(0.32,-5.4,-2.84));
#9003 = VECTOR('',#9004,1.);
#9004 = DIRECTION('',(0.,1.,0.));
#9005 = ORIENTED_EDGE('',*,*,#8920,.T.);
#9006 = ORIENTED_EDGE('',*,*,#8167,.F.);
#9007 = PLANE('',#9008);
#9008 = AXIS2_PLACEMENT_3D('',#9009,#9010,#9011);
#9009 = CARTESIAN_POINT('',(0.32,-5.4,-3.));
#9010 = DIRECTION('',(1.,0.,0.));
#9011 = DIRECTION('',(0.,0.,1.));
#9012 = ADVANCED_FACE('',(#9013),#9038,.T.);
#9013 = FACE_BOUND('',#9014,.T.);
#9014 = EDGE_LOOP('',(#9015,#9023,#9024,#9032));
#9015 = ORIENTED_EDGE('',*,*,#9016,.F.);
#9016 = EDGE_CURVE('',#8337,#9017,#9019,.T.);
#9017 = VERTEX_POINT('',#9018);
#9018 = CARTESIAN_POINT('',(0.32,-0.32,8.38));
#9019 = LINE('',#9020,#9021);
#9020 = CARTESIAN_POINT('',(0.32,-0.32,-3.));
#9021 = VECTOR('',#9022,1.);
#9022 = DIRECTION('',(0.,0.,1.));
#9023 = ORIENTED_EDGE('',*,*,#8336,.T.);
#9024 = ORIENTED_EDGE('',*,*,#9025,.T.);
#9025 = EDGE_CURVE('',#8339,#9026,#9028,.T.);
#9026 = VERTEX_POINT('',#9027);
#9027 = CARTESIAN_POINT('',(0.32,0.32,8.38));
#9028 = LINE('',#9029,#9030);
#9029 = CARTESIAN_POINT('',(0.32,0.32,-3.));
#9030 = VECTOR('',#9031,1.);
#9031 = DIRECTION('',(0.,0.,1.));
#9032 = ORIENTED_EDGE('',*,*,#9033,.F.);
#9033 = EDGE_CURVE('',#9017,#9026,#9034,.T.);
#9034 = LINE('',#9035,#9036);
#9035 = CARTESIAN_POINT('',(0.32,-0.32,8.38));
#9036 = VECTOR('',#9037,1.);
#9037 = DIRECTION('',(0.,1.,0.));
#9038 = PLANE('',#9039);
#9039 = AXIS2_PLACEMENT_3D('',#9040,#9041,#9042);
#9040 = CARTESIAN_POINT('',(0.32,-0.32,-3.));
#9041 = DIRECTION('',(1.,0.,0.));
#9042 = DIRECTION('',(0.,0.,1.));
#9043 = ADVANCED_FACE('',(#9044),#9062,.T.);
#9044 = FACE_BOUND('',#9045,.T.);
#9045 = EDGE_LOOP('',(#9046,#9047,#9048,#9056));
#9046 = ORIENTED_EDGE('',*,*,#9025,.F.);
#9047 = ORIENTED_EDGE('',*,*,#8362,.T.);
#9048 = ORIENTED_EDGE('',*,*,#9049,.T.);
#9049 = EDGE_CURVE('',#8355,#9050,#9052,.T.);
#9050 = VERTEX_POINT('',#9051);
#9051 = CARTESIAN_POINT('',(-0.32,0.32,8.38));
#9052 = LINE('',#9053,#9054);
#9053 = CARTESIAN_POINT('',(-0.32,0.32,-3.));
#9054 = VECTOR('',#9055,1.);
#9055 = DIRECTION('',(0.,0.,1.));
#9056 = ORIENTED_EDGE('',*,*,#9057,.T.);
#9057 = EDGE_CURVE('',#9050,#9026,#9058,.T.);
#9058 = LINE('',#9059,#9060);
#9059 = CARTESIAN_POINT('',(-0.32,0.32,8.38));
#9060 = VECTOR('',#9061,1.);
#9061 = DIRECTION('',(1.,0.,0.));
#9062 = PLANE('',#9063);
#9063 = AXIS2_PLACEMENT_3D('',#9064,#9065,#9066);
#9064 = CARTESIAN_POINT('',(-0.32,0.32,-3.));
#9065 = DIRECTION('',(0.,1.,0.));
#9066 = DIRECTION('',(0.,-0.,1.));
#9067 = ADVANCED_FACE('',(#9068),#9086,.F.);
#9068 = FACE_BOUND('',#9069,.F.);
#9069 = EDGE_LOOP('',(#9070,#9078,#9079,#9080));
#9070 = ORIENTED_EDGE('',*,*,#9071,.F.);
#9071 = EDGE_CURVE('',#8347,#9072,#9074,.T.);
#9072 = VERTEX_POINT('',#9073);
#9073 = CARTESIAN_POINT('',(-0.32,-0.32,8.38));
#9074 = LINE('',#9075,#9076);
#9075 = CARTESIAN_POINT('',(-0.32,-0.32,-3.));
#9076 = VECTOR('',#9077,1.);
#9077 = DIRECTION('',(0.,0.,1.));
#9078 = ORIENTED_EDGE('',*,*,#8354,.T.);
#9079 = ORIENTED_EDGE('',*,*,#9049,.T.);
#9080 = ORIENTED_EDGE('',*,*,#9081,.F.);
#9081 = EDGE_CURVE('',#9072,#9050,#9082,.T.);
#9082 = LINE('',#9083,#9084);
#9083 = CARTESIAN_POINT('',(-0.32,-0.32,8.38));
#9084 = VECTOR('',#9085,1.);
#9085 = DIRECTION('',(0.,1.,0.));
#9086 = PLANE('',#9087);
#9087 = AXIS2_PLACEMENT_3D('',#9088,#9089,#9090);
#9088 = CARTESIAN_POINT('',(-0.32,-0.32,-3.));
#9089 = DIRECTION('',(1.,0.,0.));
#9090 = DIRECTION('',(0.,0.,1.));
#9091 = ADVANCED_FACE('',(#9092),#9103,.F.);
#9092 = FACE_BOUND('',#9093,.F.);
#9093 = EDGE_LOOP('',(#9094,#9095,#9096,#9097));
#9094 = ORIENTED_EDGE('',*,*,#9016,.F.);
#9095 = ORIENTED_EDGE('',*,*,#8346,.T.);
#9096 = ORIENTED_EDGE('',*,*,#9071,.T.);
#9097 = ORIENTED_EDGE('',*,*,#9098,.T.);
#9098 = EDGE_CURVE('',#9072,#9017,#9099,.T.);
#9099 = LINE('',#9100,#9101);
#9100 = CARTESIAN_POINT('',(-0.32,-0.32,8.38));
#9101 = VECTOR('',#9102,1.);
#9102 = DIRECTION('',(1.,0.,0.));
#9103 = PLANE('',#9104);
#9104 = AXIS2_PLACEMENT_3D('',#9105,#9106,#9107);
#9105 = CARTESIAN_POINT('',(-0.32,-0.32,-3.));
#9106 = DIRECTION('',(0.,1.,0.));
#9107 = DIRECTION('',(0.,-0.,1.));
#9108 = ADVANCED_FACE('',(#9109),#9134,.F.);
#9109 = FACE_BOUND('',#9110,.F.);
#9110 = EDGE_LOOP('',(#9111,#9119,#9120,#9128));
#9111 = ORIENTED_EDGE('',*,*,#9112,.F.);
#9112 = EDGE_CURVE('',#8371,#9113,#9115,.T.);
#9113 = VERTEX_POINT('',#9114);
#9114 = CARTESIAN_POINT('',(0.32,-2.86,8.38));
#9115 = LINE('',#9116,#9117);
#9116 = CARTESIAN_POINT('',(0.32,-2.86,-3.));
#9117 = VECTOR('',#9118,1.);
#9118 = DIRECTION('',(0.,0.,1.));
#9119 = ORIENTED_EDGE('',*,*,#8370,.T.);
#9120 = ORIENTED_EDGE('',*,*,#9121,.T.);
#9121 = EDGE_CURVE('',#8373,#9122,#9124,.T.);
#9122 = VERTEX_POINT('',#9123);
#9123 = CARTESIAN_POINT('',(-0.32,-2.86,8.38));
#9124 = LINE('',#9125,#9126);
#9125 = CARTESIAN_POINT('',(-0.32,-2.86,-3.));
#9126 = VECTOR('',#9127,1.);
#9127 = DIRECTION('',(0.,0.,1.));
#9128 = ORIENTED_EDGE('',*,*,#9129,.T.);
#9129 = EDGE_CURVE('',#9122,#9113,#9130,.T.);
#9130 = LINE('',#9131,#9132);
#9131 = CARTESIAN_POINT('',(-0.32,-2.86,8.38));
#9132 = VECTOR('',#9133,1.);
#9133 = DIRECTION('',(1.,0.,0.));
#9134 = PLANE('',#9135);
#9135 = AXIS2_PLACEMENT_3D('',#9136,#9137,#9138);
#9136 = CARTESIAN_POINT('',(-0.32,-2.86,-3.));
#9137 = DIRECTION('',(0.,1.,0.));
#9138 = DIRECTION('',(0.,-0.,1.));
#9139 = ADVANCED_FACE('',(#9140),#9158,.T.);
#9140 = FACE_BOUND('',#9141,.T.);
#9141 = EDGE_LOOP('',(#9142,#9143,#9144,#9152));
#9142 = ORIENTED_EDGE('',*,*,#9112,.F.);
#9143 = ORIENTED_EDGE('',*,*,#8396,.T.);
#9144 = ORIENTED_EDGE('',*,*,#9145,.T.);
#9145 = EDGE_CURVE('',#8389,#9146,#9148,.T.);
#9146 = VERTEX_POINT('',#9147);
#9147 = CARTESIAN_POINT('',(0.32,-2.22,8.38));
#9148 = LINE('',#9149,#9150);
#9149 = CARTESIAN_POINT('',(0.32,-2.22,-3.));
#9150 = VECTOR('',#9151,1.);
#9151 = DIRECTION('',(0.,0.,1.));
#9152 = ORIENTED_EDGE('',*,*,#9153,.F.);
#9153 = EDGE_CURVE('',#9113,#9146,#9154,.T.);
#9154 = LINE('',#9155,#9156);
#9155 = CARTESIAN_POINT('',(0.32,-2.86,8.38));
#9156 = VECTOR('',#9157,1.);
#9157 = DIRECTION('',(0.,1.,0.));
#9158 = PLANE('',#9159);
#9159 = AXIS2_PLACEMENT_3D('',#9160,#9161,#9162);
#9160 = CARTESIAN_POINT('',(0.32,-2.86,-3.));
#9161 = DIRECTION('',(1.,0.,0.));
#9162 = DIRECTION('',(0.,0.,1.));
#9163 = ADVANCED_FACE('',(#9164),#9182,.T.);
#9164 = FACE_BOUND('',#9165,.T.);
#9165 = EDGE_LOOP('',(#9166,#9167,#9168,#9176));
#9166 = ORIENTED_EDGE('',*,*,#9145,.F.);
#9167 = ORIENTED_EDGE('',*,*,#8388,.T.);
#9168 = ORIENTED_EDGE('',*,*,#9169,.T.);
#9169 = EDGE_CURVE('',#8381,#9170,#9172,.T.);
#9170 = VERTEX_POINT('',#9171);
#9171 = CARTESIAN_POINT('',(-0.32,-2.22,8.38));
#9172 = LINE('',#9173,#9174);
#9173 = CARTESIAN_POINT('',(-0.32,-2.22,-3.));
#9174 = VECTOR('',#9175,1.);
#9175 = DIRECTION('',(0.,0.,1.));
#9176 = ORIENTED_EDGE('',*,*,#9177,.T.);
#9177 = EDGE_CURVE('',#9170,#9146,#9178,.T.);
#9178 = LINE('',#9179,#9180);
#9179 = CARTESIAN_POINT('',(-0.32,-2.22,8.38));
#9180 = VECTOR('',#9181,1.);
#9181 = DIRECTION('',(1.,0.,0.));
#9182 = PLANE('',#9183);
#9183 = AXIS2_PLACEMENT_3D('',#9184,#9185,#9186);
#9184 = CARTESIAN_POINT('',(-0.32,-2.22,-3.));
#9185 = DIRECTION('',(0.,1.,0.));
#9186 = DIRECTION('',(0.,-0.,1.));
#9187 = ADVANCED_FACE('',(#9188),#9199,.F.);
#9188 = FACE_BOUND('',#9189,.F.);
#9189 = EDGE_LOOP('',(#9190,#9191,#9192,#9193));
#9190 = ORIENTED_EDGE('',*,*,#9121,.F.);
#9191 = ORIENTED_EDGE('',*,*,#8380,.T.);
#9192 = ORIENTED_EDGE('',*,*,#9169,.T.);
#9193 = ORIENTED_EDGE('',*,*,#9194,.F.);
#9194 = EDGE_CURVE('',#9122,#9170,#9195,.T.);
#9195 = LINE('',#9196,#9197);
#9196 = CARTESIAN_POINT('',(-0.32,-2.86,8.38));
#9197 = VECTOR('',#9198,1.);
#9198 = DIRECTION('',(0.,1.,0.));
#9199 = PLANE('',#9200);
#9200 = AXIS2_PLACEMENT_3D('',#9201,#9202,#9203);
#9201 = CARTESIAN_POINT('',(-0.32,-2.86,-3.));
#9202 = DIRECTION('',(1.,0.,0.));
#9203 = DIRECTION('',(0.,0.,1.));
#9204 = ADVANCED_FACE('',(#9205),#9230,.T.);
#9205 = FACE_BOUND('',#9206,.T.);
#9206 = EDGE_LOOP('',(#9207,#9215,#9216,#9224));
#9207 = ORIENTED_EDGE('',*,*,#9208,.F.);
#9208 = EDGE_CURVE('',#8405,#9209,#9211,.T.);
#9209 = VERTEX_POINT('',#9210);
#9210 = CARTESIAN_POINT('',(0.32,-4.76,8.38));
#9211 = LINE('',#9212,#9213);
#9212 = CARTESIAN_POINT('',(0.32,-4.76,-3.));
#9213 = VECTOR('',#9214,1.);
#9214 = DIRECTION('',(0.,0.,1.));
#9215 = ORIENTED_EDGE('',*,*,#8404,.T.);
#9216 = ORIENTED_EDGE('',*,*,#9217,.T.);
#9217 = EDGE_CURVE('',#8407,#9218,#9220,.T.);
#9218 = VERTEX_POINT('',#9219);
#9219 = CARTESIAN_POINT('',(-0.32,-4.76,8.38));
#9220 = LINE('',#9221,#9222);
#9221 = CARTESIAN_POINT('',(-0.32,-4.76,-3.));
#9222 = VECTOR('',#9223,1.);
#9223 = DIRECTION('',(0.,0.,1.));
#9224 = ORIENTED_EDGE('',*,*,#9225,.T.);
#9225 = EDGE_CURVE('',#9218,#9209,#9226,.T.);
#9226 = LINE('',#9227,#9228);
#9227 = CARTESIAN_POINT('',(-0.32,-4.76,8.38));
#9228 = VECTOR('',#9229,1.);
#9229 = DIRECTION('',(1.,0.,0.));
#9230 = PLANE('',#9231);
#9231 = AXIS2_PLACEMENT_3D('',#9232,#9233,#9234);
#9232 = CARTESIAN_POINT('',(-0.32,-4.76,-3.));
#9233 = DIRECTION('',(0.,1.,0.));
#9234 = DIRECTION('',(0.,-0.,1.));
#9235 = ADVANCED_FACE('',(#9236),#9254,.F.);
#9236 = FACE_BOUND('',#9237,.F.);
#9237 = EDGE_LOOP('',(#9238,#9246,#9247,#9248));
#9238 = ORIENTED_EDGE('',*,*,#9239,.F.);
#9239 = EDGE_CURVE('',#8423,#9240,#9242,.T.);
#9240 = VERTEX_POINT('',#9241);
#9241 = CARTESIAN_POINT('',(-0.32,-5.4,8.38));
#9242 = LINE('',#9243,#9244);
#9243 = CARTESIAN_POINT('',(-0.32,-5.4,-3.));
#9244 = VECTOR('',#9245,1.);
#9245 = DIRECTION('',(0.,0.,1.));
#9246 = ORIENTED_EDGE('',*,*,#8430,.T.);
#9247 = ORIENTED_EDGE('',*,*,#9217,.T.);
#9248 = ORIENTED_EDGE('',*,*,#9249,.F.);
#9249 = EDGE_CURVE('',#9240,#9218,#9250,.T.);
#9250 = LINE('',#9251,#9252);
#9251 = CARTESIAN_POINT('',(-0.32,-5.4,8.38));
#9252 = VECTOR('',#9253,1.);
#9253 = DIRECTION('',(0.,1.,0.));
#9254 = PLANE('',#9255);
#9255 = AXIS2_PLACEMENT_3D('',#9256,#9257,#9258);
#9256 = CARTESIAN_POINT('',(-0.32,-5.4,-3.));
#9257 = DIRECTION('',(1.,0.,0.));
#9258 = DIRECTION('',(0.,0.,1.));
#9259 = ADVANCED_FACE('',(#9260),#9278,.F.);
#9260 = FACE_BOUND('',#9261,.F.);
#9261 = EDGE_LOOP('',(#9262,#9270,#9271,#9272));
#9262 = ORIENTED_EDGE('',*,*,#9263,.F.);
#9263 = EDGE_CURVE('',#8415,#9264,#9266,.T.);
#9264 = VERTEX_POINT('',#9265);
#9265 = CARTESIAN_POINT('',(0.32,-5.4,8.38));
#9266 = LINE('',#9267,#9268);
#9267 = CARTESIAN_POINT('',(0.32,-5.4,-3.));
#9268 = VECTOR('',#9269,1.);
#9269 = DIRECTION('',(0.,0.,1.));
#9270 = ORIENTED_EDGE('',*,*,#8422,.T.);
#9271 = ORIENTED_EDGE('',*,*,#9239,.T.);
#9272 = ORIENTED_EDGE('',*,*,#9273,.T.);
#9273 = EDGE_CURVE('',#9240,#9264,#9274,.T.);
#9274 = LINE('',#9275,#9276);
#9275 = CARTESIAN_POINT('',(-0.32,-5.4,8.38));
#9276 = VECTOR('',#9277,1.);
#9277 = DIRECTION('',(1.,0.,0.));
#9278 = PLANE('',#9279);
#9279 = AXIS2_PLACEMENT_3D('',#9280,#9281,#9282);
#9280 = CARTESIAN_POINT('',(-0.32,-5.4,-3.));
#9281 = DIRECTION('',(0.,1.,0.));
#9282 = DIRECTION('',(0.,-0.,1.));
#9283 = ADVANCED_FACE('',(#9284),#9295,.T.);
#9284 = FACE_BOUND('',#9285,.T.);
#9285 = EDGE_LOOP('',(#9286,#9287,#9288,#9289));
#9286 = ORIENTED_EDGE('',*,*,#9263,.F.);
#9287 = ORIENTED_EDGE('',*,*,#8414,.T.);
#9288 = ORIENTED_EDGE('',*,*,#9208,.T.);
#9289 = ORIENTED_EDGE('',*,*,#9290,.F.);
#9290 = EDGE_CURVE('',#9264,#9209,#9291,.T.);
#9291 = LINE('',#9292,#9293);
#9292 = CARTESIAN_POINT('',(0.32,-5.4,8.38));
#9293 = VECTOR('',#9294,1.);
#9294 = DIRECTION('',(0.,1.,0.));
#9295 = PLANE('',#9296);
#9296 = AXIS2_PLACEMENT_3D('',#9297,#9298,#9299);
#9297 = CARTESIAN_POINT('',(0.32,-5.4,-3.));
#9298 = DIRECTION('',(1.,0.,0.));
#9299 = DIRECTION('',(0.,0.,1.));
#9300 = ADVANCED_FACE('',(#9301),#9326,.F.);
#9301 = FACE_BOUND('',#9302,.F.);
#9302 = EDGE_LOOP('',(#9303,#9311,#9312,#9320));
#9303 = ORIENTED_EDGE('',*,*,#9304,.F.);
#9304 = EDGE_CURVE('',#8729,#9305,#9307,.T.);
#9305 = VERTEX_POINT('',#9306);
#9306 = CARTESIAN_POINT('',(0.16,-0.16,-3.));
#9307 = LINE('',#9308,#9309);
#9308 = CARTESIAN_POINT('',(0.16,-0.16,-3.));
#9309 = VECTOR('',#9310,1.);
#9310 = DIRECTION('',(-0.57735026919,0.57735026919,-0.57735026919));
#9311 = ORIENTED_EDGE('',*,*,#8736,.T.);
#9312 = ORIENTED_EDGE('',*,*,#9313,.T.);
#9313 = EDGE_CURVE('',#8737,#9314,#9316,.T.);
#9314 = VERTEX_POINT('',#9315);
#9315 = CARTESIAN_POINT('',(0.16,0.16,-3.));
#9316 = LINE('',#9317,#9318);
#9317 = CARTESIAN_POINT('',(5.333333333333E-02,5.333333333333E-02,
    -3.106666666667));
#9318 = VECTOR('',#9319,1.);
#9319 = DIRECTION('',(-0.57735026919,-0.57735026919,-0.57735026919));
#9320 = ORIENTED_EDGE('',*,*,#9321,.F.);
#9321 = EDGE_CURVE('',#9305,#9314,#9322,.T.);
#9322 = LINE('',#9323,#9324);
#9323 = CARTESIAN_POINT('',(0.16,-0.32,-3.));
#9324 = VECTOR('',#9325,1.);
#9325 = DIRECTION('',(0.,1.,0.));
#9326 = PLANE('',#9327);
#9327 = AXIS2_PLACEMENT_3D('',#9328,#9329,#9330);
#9328 = CARTESIAN_POINT('',(0.24,-0.32,-2.92));
#9329 = DIRECTION('',(-0.707106781187,1.735167508357E-18,0.707106781187)
  );
#9330 = DIRECTION('',(1.226948711654E-18,1.,-1.226948711654E-18));
#9331 = ADVANCED_FACE('',(#9332),#9350,.F.);
#9332 = FACE_BOUND('',#9333,.T.);
#9333 = EDGE_LOOP('',(#9334,#9342,#9343,#9344));
#9334 = ORIENTED_EDGE('',*,*,#9335,.F.);
#9335 = EDGE_CURVE('',#8761,#9336,#9338,.T.);
#9336 = VERTEX_POINT('',#9337);
#9337 = CARTESIAN_POINT('',(-0.16,0.16,-3.));
#9338 = LINE('',#9339,#9340);
#9339 = CARTESIAN_POINT('',(-0.16,0.16,-3.));
#9340 = VECTOR('',#9341,1.);
#9341 = DIRECTION('',(0.57735026919,-0.57735026919,-0.57735026919));
#9342 = ORIENTED_EDGE('',*,*,#8760,.T.);
#9343 = ORIENTED_EDGE('',*,*,#9313,.T.);
#9344 = ORIENTED_EDGE('',*,*,#9345,.F.);
#9345 = EDGE_CURVE('',#9336,#9314,#9346,.T.);
#9346 = LINE('',#9347,#9348);
#9347 = CARTESIAN_POINT('',(-0.32,0.16,-3.));
#9348 = VECTOR('',#9349,1.);
#9349 = DIRECTION('',(1.,0.,0.));
#9350 = PLANE('',#9351);
#9351 = AXIS2_PLACEMENT_3D('',#9352,#9353,#9354);
#9352 = CARTESIAN_POINT('',(-0.32,0.24,-2.92));
#9353 = DIRECTION('',(-1.735167508357E-18,-0.707106781187,0.707106781187
    ));
#9354 = DIRECTION('',(-1.,1.226948711654E-18,-1.226948711654E-18));
#9355 = ADVANCED_FACE('',(#9356),#9374,.T.);
#9356 = FACE_BOUND('',#9357,.T.);
#9357 = EDGE_LOOP('',(#9358,#9366,#9367,#9368));
#9358 = ORIENTED_EDGE('',*,*,#9359,.F.);
#9359 = EDGE_CURVE('',#8784,#9360,#9362,.T.);
#9360 = VERTEX_POINT('',#9361);
#9361 = CARTESIAN_POINT('',(-0.16,-0.16,-3.));
#9362 = LINE('',#9363,#9364);
#9363 = CARTESIAN_POINT('',(-0.266666666667,-0.266666666667,
    -2.893333333333));
#9364 = VECTOR('',#9365,1.);
#9365 = DIRECTION('',(0.57735026919,0.57735026919,-0.57735026919));
#9366 = ORIENTED_EDGE('',*,*,#8791,.T.);
#9367 = ORIENTED_EDGE('',*,*,#9335,.T.);
#9368 = ORIENTED_EDGE('',*,*,#9369,.F.);
#9369 = EDGE_CURVE('',#9360,#9336,#9370,.T.);
#9370 = LINE('',#9371,#9372);
#9371 = CARTESIAN_POINT('',(-0.16,-0.32,-3.));
#9372 = VECTOR('',#9373,1.);
#9373 = DIRECTION('',(0.,1.,0.));
#9374 = PLANE('',#9375);
#9375 = AXIS2_PLACEMENT_3D('',#9376,#9377,#9378);
#9376 = CARTESIAN_POINT('',(-0.24,-0.32,-2.92));
#9377 = DIRECTION('',(-0.707106781187,-1.735167508357E-18,
    -0.707106781187));
#9378 = DIRECTION('',(-1.226948711654E-18,1.,-1.226948711654E-18));
#9379 = ADVANCED_FACE('',(#9380),#9391,.T.);
#9380 = FACE_BOUND('',#9381,.F.);
#9381 = EDGE_LOOP('',(#9382,#9383,#9384,#9385));
#9382 = ORIENTED_EDGE('',*,*,#9359,.F.);
#9383 = ORIENTED_EDGE('',*,*,#8808,.T.);
#9384 = ORIENTED_EDGE('',*,*,#9304,.T.);
#9385 = ORIENTED_EDGE('',*,*,#9386,.F.);
#9386 = EDGE_CURVE('',#9360,#9305,#9387,.T.);
#9387 = LINE('',#9388,#9389);
#9388 = CARTESIAN_POINT('',(-0.32,-0.16,-3.));
#9389 = VECTOR('',#9390,1.);
#9390 = DIRECTION('',(1.,0.,0.));
#9391 = PLANE('',#9392);
#9392 = AXIS2_PLACEMENT_3D('',#9393,#9394,#9395);
#9393 = CARTESIAN_POINT('',(-0.32,-0.24,-2.92));
#9394 = DIRECTION('',(1.735167508357E-18,-0.707106781187,-0.707106781187
    ));
#9395 = DIRECTION('',(-1.,-1.226948711654E-18,-1.226948711654E-18));
#9396 = ADVANCED_FACE('',(#9397),#9422,.T.);
#9397 = FACE_BOUND('',#9398,.F.);
#9398 = EDGE_LOOP('',(#9399,#9407,#9408,#9416));
#9399 = ORIENTED_EDGE('',*,*,#9400,.F.);
#9400 = EDGE_CURVE('',#8833,#9401,#9403,.T.);
#9401 = VERTEX_POINT('',#9402);
#9402 = CARTESIAN_POINT('',(-0.16,-2.7,-3.));
#9403 = LINE('',#9404,#9405);
#9404 = CARTESIAN_POINT('',(-0.266666666667,-2.806666666667,
    -2.893333333333));
#9405 = VECTOR('',#9406,1.);
#9406 = DIRECTION('',(0.57735026919,0.57735026919,-0.57735026919));
#9407 = ORIENTED_EDGE('',*,*,#8832,.T.);
#9408 = ORIENTED_EDGE('',*,*,#9409,.T.);
#9409 = EDGE_CURVE('',#8825,#9410,#9412,.T.);
#9410 = VERTEX_POINT('',#9411);
#9411 = CARTESIAN_POINT('',(0.16,-2.7,-3.));
#9412 = LINE('',#9413,#9414);
#9413 = CARTESIAN_POINT('',(0.16,-2.7,-3.));
#9414 = VECTOR('',#9415,1.);
#9415 = DIRECTION('',(-0.57735026919,0.57735026919,-0.57735026919));
#9416 = ORIENTED_EDGE('',*,*,#9417,.F.);
#9417 = EDGE_CURVE('',#9401,#9410,#9418,.T.);
#9418 = LINE('',#9419,#9420);
#9419 = CARTESIAN_POINT('',(-0.32,-2.7,-3.));
#9420 = VECTOR('',#9421,1.);
#9421 = DIRECTION('',(1.,0.,0.));
#9422 = PLANE('',#9423);
#9423 = AXIS2_PLACEMENT_3D('',#9424,#9425,#9426);
#9424 = CARTESIAN_POINT('',(-0.32,-2.78,-2.92));
#9425 = DIRECTION('',(1.735167508357E-18,-0.707106781187,-0.707106781187
    ));
#9426 = DIRECTION('',(-1.,-1.226948711654E-18,-1.226948711654E-18));
#9427 = ADVANCED_FACE('',(#9428),#9446,.F.);
#9428 = FACE_BOUND('',#9429,.F.);
#9429 = EDGE_LOOP('',(#9430,#9431,#9432,#9440));
#9430 = ORIENTED_EDGE('',*,*,#9409,.F.);
#9431 = ORIENTED_EDGE('',*,*,#8856,.T.);
#9432 = ORIENTED_EDGE('',*,*,#9433,.T.);
#9433 = EDGE_CURVE('',#8857,#9434,#9436,.T.);
#9434 = VERTEX_POINT('',#9435);
#9435 = CARTESIAN_POINT('',(0.16,-2.38,-3.));
#9436 = LINE('',#9437,#9438);
#9437 = CARTESIAN_POINT('',(5.333333333333E-02,-2.486666666667,
    -3.106666666667));
#9438 = VECTOR('',#9439,1.);
#9439 = DIRECTION('',(-0.57735026919,-0.57735026919,-0.57735026919));
#9440 = ORIENTED_EDGE('',*,*,#9441,.F.);
#9441 = EDGE_CURVE('',#9410,#9434,#9442,.T.);
#9442 = LINE('',#9443,#9444);
#9443 = CARTESIAN_POINT('',(0.16,-2.86,-3.));
#9444 = VECTOR('',#9445,1.);
#9445 = DIRECTION('',(0.,1.,0.));
#9446 = PLANE('',#9447);
#9447 = AXIS2_PLACEMENT_3D('',#9448,#9449,#9450);
#9448 = CARTESIAN_POINT('',(0.24,-2.86,-2.92));
#9449 = DIRECTION('',(-0.707106781187,1.735167508357E-18,0.707106781187)
  );
#9450 = DIRECTION('',(1.226948711654E-18,1.,-1.226948711654E-18));
#9451 = ADVANCED_FACE('',(#9452),#9470,.F.);
#9452 = FACE_BOUND('',#9453,.T.);
#9453 = EDGE_LOOP('',(#9454,#9462,#9463,#9464));
#9454 = ORIENTED_EDGE('',*,*,#9455,.F.);
#9455 = EDGE_CURVE('',#8881,#9456,#9458,.T.);
#9456 = VERTEX_POINT('',#9457);
#9457 = CARTESIAN_POINT('',(-0.16,-2.38,-3.));
#9458 = LINE('',#9459,#9460);
#9459 = CARTESIAN_POINT('',(-0.16,-2.38,-3.));
#9460 = VECTOR('',#9461,1.);
#9461 = DIRECTION('',(0.57735026919,-0.57735026919,-0.57735026919));
#9462 = ORIENTED_EDGE('',*,*,#8880,.T.);
#9463 = ORIENTED_EDGE('',*,*,#9433,.T.);
#9464 = ORIENTED_EDGE('',*,*,#9465,.F.);
#9465 = EDGE_CURVE('',#9456,#9434,#9466,.T.);
#9466 = LINE('',#9467,#9468);
#9467 = CARTESIAN_POINT('',(-0.32,-2.38,-3.));
#9468 = VECTOR('',#9469,1.);
#9469 = DIRECTION('',(1.,0.,0.));
#9470 = PLANE('',#9471);
#9471 = AXIS2_PLACEMENT_3D('',#9472,#9473,#9474);
#9472 = CARTESIAN_POINT('',(-0.32,-2.3,-2.92));
#9473 = DIRECTION('',(-1.735167508357E-18,-0.707106781187,0.707106781187
    ));
#9474 = DIRECTION('',(-1.,1.226948711654E-18,-1.226948711654E-18));
#9475 = ADVANCED_FACE('',(#9476),#9487,.T.);
#9476 = FACE_BOUND('',#9477,.T.);
#9477 = EDGE_LOOP('',(#9478,#9479,#9480,#9481));
#9478 = ORIENTED_EDGE('',*,*,#9400,.F.);
#9479 = ORIENTED_EDGE('',*,*,#8904,.T.);
#9480 = ORIENTED_EDGE('',*,*,#9455,.T.);
#9481 = ORIENTED_EDGE('',*,*,#9482,.F.);
#9482 = EDGE_CURVE('',#9401,#9456,#9483,.T.);
#9483 = LINE('',#9484,#9485);
#9484 = CARTESIAN_POINT('',(-0.16,-2.86,-3.));
#9485 = VECTOR('',#9486,1.);
#9486 = DIRECTION('',(0.,1.,0.));
#9487 = PLANE('',#9488);
#9488 = AXIS2_PLACEMENT_3D('',#9489,#9490,#9491);
#9489 = CARTESIAN_POINT('',(-0.24,-2.86,-2.92));
#9490 = DIRECTION('',(-0.707106781187,-1.735167508357E-18,
    -0.707106781187));
#9491 = DIRECTION('',(-1.226948711654E-18,1.,-1.226948711654E-18));
#9492 = ADVANCED_FACE('',(#9493),#9518,.F.);
#9493 = FACE_BOUND('',#9494,.T.);
#9494 = EDGE_LOOP('',(#9495,#9503,#9504,#9512));
#9495 = ORIENTED_EDGE('',*,*,#9496,.F.);
#9496 = EDGE_CURVE('',#8929,#9497,#9499,.T.);
#9497 = VERTEX_POINT('',#9498);
#9498 = CARTESIAN_POINT('',(-0.16,-4.92,-3.));
#9499 = LINE('',#9500,#9501);
#9500 = CARTESIAN_POINT('',(-0.16,-4.92,-3.));
#9501 = VECTOR('',#9502,1.);
#9502 = DIRECTION('',(0.57735026919,-0.57735026919,-0.57735026919));
#9503 = ORIENTED_EDGE('',*,*,#8928,.T.);
#9504 = ORIENTED_EDGE('',*,*,#9505,.T.);
#9505 = EDGE_CURVE('',#8921,#9506,#9508,.T.);
#9506 = VERTEX_POINT('',#9507);
#9507 = CARTESIAN_POINT('',(0.16,-4.92,-3.));
#9508 = LINE('',#9509,#9510);
#9509 = CARTESIAN_POINT('',(5.333333333333E-02,-5.026666666667,
    -3.106666666667));
#9510 = VECTOR('',#9511,1.);
#9511 = DIRECTION('',(-0.57735026919,-0.57735026919,-0.57735026919));
#9512 = ORIENTED_EDGE('',*,*,#9513,.F.);
#9513 = EDGE_CURVE('',#9497,#9506,#9514,.T.);
#9514 = LINE('',#9515,#9516);
#9515 = CARTESIAN_POINT('',(-0.32,-4.92,-3.));
#9516 = VECTOR('',#9517,1.);
#9517 = DIRECTION('',(1.,0.,0.));
#9518 = PLANE('',#9519);
#9519 = AXIS2_PLACEMENT_3D('',#9520,#9521,#9522);
#9520 = CARTESIAN_POINT('',(-0.32,-4.84,-2.92));
#9521 = DIRECTION('',(-1.735167508357E-18,-0.707106781187,0.707106781187
    ));
#9522 = DIRECTION('',(-1.,1.226948711654E-18,-1.226948711654E-18));
#9523 = ADVANCED_FACE('',(#9524),#9542,.T.);
#9524 = FACE_BOUND('',#9525,.T.);
#9525 = EDGE_LOOP('',(#9526,#9534,#9535,#9536));
#9526 = ORIENTED_EDGE('',*,*,#9527,.F.);
#9527 = EDGE_CURVE('',#8952,#9528,#9530,.T.);
#9528 = VERTEX_POINT('',#9529);
#9529 = CARTESIAN_POINT('',(-0.16,-5.24,-3.));
#9530 = LINE('',#9531,#9532);
#9531 = CARTESIAN_POINT('',(-0.266666666667,-5.346666666667,
    -2.893333333333));
#9532 = VECTOR('',#9533,1.);
#9533 = DIRECTION('',(0.57735026919,0.57735026919,-0.57735026919));
#9534 = ORIENTED_EDGE('',*,*,#8959,.T.);
#9535 = ORIENTED_EDGE('',*,*,#9496,.T.);
#9536 = ORIENTED_EDGE('',*,*,#9537,.F.);
#9537 = EDGE_CURVE('',#9528,#9497,#9538,.T.);
#9538 = LINE('',#9539,#9540);
#9539 = CARTESIAN_POINT('',(-0.16,-5.4,-3.));
#9540 = VECTOR('',#9541,1.);
#9541 = DIRECTION('',(0.,1.,0.));
#9542 = PLANE('',#9543);
#9543 = AXIS2_PLACEMENT_3D('',#9544,#9545,#9546);
#9544 = CARTESIAN_POINT('',(-0.24,-5.4,-2.92));
#9545 = DIRECTION('',(-0.707106781187,-1.735167508357E-18,
    -0.707106781187));
#9546 = DIRECTION('',(-1.226948711654E-18,1.,-1.226948711654E-18));
#9547 = ADVANCED_FACE('',(#9548),#9566,.T.);
#9548 = FACE_BOUND('',#9549,.F.);
#9549 = EDGE_LOOP('',(#9550,#9551,#9552,#9560));
#9550 = ORIENTED_EDGE('',*,*,#9527,.F.);
#9551 = ORIENTED_EDGE('',*,*,#8983,.T.);
#9552 = ORIENTED_EDGE('',*,*,#9553,.T.);
#9553 = EDGE_CURVE('',#8976,#9554,#9556,.T.);
#9554 = VERTEX_POINT('',#9555);
#9555 = CARTESIAN_POINT('',(0.16,-5.24,-3.));
#9556 = LINE('',#9557,#9558);
#9557 = CARTESIAN_POINT('',(0.16,-5.24,-3.));
#9558 = VECTOR('',#9559,1.);
#9559 = DIRECTION('',(-0.57735026919,0.57735026919,-0.57735026919));
#9560 = ORIENTED_EDGE('',*,*,#9561,.F.);
#9561 = EDGE_CURVE('',#9528,#9554,#9562,.T.);
#9562 = LINE('',#9563,#9564);
#9563 = CARTESIAN_POINT('',(-0.32,-5.24,-3.));
#9564 = VECTOR('',#9565,1.);
#9565 = DIRECTION('',(1.,0.,0.));
#9566 = PLANE('',#9567);
#9567 = AXIS2_PLACEMENT_3D('',#9568,#9569,#9570);
#9568 = CARTESIAN_POINT('',(-0.32,-5.32,-2.92));
#9569 = DIRECTION('',(1.735167508357E-18,-0.707106781187,-0.707106781187
    ));
#9570 = DIRECTION('',(-1.,-1.226948711654E-18,-1.226948711654E-18));
#9571 = ADVANCED_FACE('',(#9572),#9583,.F.);
#9572 = FACE_BOUND('',#9573,.F.);
#9573 = EDGE_LOOP('',(#9574,#9575,#9576,#9577));
#9574 = ORIENTED_EDGE('',*,*,#9553,.F.);
#9575 = ORIENTED_EDGE('',*,*,#9000,.T.);
#9576 = ORIENTED_EDGE('',*,*,#9505,.T.);
#9577 = ORIENTED_EDGE('',*,*,#9578,.F.);
#9578 = EDGE_CURVE('',#9554,#9506,#9579,.T.);
#9579 = LINE('',#9580,#9581);
#9580 = CARTESIAN_POINT('',(0.16,-5.4,-3.));
#9581 = VECTOR('',#9582,1.);
#9582 = DIRECTION('',(0.,1.,0.));
#9583 = PLANE('',#9584);
#9584 = AXIS2_PLACEMENT_3D('',#9585,#9586,#9587);
#9585 = CARTESIAN_POINT('',(0.24,-5.4,-2.92));
#9586 = DIRECTION('',(-0.707106781187,1.735167508357E-18,0.707106781187)
  );
#9587 = DIRECTION('',(1.226948711654E-18,1.,-1.226948711654E-18));
#9588 = ADVANCED_FACE('',(#9589),#9614,.T.);
#9589 = FACE_BOUND('',#9590,.T.);
#9590 = EDGE_LOOP('',(#9591,#9599,#9600,#9608));
#9591 = ORIENTED_EDGE('',*,*,#9592,.F.);
#9592 = EDGE_CURVE('',#9017,#9593,#9595,.T.);
#9593 = VERTEX_POINT('',#9594);
#9594 = CARTESIAN_POINT('',(0.16,-0.16,8.54));
#9595 = LINE('',#9596,#9597);
#9596 = CARTESIAN_POINT('',(0.16,-0.16,8.54));
#9597 = VECTOR('',#9598,1.);
#9598 = DIRECTION('',(-0.57735026919,0.57735026919,0.57735026919));
#9599 = ORIENTED_EDGE('',*,*,#9033,.T.);
#9600 = ORIENTED_EDGE('',*,*,#9601,.T.);
#9601 = EDGE_CURVE('',#9026,#9602,#9604,.T.);
#9602 = VERTEX_POINT('',#9603);
#9603 = CARTESIAN_POINT('',(0.16,0.16,8.54));
#9604 = LINE('',#9605,#9606);
#9605 = CARTESIAN_POINT('',(5.333333333333E-02,5.333333333333E-02,
    8.646666666667));
#9606 = VECTOR('',#9607,1.);
#9607 = DIRECTION('',(-0.57735026919,-0.57735026919,0.57735026919));
#9608 = ORIENTED_EDGE('',*,*,#9609,.F.);
#9609 = EDGE_CURVE('',#9593,#9602,#9610,.T.);
#9610 = LINE('',#9611,#9612);
#9611 = CARTESIAN_POINT('',(0.16,-0.32,8.54));
#9612 = VECTOR('',#9613,1.);
#9613 = DIRECTION('',(0.,1.,0.));
#9614 = PLANE('',#9615);
#9615 = AXIS2_PLACEMENT_3D('',#9616,#9617,#9618);
#9616 = CARTESIAN_POINT('',(0.24,-0.32,8.46));
#9617 = DIRECTION('',(0.707106781187,-1.735167508357E-18,0.707106781187)
  );
#9618 = DIRECTION('',(1.226948711654E-18,1.,1.226948711654E-18));
#9619 = ADVANCED_FACE('',(#9620),#9638,.T.);
#9620 = FACE_BOUND('',#9621,.F.);
#9621 = EDGE_LOOP('',(#9622,#9630,#9631,#9632));
#9622 = ORIENTED_EDGE('',*,*,#9623,.F.);
#9623 = EDGE_CURVE('',#9050,#9624,#9626,.T.);
#9624 = VERTEX_POINT('',#9625);
#9625 = CARTESIAN_POINT('',(-0.16,0.16,8.54));
#9626 = LINE('',#9627,#9628);
#9627 = CARTESIAN_POINT('',(-0.16,0.16,8.54));
#9628 = VECTOR('',#9629,1.);
#9629 = DIRECTION('',(0.57735026919,-0.57735026919,0.57735026919));
#9630 = ORIENTED_EDGE('',*,*,#9057,.T.);
#9631 = ORIENTED_EDGE('',*,*,#9601,.T.);
#9632 = ORIENTED_EDGE('',*,*,#9633,.F.);
#9633 = EDGE_CURVE('',#9624,#9602,#9634,.T.);
#9634 = LINE('',#9635,#9636);
#9635 = CARTESIAN_POINT('',(-0.32,0.16,8.54));
#9636 = VECTOR('',#9637,1.);
#9637 = DIRECTION('',(1.,0.,0.));
#9638 = PLANE('',#9639);
#9639 = AXIS2_PLACEMENT_3D('',#9640,#9641,#9642);
#9640 = CARTESIAN_POINT('',(-0.32,0.24,8.46));
#9641 = DIRECTION('',(1.735167508357E-18,0.707106781187,0.707106781187)
  );
#9642 = DIRECTION('',(-1.,1.226948711654E-18,1.226948711654E-18));
#9643 = ADVANCED_FACE('',(#9644),#9662,.F.);
#9644 = FACE_BOUND('',#9645,.F.);
#9645 = EDGE_LOOP('',(#9646,#9654,#9655,#9656));
#9646 = ORIENTED_EDGE('',*,*,#9647,.F.);
#9647 = EDGE_CURVE('',#9072,#9648,#9650,.T.);
#9648 = VERTEX_POINT('',#9649);
#9649 = CARTESIAN_POINT('',(-0.16,-0.16,8.54));
#9650 = LINE('',#9651,#9652);
#9651 = CARTESIAN_POINT('',(-0.266666666667,-0.266666666667,
    8.433333333333));
#9652 = VECTOR('',#9653,1.);
#9653 = DIRECTION('',(0.57735026919,0.57735026919,0.57735026919));
#9654 = ORIENTED_EDGE('',*,*,#9081,.T.);
#9655 = ORIENTED_EDGE('',*,*,#9623,.T.);
#9656 = ORIENTED_EDGE('',*,*,#9657,.F.);
#9657 = EDGE_CURVE('',#9648,#9624,#9658,.T.);
#9658 = LINE('',#9659,#9660);
#9659 = CARTESIAN_POINT('',(-0.16,-0.32,8.54));
#9660 = VECTOR('',#9661,1.);
#9661 = DIRECTION('',(0.,1.,0.));
#9662 = PLANE('',#9663);
#9663 = AXIS2_PLACEMENT_3D('',#9664,#9665,#9666);
#9664 = CARTESIAN_POINT('',(-0.24,-0.32,8.46));
#9665 = DIRECTION('',(0.707106781187,1.735167508357E-18,-0.707106781187)
  );
#9666 = DIRECTION('',(-1.226948711654E-18,1.,1.226948711654E-18));
#9667 = ADVANCED_FACE('',(#9668),#9679,.F.);
#9668 = FACE_BOUND('',#9669,.T.);
#9669 = EDGE_LOOP('',(#9670,#9671,#9672,#9673));
#9670 = ORIENTED_EDGE('',*,*,#9647,.F.);
#9671 = ORIENTED_EDGE('',*,*,#9098,.T.);
#9672 = ORIENTED_EDGE('',*,*,#9592,.T.);
#9673 = ORIENTED_EDGE('',*,*,#9674,.F.);
#9674 = EDGE_CURVE('',#9648,#9593,#9675,.T.);
#9675 = LINE('',#9676,#9677);
#9676 = CARTESIAN_POINT('',(-0.32,-0.16,8.54));
#9677 = VECTOR('',#9678,1.);
#9678 = DIRECTION('',(1.,0.,0.));
#9679 = PLANE('',#9680);
#9680 = AXIS2_PLACEMENT_3D('',#9681,#9682,#9683);
#9681 = CARTESIAN_POINT('',(-0.32,-0.24,8.46));
#9682 = DIRECTION('',(-1.735167508357E-18,0.707106781187,-0.707106781187
    ));
#9683 = DIRECTION('',(-1.,-1.226948711654E-18,1.226948711654E-18));
#9684 = ADVANCED_FACE('',(#9685),#9710,.F.);
#9685 = FACE_BOUND('',#9686,.T.);
#9686 = EDGE_LOOP('',(#9687,#9695,#9696,#9704));
#9687 = ORIENTED_EDGE('',*,*,#9688,.F.);
#9688 = EDGE_CURVE('',#9122,#9689,#9691,.T.);
#9689 = VERTEX_POINT('',#9690);
#9690 = CARTESIAN_POINT('',(-0.16,-2.7,8.54));
#9691 = LINE('',#9692,#9693);
#9692 = CARTESIAN_POINT('',(-0.266666666667,-2.806666666667,
    8.433333333333));
#9693 = VECTOR('',#9694,1.);
#9694 = DIRECTION('',(0.57735026919,0.57735026919,0.57735026919));
#9695 = ORIENTED_EDGE('',*,*,#9129,.T.);
#9696 = ORIENTED_EDGE('',*,*,#9697,.T.);
#9697 = EDGE_CURVE('',#9113,#9698,#9700,.T.);
#9698 = VERTEX_POINT('',#9699);
#9699 = CARTESIAN_POINT('',(0.16,-2.7,8.54));
#9700 = LINE('',#9701,#9702);
#9701 = CARTESIAN_POINT('',(0.16,-2.7,8.54));
#9702 = VECTOR('',#9703,1.);
#9703 = DIRECTION('',(-0.57735026919,0.57735026919,0.57735026919));
#9704 = ORIENTED_EDGE('',*,*,#9705,.F.);
#9705 = EDGE_CURVE('',#9689,#9698,#9706,.T.);
#9706 = LINE('',#9707,#9708);
#9707 = CARTESIAN_POINT('',(-0.32,-2.7,8.54));
#9708 = VECTOR('',#9709,1.);
#9709 = DIRECTION('',(1.,0.,0.));
#9710 = PLANE('',#9711);
#9711 = AXIS2_PLACEMENT_3D('',#9712,#9713,#9714);
#9712 = CARTESIAN_POINT('',(-0.32,-2.78,8.46));
#9713 = DIRECTION('',(-1.735167508357E-18,0.707106781187,-0.707106781187
    ));
#9714 = DIRECTION('',(-1.,-1.226948711654E-18,1.226948711654E-18));
#9715 = ADVANCED_FACE('',(#9716),#9734,.T.);
#9716 = FACE_BOUND('',#9717,.T.);
#9717 = EDGE_LOOP('',(#9718,#9719,#9720,#9728));
#9718 = ORIENTED_EDGE('',*,*,#9697,.F.);
#9719 = ORIENTED_EDGE('',*,*,#9153,.T.);
#9720 = ORIENTED_EDGE('',*,*,#9721,.T.);
#9721 = EDGE_CURVE('',#9146,#9722,#9724,.T.);
#9722 = VERTEX_POINT('',#9723);
#9723 = CARTESIAN_POINT('',(0.16,-2.38,8.54));
#9724 = LINE('',#9725,#9726);
#9725 = CARTESIAN_POINT('',(5.333333333333E-02,-2.486666666667,
    8.646666666667));
#9726 = VECTOR('',#9727,1.);
#9727 = DIRECTION('',(-0.57735026919,-0.57735026919,0.57735026919));
#9728 = ORIENTED_EDGE('',*,*,#9729,.F.);
#9729 = EDGE_CURVE('',#9698,#9722,#9730,.T.);
#9730 = LINE('',#9731,#9732);
#9731 = CARTESIAN_POINT('',(0.16,-2.86,8.54));
#9732 = VECTOR('',#9733,1.);
#9733 = DIRECTION('',(0.,1.,0.));
#9734 = PLANE('',#9735);
#9735 = AXIS2_PLACEMENT_3D('',#9736,#9737,#9738);
#9736 = CARTESIAN_POINT('',(0.24,-2.86,8.46));
#9737 = DIRECTION('',(0.707106781187,-1.735167508357E-18,0.707106781187)
  );
#9738 = DIRECTION('',(1.226948711654E-18,1.,1.226948711654E-18));
#9739 = ADVANCED_FACE('',(#9740),#9758,.T.);
#9740 = FACE_BOUND('',#9741,.F.);
#9741 = EDGE_LOOP('',(#9742,#9750,#9751,#9752));
#9742 = ORIENTED_EDGE('',*,*,#9743,.F.);
#9743 = EDGE_CURVE('',#9170,#9744,#9746,.T.);
#9744 = VERTEX_POINT('',#9745);
#9745 = CARTESIAN_POINT('',(-0.16,-2.38,8.54));
#9746 = LINE('',#9747,#9748);
#9747 = CARTESIAN_POINT('',(-0.16,-2.38,8.54));
#9748 = VECTOR('',#9749,1.);
#9749 = DIRECTION('',(0.57735026919,-0.57735026919,0.57735026919));
#9750 = ORIENTED_EDGE('',*,*,#9177,.T.);
#9751 = ORIENTED_EDGE('',*,*,#9721,.T.);
#9752 = ORIENTED_EDGE('',*,*,#9753,.F.);
#9753 = EDGE_CURVE('',#9744,#9722,#9754,.T.);
#9754 = LINE('',#9755,#9756);
#9755 = CARTESIAN_POINT('',(-0.32,-2.38,8.54));
#9756 = VECTOR('',#9757,1.);
#9757 = DIRECTION('',(1.,0.,0.));
#9758 = PLANE('',#9759);
#9759 = AXIS2_PLACEMENT_3D('',#9760,#9761,#9762);
#9760 = CARTESIAN_POINT('',(-0.32,-2.3,8.46));
#9761 = DIRECTION('',(1.735167508357E-18,0.707106781187,0.707106781187)
  );
#9762 = DIRECTION('',(-1.,1.226948711654E-18,1.226948711654E-18));
#9763 = ADVANCED_FACE('',(#9764),#9775,.F.);
#9764 = FACE_BOUND('',#9765,.F.);
#9765 = EDGE_LOOP('',(#9766,#9767,#9768,#9769));
#9766 = ORIENTED_EDGE('',*,*,#9688,.F.);
#9767 = ORIENTED_EDGE('',*,*,#9194,.T.);
#9768 = ORIENTED_EDGE('',*,*,#9743,.T.);
#9769 = ORIENTED_EDGE('',*,*,#9770,.F.);
#9770 = EDGE_CURVE('',#9689,#9744,#9771,.T.);
#9771 = LINE('',#9772,#9773);
#9772 = CARTESIAN_POINT('',(-0.16,-2.86,8.54));
#9773 = VECTOR('',#9774,1.);
#9774 = DIRECTION('',(0.,1.,0.));
#9775 = PLANE('',#9776);
#9776 = AXIS2_PLACEMENT_3D('',#9777,#9778,#9779);
#9777 = CARTESIAN_POINT('',(-0.24,-2.86,8.46));
#9778 = DIRECTION('',(0.707106781187,1.735167508357E-18,-0.707106781187)
  );
#9779 = DIRECTION('',(-1.226948711654E-18,1.,1.226948711654E-18));
#9780 = ADVANCED_FACE('',(#9781),#9806,.T.);
#9781 = FACE_BOUND('',#9782,.F.);
#9782 = EDGE_LOOP('',(#9783,#9791,#9792,#9800));
#9783 = ORIENTED_EDGE('',*,*,#9784,.F.);
#9784 = EDGE_CURVE('',#9218,#9785,#9787,.T.);
#9785 = VERTEX_POINT('',#9786);
#9786 = CARTESIAN_POINT('',(-0.16,-4.92,8.54));
#9787 = LINE('',#9788,#9789);
#9788 = CARTESIAN_POINT('',(-0.16,-4.92,8.54));
#9789 = VECTOR('',#9790,1.);
#9790 = DIRECTION('',(0.57735026919,-0.57735026919,0.57735026919));
#9791 = ORIENTED_EDGE('',*,*,#9225,.T.);
#9792 = ORIENTED_EDGE('',*,*,#9793,.T.);
#9793 = EDGE_CURVE('',#9209,#9794,#9796,.T.);
#9794 = VERTEX_POINT('',#9795);
#9795 = CARTESIAN_POINT('',(0.16,-4.92,8.54));
#9796 = LINE('',#9797,#9798);
#9797 = CARTESIAN_POINT('',(5.333333333333E-02,-5.026666666667,
    8.646666666667));
#9798 = VECTOR('',#9799,1.);
#9799 = DIRECTION('',(-0.57735026919,-0.57735026919,0.57735026919));
#9800 = ORIENTED_EDGE('',*,*,#9801,.F.);
#9801 = EDGE_CURVE('',#9785,#9794,#9802,.T.);
#9802 = LINE('',#9803,#9804);
#9803 = CARTESIAN_POINT('',(-0.32,-4.92,8.54));
#9804 = VECTOR('',#9805,1.);
#9805 = DIRECTION('',(1.,0.,0.));
#9806 = PLANE('',#9807);
#9807 = AXIS2_PLACEMENT_3D('',#9808,#9809,#9810);
#9808 = CARTESIAN_POINT('',(-0.32,-4.84,8.46));
#9809 = DIRECTION('',(1.735167508357E-18,0.707106781187,0.707106781187)
  );
#9810 = DIRECTION('',(-1.,1.226948711654E-18,1.226948711654E-18));
#9811 = ADVANCED_FACE('',(#9812),#9830,.F.);
#9812 = FACE_BOUND('',#9813,.F.);
#9813 = EDGE_LOOP('',(#9814,#9822,#9823,#9824));
#9814 = ORIENTED_EDGE('',*,*,#9815,.F.);
#9815 = EDGE_CURVE('',#9240,#9816,#9818,.T.);
#9816 = VERTEX_POINT('',#9817);
#9817 = CARTESIAN_POINT('',(-0.16,-5.24,8.54));
#9818 = LINE('',#9819,#9820);
#9819 = CARTESIAN_POINT('',(-0.266666666667,-5.346666666667,
    8.433333333333));
#9820 = VECTOR('',#9821,1.);
#9821 = DIRECTION('',(0.57735026919,0.57735026919,0.57735026919));
#9822 = ORIENTED_EDGE('',*,*,#9249,.T.);
#9823 = ORIENTED_EDGE('',*,*,#9784,.T.);
#9824 = ORIENTED_EDGE('',*,*,#9825,.F.);
#9825 = EDGE_CURVE('',#9816,#9785,#9826,.T.);
#9826 = LINE('',#9827,#9828);
#9827 = CARTESIAN_POINT('',(-0.16,-5.4,8.54));
#9828 = VECTOR('',#9829,1.);
#9829 = DIRECTION('',(0.,1.,0.));
#9830 = PLANE('',#9831);
#9831 = AXIS2_PLACEMENT_3D('',#9832,#9833,#9834);
#9832 = CARTESIAN_POINT('',(-0.24,-5.4,8.46));
#9833 = DIRECTION('',(0.707106781187,1.735167508357E-18,-0.707106781187)
  );
#9834 = DIRECTION('',(-1.226948711654E-18,1.,1.226948711654E-18));
#9835 = ADVANCED_FACE('',(#9836),#9854,.F.);
#9836 = FACE_BOUND('',#9837,.T.);
#9837 = EDGE_LOOP('',(#9838,#9839,#9840,#9848));
#9838 = ORIENTED_EDGE('',*,*,#9815,.F.);
#9839 = ORIENTED_EDGE('',*,*,#9273,.T.);
#9840 = ORIENTED_EDGE('',*,*,#9841,.T.);
#9841 = EDGE_CURVE('',#9264,#9842,#9844,.T.);
#9842 = VERTEX_POINT('',#9843);
#9843 = CARTESIAN_POINT('',(0.16,-5.24,8.54));
#9844 = LINE('',#9845,#9846);
#9845 = CARTESIAN_POINT('',(0.16,-5.24,8.54));
#9846 = VECTOR('',#9847,1.);
#9847 = DIRECTION('',(-0.57735026919,0.57735026919,0.57735026919));
#9848 = ORIENTED_EDGE('',*,*,#9849,.F.);
#9849 = EDGE_CURVE('',#9816,#9842,#9850,.T.);
#9850 = LINE('',#9851,#9852);
#9851 = CARTESIAN_POINT('',(-0.32,-5.24,8.54));
#9852 = VECTOR('',#9853,1.);
#9853 = DIRECTION('',(1.,0.,0.));
#9854 = PLANE('',#9855);
#9855 = AXIS2_PLACEMENT_3D('',#9856,#9857,#9858);
#9856 = CARTESIAN_POINT('',(-0.32,-5.32,8.46));
#9857 = DIRECTION('',(-1.735167508357E-18,0.707106781187,-0.707106781187
    ));
#9858 = DIRECTION('',(-1.,-1.226948711654E-18,1.226948711654E-18));
#9859 = ADVANCED_FACE('',(#9860),#9871,.T.);
#9860 = FACE_BOUND('',#9861,.T.);
#9861 = EDGE_LOOP('',(#9862,#9863,#9864,#9865));
#9862 = ORIENTED_EDGE('',*,*,#9841,.F.);
#9863 = ORIENTED_EDGE('',*,*,#9290,.T.);
#9864 = ORIENTED_EDGE('',*,*,#9793,.T.);
#9865 = ORIENTED_EDGE('',*,*,#9866,.F.);
#9866 = EDGE_CURVE('',#9842,#9794,#9867,.T.);
#9867 = LINE('',#9868,#9869);
#9868 = CARTESIAN_POINT('',(0.16,-5.4,8.54));
#9869 = VECTOR('',#9870,1.);
#9870 = DIRECTION('',(0.,1.,0.));
#9871 = PLANE('',#9872);
#9872 = AXIS2_PLACEMENT_3D('',#9873,#9874,#9875);
#9873 = CARTESIAN_POINT('',(0.24,-5.4,8.46));
#9874 = DIRECTION('',(0.707106781187,-1.735167508357E-18,0.707106781187)
  );
#9875 = DIRECTION('',(1.226948711654E-18,1.,1.226948711654E-18));
#9876 = ADVANCED_FACE('',(#9877),#9883,.F.);
#9877 = FACE_BOUND('',#9878,.F.);
#9878 = EDGE_LOOP('',(#9879,#9880,#9881,#9882));
#9879 = ORIENTED_EDGE('',*,*,#9345,.F.);
#9880 = ORIENTED_EDGE('',*,*,#9369,.F.);
#9881 = ORIENTED_EDGE('',*,*,#9386,.T.);
#9882 = ORIENTED_EDGE('',*,*,#9321,.T.);
#9883 = PLANE('',#9884);
#9884 = AXIS2_PLACEMENT_3D('',#9885,#9886,#9887);
#9885 = CARTESIAN_POINT('',(-0.32,-0.32,-3.));
#9886 = DIRECTION('',(0.,0.,1.));
#9887 = DIRECTION('',(1.,0.,-0.));
#9888 = ADVANCED_FACE('',(#9889),#9895,.F.);
#9889 = FACE_BOUND('',#9890,.F.);
#9890 = EDGE_LOOP('',(#9891,#9892,#9893,#9894));
#9891 = ORIENTED_EDGE('',*,*,#9465,.F.);
#9892 = ORIENTED_EDGE('',*,*,#9482,.F.);
#9893 = ORIENTED_EDGE('',*,*,#9417,.T.);
#9894 = ORIENTED_EDGE('',*,*,#9441,.T.);
#9895 = PLANE('',#9896);
#9896 = AXIS2_PLACEMENT_3D('',#9897,#9898,#9899);
#9897 = CARTESIAN_POINT('',(-0.32,-2.86,-3.));
#9898 = DIRECTION('',(0.,0.,1.));
#9899 = DIRECTION('',(1.,0.,-0.));
#9900 = ADVANCED_FACE('',(#9901),#9907,.F.);
#9901 = FACE_BOUND('',#9902,.F.);
#9902 = EDGE_LOOP('',(#9903,#9904,#9905,#9906));
#9903 = ORIENTED_EDGE('',*,*,#9513,.F.);
#9904 = ORIENTED_EDGE('',*,*,#9537,.F.);
#9905 = ORIENTED_EDGE('',*,*,#9561,.T.);
#9906 = ORIENTED_EDGE('',*,*,#9578,.T.);
#9907 = PLANE('',#9908);
#9908 = AXIS2_PLACEMENT_3D('',#9909,#9910,#9911);
#9909 = CARTESIAN_POINT('',(-0.32,-5.4,-3.));
#9910 = DIRECTION('',(0.,0.,1.));
#9911 = DIRECTION('',(1.,0.,-0.));
#9912 = ADVANCED_FACE('',(#9913),#9919,.T.);
#9913 = FACE_BOUND('',#9914,.T.);
#9914 = EDGE_LOOP('',(#9915,#9916,#9917,#9918));
#9915 = ORIENTED_EDGE('',*,*,#9674,.T.);
#9916 = ORIENTED_EDGE('',*,*,#9609,.T.);
#9917 = ORIENTED_EDGE('',*,*,#9633,.F.);
#9918 = ORIENTED_EDGE('',*,*,#9657,.F.);
#9919 = PLANE('',#9920);
#9920 = AXIS2_PLACEMENT_3D('',#9921,#9922,#9923);
#9921 = CARTESIAN_POINT('',(-0.32,-0.32,8.54));
#9922 = DIRECTION('',(0.,0.,1.));
#9923 = DIRECTION('',(1.,0.,-0.));
#9924 = ADVANCED_FACE('',(#9925),#9931,.T.);
#9925 = FACE_BOUND('',#9926,.T.);
#9926 = EDGE_LOOP('',(#9927,#9928,#9929,#9930));
#9927 = ORIENTED_EDGE('',*,*,#9705,.T.);
#9928 = ORIENTED_EDGE('',*,*,#9729,.T.);
#9929 = ORIENTED_EDGE('',*,*,#9753,.F.);
#9930 = ORIENTED_EDGE('',*,*,#9770,.F.);
#9931 = PLANE('',#9932);
#9932 = AXIS2_PLACEMENT_3D('',#9933,#9934,#9935);
#9933 = CARTESIAN_POINT('',(-0.32,-2.86,8.54));
#9934 = DIRECTION('',(0.,0.,1.));
#9935 = DIRECTION('',(1.,0.,-0.));
#9936 = ADVANCED_FACE('',(#9937),#9943,.T.);
#9937 = FACE_BOUND('',#9938,.T.);
#9938 = EDGE_LOOP('',(#9939,#9940,#9941,#9942));
#9939 = ORIENTED_EDGE('',*,*,#9849,.T.);
#9940 = ORIENTED_EDGE('',*,*,#9866,.T.);
#9941 = ORIENTED_EDGE('',*,*,#9801,.F.);
#9942 = ORIENTED_EDGE('',*,*,#9825,.F.);
#9943 = PLANE('',#9944);
#9944 = AXIS2_PLACEMENT_3D('',#9945,#9946,#9947);
#9945 = CARTESIAN_POINT('',(-0.32,-5.4,8.54));
#9946 = DIRECTION('',(0.,0.,1.));
#9947 = DIRECTION('',(1.,0.,-0.));
#9948 = ( GEOMETRIC_REPRESENTATION_CONTEXT(3) 
GLOBAL_UNCERTAINTY_ASSIGNED_CONTEXT((#9952)) 
GLOBAL_UNIT_ASSIGNED_CONTEXT((#9949,#9950,#9951)) REPRESENTATION_CONTEXT
('Context #1','3D Context with UNIT and UNCERTAINTY') );
#9949 = ( LENGTH_UNIT() NAMED_UNIT(*) SI_UNIT(.MILLI.,.METRE.) );
#9950 = ( NAMED_UNIT(*) PLANE_ANGLE_UNIT() SI_UNIT($,.RADIAN.) );
#9951 = ( NAMED_UNIT(*) SI_UNIT($,.STERADIAN.) SOLID_ANGLE_UNIT() );
#9952 = UNCERTAINTY_MEASURE_WITH_UNIT(LENGTH_MEASURE(1.E-07),#9949,
  'distance_accuracy_value','confusion accuracy');
#9953 = CONTEXT_DEPENDENT_SHAPE_REPRESENTATION(#9954,#9956);
#9954 = ( REPRESENTATION_RELATIONSHIP('','',#7841,#10) 
REPRESENTATION_RELATIONSHIP_WITH_TRANSFORMATION(#9955) 
SHAPE_REPRESENTATION_RELATIONSHIP() );
#9955 = ITEM_DEFINED_TRANSFORMATION('','',#11,#51);
#9956 = PRODUCT_DEFINITION_SHAPE('Placement','Placement of an item',
  #9957);
#9957 = NEXT_ASSEMBLY_USAGE_OCCURRENCE('10','J2','',#5,#7836,$);
#9958 = PRODUCT_RELATED_PRODUCT_CATEGORY('part',$,(#7838));
#9959 = CONTEXT_DEPENDENT_SHAPE_REPRESENTATION(#9960,#9962);
#9960 = ( REPRESENTATION_RELATIONSHIP('','',#6213,#10) 
REPRESENTATION_RELATIONSHIP_WITH_TRANSFORMATION(#9961) 
SHAPE_REPRESENTATION_RELATIONSHIP() );
#9961 = ITEM_DEFINED_TRANSFORMATION('','',#11,#55);
#9962 = PRODUCT_DEFINITION_SHAPE('Placement','Placement of an item',
  #9963);
#9963 = NEXT_ASSEMBLY_USAGE_OCCURRENCE('11','R3','',#5,#6208,$);
#9964 = CONTEXT_DEPENDENT_SHAPE_REPRESENTATION(#9965,#9967);
#9965 = ( REPRESENTATION_RELATIONSHIP('','',#981,#10) 
REPRESENTATION_RELATIONSHIP_WITH_TRANSFORMATION(#9966) 
SHAPE_REPRESENTATION_RELATIONSHIP() );
#9966 = ITEM_DEFINED_TRANSFORMATION('','',#11,#59);
#9967 = PRODUCT_DEFINITION_SHAPE('Placement','Placement of an item',
  #9968);
#9968 = NEXT_ASSEMBLY_USAGE_OCCURRENCE('12','C6','',#5,#976,$);
#9969 = CONTEXT_DEPENDENT_SHAPE_REPRESENTATION(#9970,#9972);
#9970 = ( REPRESENTATION_RELATIONSHIP('','',#108,#10) 
REPRESENTATION_RELATIONSHIP_WITH_TRANSFORMATION(#9971) 
SHAPE_REPRESENTATION_RELATIONSHIP() );
#9971 = ITEM_DEFINED_TRANSFORMATION('','',#11,#63);
#9972 = PRODUCT_DEFINITION_SHAPE('Placement','Placement of an item',
  #9973);
#9973 = NEXT_ASSEMBLY_USAGE_OCCURRENCE('13','C2','',#5,#103,$);
#9974 = CONTEXT_DEPENDENT_SHAPE_REPRESENTATION(#9975,#9977);
#9975 = ( REPRESENTATION_RELATIONSHIP('','',#108,#10) 
REPRESENTATION_RELATIONSHIP_WITH_TRANSFORMATION(#9976) 
SHAPE_REPRESENTATION_RELATIONSHIP() );
#9976 = ITEM_DEFINED_TRANSFORMATION('','',#11,#67);
#9977 = PRODUCT_DEFINITION_SHAPE('Placement','Placement of an item',
  #9978);
#9978 = NEXT_ASSEMBLY_USAGE_OCCURRENCE('14','C4','',#5,#103,$);
#9979 = CONTEXT_DEPENDENT_SHAPE_REPRESENTATION(#9980,#9982);
#9980 = ( REPRESENTATION_RELATIONSHIP('','',#7841,#10) 
REPRESENTATION_RELATIONSHIP_WITH_TRANSFORMATION(#9981) 
SHAPE_REPRESENTATION_RELATIONSHIP() );
#9981 = ITEM_DEFINED_TRANSFORMATION('','',#11,#71);
#9982 = PRODUCT_DEFINITION_SHAPE('Placement','Placement of an item',
  #9983);
#9983 = NEXT_ASSEMBLY_USAGE_OCCURRENCE('15','J1','',#5,#7836,$);
#9984 = SHAPE_DEFINITION_REPRESENTATION(#9985,#9991);
#9985 = PRODUCT_DEFINITION_SHAPE('','',#9986);
#9986 = PRODUCT_DEFINITION('design','',#9987,#9990);
#9987 = PRODUCT_DEFINITION_FORMATION('','',#9988);
#9988 = PRODUCT('SOT-23','SOT-23','',(#9989));
#9989 = PRODUCT_CONTEXT('',#2,'mechanical');
#9990 = PRODUCT_DEFINITION_CONTEXT('part definition',#2,'design');
#9991 = ADVANCED_BREP_SHAPE_REPRESENTATION('',(#11,#9992),#12066);
#9992 = MANIFOLD_SOLID_BREP('',#9993);
#9993 = CLOSED_SHELL('',(#9994,#10032,#10095,#10118,#10147,#10170,#10209
    ,#10232,#10255,#10278,#10327,#10350,#10379,#10402,#10426,#10456,
    #10489,#10512,#10535,#10558,#10582,#10606,#10639,#10672,#10703,
    #10726,#10755,#10778,#10802,#10877,#10952,#10982,#10999,#11022,
    #11045,#11068,#11092,#11167,#11242,#11266,#11341,#11358,#11433,
    #11450,#11481,#11504,#11560,#11576,#11599,#11616,#11633,#11650,
    #11667,#11684,#11701,#11718,#11730,#11746,#11762,#11778,#11804,
    #11821,#11838,#11855,#11872,#11889,#11906,#11923,#11935,#11957,
    #11974,#11991,#12008,#12025,#12042,#12054));
#9994 = ADVANCED_FACE('',(#9995),#10027,.F.);
#9995 = FACE_BOUND('',#9996,.F.);
#9996 = EDGE_LOOP('',(#9997,#10007,#10014,#10022));
#9997 = ORIENTED_EDGE('',*,*,#9998,.T.);
#9998 = EDGE_CURVE('',#9999,#10001,#10003,.T.);
#9999 = VERTEX_POINT('',#10000);
#10000 = CARTESIAN_POINT('',(-0.571621551758,1.433243103516,0.1));
#10001 = VERTEX_POINT('',#10002);
#10002 = CARTESIAN_POINT('',(0.571621551758,1.433243103516,0.1));
#10003 = LINE('',#10004,#10005);
#10004 = CARTESIAN_POINT('',(-0.571621551758,1.433243103516,0.1));
#10005 = VECTOR('',#10006,1.);
#10006 = DIRECTION('',(1.,2.22044604925E-16,0.));
#10007 = ORIENTED_EDGE('',*,*,#10008,.T.);
#10008 = EDGE_CURVE('',#10001,#10009,#10011,.T.);
#10009 = VERTEX_POINT('',#10010);
#10010 = CARTESIAN_POINT('',(0.605,1.5,0.575));
#10011 = B_SPLINE_CURVE_WITH_KNOTS('',1,(#10012,#10013),.UNSPECIFIED.,
  .F.,.F.,(2,2),(0.,1.),.PIECEWISE_BEZIER_KNOTS.);
#10012 = CARTESIAN_POINT('',(0.571621551758,1.433243103516,0.1));
#10013 = CARTESIAN_POINT('',(0.605,1.5,0.575));
#10014 = ORIENTED_EDGE('',*,*,#10015,.F.);
#10015 = EDGE_CURVE('',#10016,#10009,#10018,.T.);
#10016 = VERTEX_POINT('',#10017);
#10017 = CARTESIAN_POINT('',(-0.605,1.5,0.575));
#10018 = LINE('',#10019,#10020);
#10019 = CARTESIAN_POINT('',(-0.605,1.5,0.575));
#10020 = VECTOR('',#10021,1.);
#10021 = DIRECTION('',(1.,2.22044604925E-16,0.));
#10022 = ORIENTED_EDGE('',*,*,#10023,.F.);
#10023 = EDGE_CURVE('',#9999,#10016,#10024,.T.);
#10024 = B_SPLINE_CURVE_WITH_KNOTS('',1,(#10025,#10026),.UNSPECIFIED.,
  .F.,.F.,(2,2),(0.,1.),.PIECEWISE_BEZIER_KNOTS.);
#10025 = CARTESIAN_POINT('',(-0.571621551758,1.433243103516,0.1));
#10026 = CARTESIAN_POINT('',(-0.605,1.5,0.575));
#10027 = B_SPLINE_SURFACE_WITH_KNOTS('',1,1,(
    (#10028,#10029)
    ,(#10030,#10031
    )),.UNSPECIFIED.,.F.,.F.,.F.,(2,2),(2,2),(0.,1.21),(0.,1.),
  .PIECEWISE_BEZIER_KNOTS.);
#10028 = CARTESIAN_POINT('',(-0.571621551758,1.433243103516,0.1));
#10029 = CARTESIAN_POINT('',(-0.605,1.5,0.575));
#10030 = CARTESIAN_POINT('',(0.571621551758,1.433243103516,0.1));
#10031 = CARTESIAN_POINT('',(0.605,1.5,0.575));
#10032 = ADVANCED_FACE('',(#10033),#10090,.T.);
#10033 = FACE_BOUND('',#10034,.T.);
#10034 = EDGE_LOOP('',(#10035,#10036,#10044,#10052,#10060,#10068,#10076,
    #10084));
#10035 = ORIENTED_EDGE('',*,*,#9998,.T.);
#10036 = ORIENTED_EDGE('',*,*,#10037,.T.);
#10037 = EDGE_CURVE('',#10001,#10038,#10040,.T.);
#10038 = VERTEX_POINT('',#10039);
#10039 = CARTESIAN_POINT('',(0.633243103516,1.371621551758,0.1));
#10040 = LINE('',#10041,#10042);
#10041 = CARTESIAN_POINT('',(0.571621551758,1.433243103516,0.1));
#10042 = VECTOR('',#10043,1.);
#10043 = DIRECTION('',(0.707106781187,-0.707106781187,0.));
#10044 = ORIENTED_EDGE('',*,*,#10045,.T.);
#10045 = EDGE_CURVE('',#10038,#10046,#10048,.T.);
#10046 = VERTEX_POINT('',#10047);
#10047 = CARTESIAN_POINT('',(0.633243103516,-1.371621551758,0.1));
#10048 = LINE('',#10049,#10050);
#10049 = CARTESIAN_POINT('',(0.633243103516,1.371621551758,0.1));
#10050 = VECTOR('',#10051,1.);
#10051 = DIRECTION('',(2.22044604925E-16,-1.,0.));
#10052 = ORIENTED_EDGE('',*,*,#10053,.T.);
#10053 = EDGE_CURVE('',#10046,#10054,#10056,.T.);
#10054 = VERTEX_POINT('',#10055);
#10055 = CARTESIAN_POINT('',(0.571621551758,-1.433243103516,0.1));
#10056 = LINE('',#10057,#10058);
#10057 = CARTESIAN_POINT('',(0.633243103516,-1.371621551758,0.1));
#10058 = VECTOR('',#10059,1.);
#10059 = DIRECTION('',(-0.707106781187,-0.707106781187,0.));
#10060 = ORIENTED_EDGE('',*,*,#10061,.T.);
#10061 = EDGE_CURVE('',#10054,#10062,#10064,.T.);
#10062 = VERTEX_POINT('',#10063);
#10063 = CARTESIAN_POINT('',(-0.571621551758,-1.433243103516,0.1));
#10064 = LINE('',#10065,#10066);
#10065 = CARTESIAN_POINT('',(0.571621551758,-1.433243103516,0.1));
#10066 = VECTOR('',#10067,1.);
#10067 = DIRECTION('',(-1.,-2.22044604925E-16,0.));
#10068 = ORIENTED_EDGE('',*,*,#10069,.T.);
#10069 = EDGE_CURVE('',#10062,#10070,#10072,.T.);
#10070 = VERTEX_POINT('',#10071);
#10071 = CARTESIAN_POINT('',(-0.633243103516,-1.371621551758,0.1));
#10072 = LINE('',#10073,#10074);
#10073 = CARTESIAN_POINT('',(-0.571621551758,-1.433243103516,0.1));
#10074 = VECTOR('',#10075,1.);
#10075 = DIRECTION('',(-0.707106781187,0.707106781187,0.));
#10076 = ORIENTED_EDGE('',*,*,#10077,.T.);
#10077 = EDGE_CURVE('',#10070,#10078,#10080,.T.);
#10078 = VERTEX_POINT('',#10079);
#10079 = CARTESIAN_POINT('',(-0.633243103516,1.371621551758,0.1));
#10080 = LINE('',#10081,#10082);
#10081 = CARTESIAN_POINT('',(-0.633243103516,-1.371621551758,0.1));
#10082 = VECTOR('',#10083,1.);
#10083 = DIRECTION('',(-2.22044604925E-16,1.,0.));
#10084 = ORIENTED_EDGE('',*,*,#10085,.T.);
#10085 = EDGE_CURVE('',#10078,#9999,#10086,.T.);
#10086 = LINE('',#10087,#10088);
#10087 = CARTESIAN_POINT('',(-0.633243103516,1.371621551758,0.1));
#10088 = VECTOR('',#10089,1.);
#10089 = DIRECTION('',(0.707106781187,0.707106781187,0.));
#10090 = PLANE('',#10091);
#10091 = AXIS2_PLACEMENT_3D('',#10092,#10093,#10094);
#10092 = CARTESIAN_POINT('',(-0.571621551758,1.433243103516,0.1));
#10093 = DIRECTION('',(0.,0.,-1.));
#10094 = DIRECTION('',(0.370454302632,-0.928850692879,0.));
#10095 = ADVANCED_FACE('',(#10096),#10113,.F.);
#10096 = FACE_BOUND('',#10097,.F.);
#10097 = EDGE_LOOP('',(#10098,#10099,#10106,#10112));
#10098 = ORIENTED_EDGE('',*,*,#10037,.T.);
#10099 = ORIENTED_EDGE('',*,*,#10100,.T.);
#10100 = EDGE_CURVE('',#10038,#10101,#10103,.T.);
#10101 = VERTEX_POINT('',#10102);
#10102 = CARTESIAN_POINT('',(0.7,1.405,0.575));
#10103 = B_SPLINE_CURVE_WITH_KNOTS('',1,(#10104,#10105),.UNSPECIFIED.,
  .F.,.F.,(2,2),(0.,1.),.PIECEWISE_BEZIER_KNOTS.);
#10104 = CARTESIAN_POINT('',(0.633243103516,1.371621551758,0.1));
#10105 = CARTESIAN_POINT('',(0.7,1.405,0.575));
#10106 = ORIENTED_EDGE('',*,*,#10107,.F.);
#10107 = EDGE_CURVE('',#10009,#10101,#10108,.T.);
#10108 = LINE('',#10109,#10110);
#10109 = CARTESIAN_POINT('',(0.605,1.5,0.575));
#10110 = VECTOR('',#10111,1.);
#10111 = DIRECTION('',(0.707106781187,-0.707106781187,0.));
#10112 = ORIENTED_EDGE('',*,*,#10008,.F.);
#10113 = B_SPLINE_SURFACE_WITH_KNOTS('',1,1,(
    (#10114,#10115)
    ,(#10116,#10117
    )),.UNSPECIFIED.,.F.,.F.,.F.,(2,2),(2,2),(0.,0.134350288425),(0.,1.)
  ,.PIECEWISE_BEZIER_KNOTS.);
#10114 = CARTESIAN_POINT('',(0.571621551758,1.433243103516,0.1));
#10115 = CARTESIAN_POINT('',(0.605,1.5,0.575));
#10116 = CARTESIAN_POINT('',(0.633243103516,1.371621551758,0.1));
#10117 = CARTESIAN_POINT('',(0.7,1.405,0.575));
#10118 = ADVANCED_FACE('',(#10119),#10142,.F.);
#10119 = FACE_BOUND('',#10120,.F.);
#10120 = EDGE_LOOP('',(#10121,#10122,#10129,#10137));
#10121 = ORIENTED_EDGE('',*,*,#10015,.T.);
#10122 = ORIENTED_EDGE('',*,*,#10123,.T.);
#10123 = EDGE_CURVE('',#10009,#10124,#10126,.T.);
#10124 = VERTEX_POINT('',#10125);
#10125 = CARTESIAN_POINT('',(0.605,1.5,0.725));
#10126 = B_SPLINE_CURVE_WITH_KNOTS('',1,(#10127,#10128),.UNSPECIFIED.,
  .F.,.F.,(2,2),(0.,1.),.PIECEWISE_BEZIER_KNOTS.);
#10127 = CARTESIAN_POINT('',(0.605,1.5,0.575));
#10128 = CARTESIAN_POINT('',(0.605,1.5,0.725));
#10129 = ORIENTED_EDGE('',*,*,#10130,.F.);
#10130 = EDGE_CURVE('',#10131,#10124,#10133,.T.);
#10131 = VERTEX_POINT('',#10132);
#10132 = CARTESIAN_POINT('',(-0.605,1.5,0.725));
#10133 = LINE('',#10134,#10135);
#10134 = CARTESIAN_POINT('',(-0.605,1.5,0.725));
#10135 = VECTOR('',#10136,1.);
#10136 = DIRECTION('',(1.,2.22044604925E-16,0.));
#10137 = ORIENTED_EDGE('',*,*,#10138,.F.);
#10138 = EDGE_CURVE('',#10016,#10131,#10139,.T.);
#10139 = B_SPLINE_CURVE_WITH_KNOTS('',1,(#10140,#10141),.UNSPECIFIED.,
  .F.,.F.,(2,2),(0.,1.),.PIECEWISE_BEZIER_KNOTS.);
#10140 = CARTESIAN_POINT('',(-0.605,1.5,0.575));
#10141 = CARTESIAN_POINT('',(-0.605,1.5,0.725));
#10142 = PLANE('',#10143);
#10143 = AXIS2_PLACEMENT_3D('',#10144,#10145,#10146);
#10144 = CARTESIAN_POINT('',(-0.605,1.5,0.725));
#10145 = DIRECTION('',(2.22044604925E-16,-1.,0.));
#10146 = DIRECTION('',(1.,2.22044604925E-16,0.));
#10147 = ADVANCED_FACE('',(#10148),#10165,.F.);
#10148 = FACE_BOUND('',#10149,.F.);
#10149 = EDGE_LOOP('',(#10150,#10151,#10152,#10160));
#10150 = ORIENTED_EDGE('',*,*,#10085,.T.);
#10151 = ORIENTED_EDGE('',*,*,#10023,.T.);
#10152 = ORIENTED_EDGE('',*,*,#10153,.F.);
#10153 = EDGE_CURVE('',#10154,#10016,#10156,.T.);
#10154 = VERTEX_POINT('',#10155);
#10155 = CARTESIAN_POINT('',(-0.7,1.405,0.575));
#10156 = LINE('',#10157,#10158);
#10157 = CARTESIAN_POINT('',(-0.7,1.405,0.575));
#10158 = VECTOR('',#10159,1.);
#10159 = DIRECTION('',(0.707106781187,0.707106781187,0.));
#10160 = ORIENTED_EDGE('',*,*,#10161,.F.);
#10161 = EDGE_CURVE('',#10078,#10154,#10162,.T.);
#10162 = B_SPLINE_CURVE_WITH_KNOTS('',1,(#10163,#10164),.UNSPECIFIED.,
  .F.,.F.,(2,2),(0.,1.),.PIECEWISE_BEZIER_KNOTS.);
#10163 = CARTESIAN_POINT('',(-0.633243103516,1.371621551758,0.1));
#10164 = CARTESIAN_POINT('',(-0.7,1.405,0.575));
#10165 = B_SPLINE_SURFACE_WITH_KNOTS('',1,1,(
    (#10166,#10167)
    ,(#10168,#10169
    )),.UNSPECIFIED.,.F.,.F.,.F.,(2,2),(2,2),(0.,0.134350288425),(0.,1.)
  ,.PIECEWISE_BEZIER_KNOTS.);
#10166 = CARTESIAN_POINT('',(-0.633243103516,1.371621551758,0.1));
#10167 = CARTESIAN_POINT('',(-0.7,1.405,0.575));
#10168 = CARTESIAN_POINT('',(-0.571621551758,1.433243103516,0.1));
#10169 = CARTESIAN_POINT('',(-0.605,1.5,0.575));
#10170 = ADVANCED_FACE('',(#10171),#10204,.F.);
#10171 = FACE_BOUND('',#10172,.F.);
#10172 = EDGE_LOOP('',(#10173,#10174,#10181,#10189,#10197,#10203));
#10173 = ORIENTED_EDGE('',*,*,#10045,.T.);
#10174 = ORIENTED_EDGE('',*,*,#10175,.T.);
#10175 = EDGE_CURVE('',#10046,#10176,#10178,.T.);
#10176 = VERTEX_POINT('',#10177);
#10177 = CARTESIAN_POINT('',(0.7,-1.405,0.575));
#10178 = B_SPLINE_CURVE_WITH_KNOTS('',1,(#10179,#10180),.UNSPECIFIED.,
  .F.,.F.,(2,2),(0.,1.),.PIECEWISE_BEZIER_KNOTS.);
#10179 = CARTESIAN_POINT('',(0.633243103516,-1.371621551758,0.1));
#10180 = CARTESIAN_POINT('',(0.7,-1.405,0.575));
#10181 = ORIENTED_EDGE('',*,*,#10182,.F.);
#10182 = EDGE_CURVE('',#10183,#10176,#10185,.T.);
#10183 = VERTEX_POINT('',#10184);
#10184 = CARTESIAN_POINT('',(0.7,-0.2,0.575));
#10185 = LINE('',#10186,#10187);
#10186 = CARTESIAN_POINT('',(0.7,1.405,0.575));
#10187 = VECTOR('',#10188,1.);
#10188 = DIRECTION('',(2.22044604925E-16,-1.,0.));
#10189 = ORIENTED_EDGE('',*,*,#10190,.F.);
#10190 = EDGE_CURVE('',#10191,#10183,#10193,.T.);
#10191 = VERTEX_POINT('',#10192);
#10192 = CARTESIAN_POINT('',(0.7,0.2,0.575));
#10193 = LINE('',#10194,#10195);
#10194 = CARTESIAN_POINT('',(0.7,0.2,0.575));
#10195 = VECTOR('',#10196,1.);
#10196 = DIRECTION('',(2.22044604925E-16,-1.,0.));
#10197 = ORIENTED_EDGE('',*,*,#10198,.F.);
#10198 = EDGE_CURVE('',#10101,#10191,#10199,.T.);
#10199 = LINE('',#10200,#10201);
#10200 = CARTESIAN_POINT('',(0.7,1.405,0.575));
#10201 = VECTOR('',#10202,1.);
#10202 = DIRECTION('',(2.22044604925E-16,-1.,0.));
#10203 = ORIENTED_EDGE('',*,*,#10100,.F.);
#10204 = B_SPLINE_SURFACE_WITH_KNOTS('',1,1,(
    (#10205,#10206)
    ,(#10207,#10208
    )),.UNSPECIFIED.,.F.,.F.,.F.,(2,2),(2,2),(0.,2.81),(0.,1.),
  .PIECEWISE_BEZIER_KNOTS.);
#10205 = CARTESIAN_POINT('',(0.633243103516,1.371621551758,0.1));
#10206 = CARTESIAN_POINT('',(0.7,1.405,0.575));
#10207 = CARTESIAN_POINT('',(0.633243103516,-1.371621551758,0.1));
#10208 = CARTESIAN_POINT('',(0.7,-1.405,0.575));
#10209 = ADVANCED_FACE('',(#10210),#10227,.F.);
#10210 = FACE_BOUND('',#10211,.F.);
#10211 = EDGE_LOOP('',(#10212,#10213,#10220,#10226));
#10212 = ORIENTED_EDGE('',*,*,#10053,.T.);
#10213 = ORIENTED_EDGE('',*,*,#10214,.T.);
#10214 = EDGE_CURVE('',#10054,#10215,#10217,.T.);
#10215 = VERTEX_POINT('',#10216);
#10216 = CARTESIAN_POINT('',(0.605,-1.5,0.575));
#10217 = B_SPLINE_CURVE_WITH_KNOTS('',1,(#10218,#10219),.UNSPECIFIED.,
  .F.,.F.,(2,2),(0.,1.),.PIECEWISE_BEZIER_KNOTS.);
#10218 = CARTESIAN_POINT('',(0.571621551758,-1.433243103516,0.1));
#10219 = CARTESIAN_POINT('',(0.605,-1.5,0.575));
#10220 = ORIENTED_EDGE('',*,*,#10221,.F.);
#10221 = EDGE_CURVE('',#10176,#10215,#10222,.T.);
#10222 = LINE('',#10223,#10224);
#10223 = CARTESIAN_POINT('',(0.7,-1.405,0.575));
#10224 = VECTOR('',#10225,1.);
#10225 = DIRECTION('',(-0.707106781187,-0.707106781187,0.));
#10226 = ORIENTED_EDGE('',*,*,#10175,.F.);
#10227 = B_SPLINE_SURFACE_WITH_KNOTS('',1,1,(
    (#10228,#10229)
    ,(#10230,#10231
    )),.UNSPECIFIED.,.F.,.F.,.F.,(2,2),(2,2),(0.,0.134350288425),(0.,1.)
  ,.PIECEWISE_BEZIER_KNOTS.);
#10228 = CARTESIAN_POINT('',(0.633243103516,-1.371621551758,0.1));
#10229 = CARTESIAN_POINT('',(0.7,-1.405,0.575));
#10230 = CARTESIAN_POINT('',(0.571621551758,-1.433243103516,0.1));
#10231 = CARTESIAN_POINT('',(0.605,-1.5,0.575));
#10232 = ADVANCED_FACE('',(#10233),#10250,.F.);
#10233 = FACE_BOUND('',#10234,.F.);
#10234 = EDGE_LOOP('',(#10235,#10236,#10243,#10249));
#10235 = ORIENTED_EDGE('',*,*,#10061,.T.);
#10236 = ORIENTED_EDGE('',*,*,#10237,.T.);
#10237 = EDGE_CURVE('',#10062,#10238,#10240,.T.);
#10238 = VERTEX_POINT('',#10239);
#10239 = CARTESIAN_POINT('',(-0.605,-1.5,0.575));
#10240 = B_SPLINE_CURVE_WITH_KNOTS('',1,(#10241,#10242),.UNSPECIFIED.,
  .F.,.F.,(2,2),(0.,1.),.PIECEWISE_BEZIER_KNOTS.);
#10241 = CARTESIAN_POINT('',(-0.571621551758,-1.433243103516,0.1));
#10242 = CARTESIAN_POINT('',(-0.605,-1.5,0.575));
#10243 = ORIENTED_EDGE('',*,*,#10244,.F.);
#10244 = EDGE_CURVE('',#10215,#10238,#10245,.T.);
#10245 = LINE('',#10246,#10247);
#10246 = CARTESIAN_POINT('',(0.605,-1.5,0.575));
#10247 = VECTOR('',#10248,1.);
#10248 = DIRECTION('',(-1.,-2.22044604925E-16,0.));
#10249 = ORIENTED_EDGE('',*,*,#10214,.F.);
#10250 = B_SPLINE_SURFACE_WITH_KNOTS('',1,1,(
    (#10251,#10252)
    ,(#10253,#10254
    )),.UNSPECIFIED.,.F.,.F.,.F.,(2,2),(2,2),(0.,1.21),(0.,1.),
  .PIECEWISE_BEZIER_KNOTS.);
#10251 = CARTESIAN_POINT('',(0.571621551758,-1.433243103516,0.1));
#10252 = CARTESIAN_POINT('',(0.605,-1.5,0.575));
#10253 = CARTESIAN_POINT('',(-0.571621551758,-1.433243103516,0.1));
#10254 = CARTESIAN_POINT('',(-0.605,-1.5,0.575));
#10255 = ADVANCED_FACE('',(#10256),#10273,.F.);
#10256 = FACE_BOUND('',#10257,.F.);
#10257 = EDGE_LOOP('',(#10258,#10259,#10266,#10272));
#10258 = ORIENTED_EDGE('',*,*,#10069,.T.);
#10259 = ORIENTED_EDGE('',*,*,#10260,.T.);
#10260 = EDGE_CURVE('',#10070,#10261,#10263,.T.);
#10261 = VERTEX_POINT('',#10262);
#10262 = CARTESIAN_POINT('',(-0.7,-1.405,0.575));
#10263 = B_SPLINE_CURVE_WITH_KNOTS('',1,(#10264,#10265),.UNSPECIFIED.,
  .F.,.F.,(2,2),(0.,1.),.PIECEWISE_BEZIER_KNOTS.);
#10264 = CARTESIAN_POINT('',(-0.633243103516,-1.371621551758,0.1));
#10265 = CARTESIAN_POINT('',(-0.7,-1.405,0.575));
#10266 = ORIENTED_EDGE('',*,*,#10267,.F.);
#10267 = EDGE_CURVE('',#10238,#10261,#10268,.T.);
#10268 = LINE('',#10269,#10270);
#10269 = CARTESIAN_POINT('',(-0.605,-1.5,0.575));
#10270 = VECTOR('',#10271,1.);
#10271 = DIRECTION('',(-0.707106781187,0.707106781187,0.));
#10272 = ORIENTED_EDGE('',*,*,#10237,.F.);
#10273 = B_SPLINE_SURFACE_WITH_KNOTS('',1,1,(
    (#10274,#10275)
    ,(#10276,#10277
    )),.UNSPECIFIED.,.F.,.F.,.F.,(2,2),(2,2),(0.,0.134350288425),(0.,1.)
  ,.PIECEWISE_BEZIER_KNOTS.);
#10274 = CARTESIAN_POINT('',(-0.571621551758,-1.433243103516,0.1));
#10275 = CARTESIAN_POINT('',(-0.605,-1.5,0.575));
#10276 = CARTESIAN_POINT('',(-0.633243103516,-1.371621551758,0.1));
#10277 = CARTESIAN_POINT('',(-0.7,-1.405,0.575));
#10278 = ADVANCED_FACE('',(#10279),#10322,.F.);
#10279 = FACE_BOUND('',#10280,.F.);
#10280 = EDGE_LOOP('',(#10281,#10282,#10283,#10291,#10299,#10307,#10315,
    #10321));
#10281 = ORIENTED_EDGE('',*,*,#10077,.T.);
#10282 = ORIENTED_EDGE('',*,*,#10161,.T.);
#10283 = ORIENTED_EDGE('',*,*,#10284,.F.);
#10284 = EDGE_CURVE('',#10285,#10154,#10287,.T.);
#10285 = VERTEX_POINT('',#10286);
#10286 = CARTESIAN_POINT('',(-0.7,1.15,0.575));
#10287 = LINE('',#10288,#10289);
#10288 = CARTESIAN_POINT('',(-0.7,-1.405,0.575));
#10289 = VECTOR('',#10290,1.);
#10290 = DIRECTION('',(-2.22044604925E-16,1.,0.));
#10291 = ORIENTED_EDGE('',*,*,#10292,.F.);
#10292 = EDGE_CURVE('',#10293,#10285,#10295,.T.);
#10293 = VERTEX_POINT('',#10294);
#10294 = CARTESIAN_POINT('',(-0.7,0.75,0.575));
#10295 = LINE('',#10296,#10297);
#10296 = CARTESIAN_POINT('',(-0.7,0.75,0.575));
#10297 = VECTOR('',#10298,1.);
#10298 = DIRECTION('',(-9.95799250103E-17,1.,0.));
#10299 = ORIENTED_EDGE('',*,*,#10300,.F.);
#10300 = EDGE_CURVE('',#10301,#10293,#10303,.T.);
#10301 = VERTEX_POINT('',#10302);
#10302 = CARTESIAN_POINT('',(-0.7,-0.75,0.575));
#10303 = LINE('',#10304,#10305);
#10304 = CARTESIAN_POINT('',(-0.7,-1.405,0.575));
#10305 = VECTOR('',#10306,1.);
#10306 = DIRECTION('',(-2.22044604925E-16,1.,0.));
#10307 = ORIENTED_EDGE('',*,*,#10308,.F.);
#10308 = EDGE_CURVE('',#10309,#10301,#10311,.T.);
#10309 = VERTEX_POINT('',#10310);
#10310 = CARTESIAN_POINT('',(-0.7,-1.15,0.575));
#10311 = LINE('',#10312,#10313);
#10312 = CARTESIAN_POINT('',(-0.7,-1.15,0.575));
#10313 = VECTOR('',#10314,1.);
#10314 = DIRECTION('',(-9.95799250103E-17,1.,0.));
#10315 = ORIENTED_EDGE('',*,*,#10316,.F.);
#10316 = EDGE_CURVE('',#10261,#10309,#10317,.T.);
#10317 = LINE('',#10318,#10319);
#10318 = CARTESIAN_POINT('',(-0.7,-1.405,0.575));
#10319 = VECTOR('',#10320,1.);
#10320 = DIRECTION('',(-2.22044604925E-16,1.,0.));
#10321 = ORIENTED_EDGE('',*,*,#10260,.F.);
#10322 = B_SPLINE_SURFACE_WITH_KNOTS('',1,1,(
    (#10323,#10324)
    ,(#10325,#10326
    )),.UNSPECIFIED.,.F.,.F.,.F.,(2,2),(2,2),(0.,2.81),(0.,1.),
  .PIECEWISE_BEZIER_KNOTS.);
#10323 = CARTESIAN_POINT('',(-0.633243103516,-1.371621551758,0.1));
#10324 = CARTESIAN_POINT('',(-0.7,-1.405,0.575));
#10325 = CARTESIAN_POINT('',(-0.633243103516,1.371621551758,0.1));
#10326 = CARTESIAN_POINT('',(-0.7,1.405,0.575));
#10327 = ADVANCED_FACE('',(#10328),#10345,.F.);
#10328 = FACE_BOUND('',#10329,.F.);
#10329 = EDGE_LOOP('',(#10330,#10331,#10338,#10344));
#10330 = ORIENTED_EDGE('',*,*,#10107,.T.);
#10331 = ORIENTED_EDGE('',*,*,#10332,.T.);
#10332 = EDGE_CURVE('',#10101,#10333,#10335,.T.);
#10333 = VERTEX_POINT('',#10334);
#10334 = CARTESIAN_POINT('',(0.7,1.405,0.725));
#10335 = B_SPLINE_CURVE_WITH_KNOTS('',1,(#10336,#10337),.UNSPECIFIED.,
  .F.,.F.,(2,2),(0.,1.),.PIECEWISE_BEZIER_KNOTS.);
#10336 = CARTESIAN_POINT('',(0.7,1.405,0.575));
#10337 = CARTESIAN_POINT('',(0.7,1.405,0.725));
#10338 = ORIENTED_EDGE('',*,*,#10339,.F.);
#10339 = EDGE_CURVE('',#10124,#10333,#10340,.T.);
#10340 = LINE('',#10341,#10342);
#10341 = CARTESIAN_POINT('',(0.605,1.5,0.725));
#10342 = VECTOR('',#10343,1.);
#10343 = DIRECTION('',(0.707106781187,-0.707106781187,0.));
#10344 = ORIENTED_EDGE('',*,*,#10123,.F.);
#10345 = PLANE('',#10346);
#10346 = AXIS2_PLACEMENT_3D('',#10347,#10348,#10349);
#10347 = CARTESIAN_POINT('',(0.605,1.5,0.725));
#10348 = DIRECTION('',(-0.707106781187,-0.707106781187,0.));
#10349 = DIRECTION('',(0.707106781187,-0.707106781187,0.));
#10350 = ADVANCED_FACE('',(#10351),#10374,.F.);
#10351 = FACE_BOUND('',#10352,.F.);
#10352 = EDGE_LOOP('',(#10353,#10354,#10361,#10369));
#10353 = ORIENTED_EDGE('',*,*,#10130,.T.);
#10354 = ORIENTED_EDGE('',*,*,#10355,.T.);
#10355 = EDGE_CURVE('',#10124,#10356,#10358,.T.);
#10356 = VERTEX_POINT('',#10357);
#10357 = CARTESIAN_POINT('',(0.5925,1.475,0.725));
#10358 = B_SPLINE_CURVE_WITH_KNOTS('',1,(#10359,#10360),.UNSPECIFIED.,
  .F.,.F.,(2,2),(0.,1.),.PIECEWISE_BEZIER_KNOTS.);
#10359 = CARTESIAN_POINT('',(0.605,1.5,0.725));
#10360 = CARTESIAN_POINT('',(0.5925,1.475,0.725));
#10361 = ORIENTED_EDGE('',*,*,#10362,.F.);
#10362 = EDGE_CURVE('',#10363,#10356,#10365,.T.);
#10363 = VERTEX_POINT('',#10364);
#10364 = CARTESIAN_POINT('',(-0.5925,1.475,0.725));
#10365 = LINE('',#10366,#10367);
#10366 = CARTESIAN_POINT('',(-0.5925,1.475,0.725));
#10367 = VECTOR('',#10368,1.);
#10368 = DIRECTION('',(1.,2.22044604925E-16,0.));
#10369 = ORIENTED_EDGE('',*,*,#10370,.F.);
#10370 = EDGE_CURVE('',#10131,#10363,#10371,.T.);
#10371 = B_SPLINE_CURVE_WITH_KNOTS('',1,(#10372,#10373),.UNSPECIFIED.,
  .F.,.F.,(2,2),(0.,1.),.PIECEWISE_BEZIER_KNOTS.);
#10372 = CARTESIAN_POINT('',(-0.605,1.5,0.725));
#10373 = CARTESIAN_POINT('',(-0.5925,1.475,0.725));
#10374 = B_SPLINE_SURFACE_WITH_KNOTS('',1,1,(
    (#10375,#10376)
    ,(#10377,#10378
    )),.UNSPECIFIED.,.F.,.F.,.F.,(2,2),(2,2),(0.,1.21),(0.,1.),
  .PIECEWISE_BEZIER_KNOTS.);
#10375 = CARTESIAN_POINT('',(-0.605,1.5,0.725));
#10376 = CARTESIAN_POINT('',(-0.5925,1.475,0.725));
#10377 = CARTESIAN_POINT('',(0.605,1.5,0.725));
#10378 = CARTESIAN_POINT('',(0.5925,1.475,0.725));
#10379 = ADVANCED_FACE('',(#10380),#10397,.F.);
#10380 = FACE_BOUND('',#10381,.F.);
#10381 = EDGE_LOOP('',(#10382,#10383,#10384,#10392));
#10382 = ORIENTED_EDGE('',*,*,#10153,.T.);
#10383 = ORIENTED_EDGE('',*,*,#10138,.T.);
#10384 = ORIENTED_EDGE('',*,*,#10385,.F.);
#10385 = EDGE_CURVE('',#10386,#10131,#10388,.T.);
#10386 = VERTEX_POINT('',#10387);
#10387 = CARTESIAN_POINT('',(-0.7,1.405,0.725));
#10388 = LINE('',#10389,#10390);
#10389 = CARTESIAN_POINT('',(-0.7,1.405,0.725));
#10390 = VECTOR('',#10391,1.);
#10391 = DIRECTION('',(0.707106781187,0.707106781187,0.));
#10392 = ORIENTED_EDGE('',*,*,#10393,.F.);
#10393 = EDGE_CURVE('',#10154,#10386,#10394,.T.);
#10394 = B_SPLINE_CURVE_WITH_KNOTS('',1,(#10395,#10396),.UNSPECIFIED.,
  .F.,.F.,(2,2),(0.,1.),.PIECEWISE_BEZIER_KNOTS.);
#10395 = CARTESIAN_POINT('',(-0.7,1.405,0.575));
#10396 = CARTESIAN_POINT('',(-0.7,1.405,0.725));
#10397 = PLANE('',#10398);
#10398 = AXIS2_PLACEMENT_3D('',#10399,#10400,#10401);
#10399 = CARTESIAN_POINT('',(-0.7,1.405,0.725));
#10400 = DIRECTION('',(0.707106781187,-0.707106781187,0.));
#10401 = DIRECTION('',(0.707106781187,0.707106781187,0.));
#10402 = ADVANCED_FACE('',(#10403),#10421,.F.);
#10403 = FACE_BOUND('',#10404,.F.);
#10404 = EDGE_LOOP('',(#10405,#10406,#10407,#10415));
#10405 = ORIENTED_EDGE('',*,*,#10332,.F.);
#10406 = ORIENTED_EDGE('',*,*,#10198,.T.);
#10407 = ORIENTED_EDGE('',*,*,#10408,.T.);
#10408 = EDGE_CURVE('',#10191,#10409,#10411,.T.);
#10409 = VERTEX_POINT('',#10410);
#10410 = CARTESIAN_POINT('',(0.7,0.2,0.725));
#10411 = LINE('',#10412,#10413);
#10412 = CARTESIAN_POINT('',(0.7,0.2,0.525297170697));
#10413 = VECTOR('',#10414,1.);
#10414 = DIRECTION('',(0.,0.,1.));
#10415 = ORIENTED_EDGE('',*,*,#10416,.F.);
#10416 = EDGE_CURVE('',#10333,#10409,#10417,.T.);
#10417 = LINE('',#10418,#10419);
#10418 = CARTESIAN_POINT('',(0.7,1.405,0.725));
#10419 = VECTOR('',#10420,1.);
#10420 = DIRECTION('',(2.22044604925E-16,-1.,0.));
#10421 = PLANE('',#10422);
#10422 = AXIS2_PLACEMENT_3D('',#10423,#10424,#10425);
#10423 = CARTESIAN_POINT('',(0.7,1.405,0.725));
#10424 = DIRECTION('',(-1.,-2.22044604925E-16,0.));
#10425 = DIRECTION('',(2.22044604925E-16,-1.,0.));
#10426 = ADVANCED_FACE('',(#10427),#10451,.F.);
#10427 = FACE_BOUND('',#10428,.F.);
#10428 = EDGE_LOOP('',(#10429,#10437,#10438,#10445));
#10429 = ORIENTED_EDGE('',*,*,#10430,.F.);
#10430 = EDGE_CURVE('',#10183,#10431,#10433,.T.);
#10431 = VERTEX_POINT('',#10432);
#10432 = CARTESIAN_POINT('',(0.7,-0.2,0.725));
#10433 = LINE('',#10434,#10435);
#10434 = CARTESIAN_POINT('',(0.7,-0.2,0.525297170697));
#10435 = VECTOR('',#10436,1.);
#10436 = DIRECTION('',(0.,0.,1.));
#10437 = ORIENTED_EDGE('',*,*,#10182,.T.);
#10438 = ORIENTED_EDGE('',*,*,#10439,.T.);
#10439 = EDGE_CURVE('',#10176,#10440,#10442,.T.);
#10440 = VERTEX_POINT('',#10441);
#10441 = CARTESIAN_POINT('',(0.7,-1.405,0.725));
#10442 = B_SPLINE_CURVE_WITH_KNOTS('',1,(#10443,#10444),.UNSPECIFIED.,
  .F.,.F.,(2,2),(0.,1.),.PIECEWISE_BEZIER_KNOTS.);
#10443 = CARTESIAN_POINT('',(0.7,-1.405,0.575));
#10444 = CARTESIAN_POINT('',(0.7,-1.405,0.725));
#10445 = ORIENTED_EDGE('',*,*,#10446,.F.);
#10446 = EDGE_CURVE('',#10431,#10440,#10447,.T.);
#10447 = LINE('',#10448,#10449);
#10448 = CARTESIAN_POINT('',(0.7,1.405,0.725));
#10449 = VECTOR('',#10450,1.);
#10450 = DIRECTION('',(2.22044604925E-16,-1.,0.));
#10451 = PLANE('',#10452);
#10452 = AXIS2_PLACEMENT_3D('',#10453,#10454,#10455);
#10453 = CARTESIAN_POINT('',(0.7,1.405,0.725));
#10454 = DIRECTION('',(-1.,-2.22044604925E-16,0.));
#10455 = DIRECTION('',(2.22044604925E-16,-1.,0.));
#10456 = ADVANCED_FACE('',(#10457),#10484,.F.);
#10457 = FACE_BOUND('',#10458,.F.);
#10458 = EDGE_LOOP('',(#10459,#10460,#10469,#10477));
#10459 = ORIENTED_EDGE('',*,*,#10190,.T.);
#10460 = ORIENTED_EDGE('',*,*,#10461,.T.);
#10461 = EDGE_CURVE('',#10183,#10462,#10464,.T.);
#10462 = VERTEX_POINT('',#10463);
#10463 = CARTESIAN_POINT('',(0.8,-0.2,0.475));
#10464 = CIRCLE('',#10465,0.1);
#10465 = AXIS2_PLACEMENT_3D('',#10466,#10467,#10468);
#10466 = CARTESIAN_POINT('',(0.7,-0.2,0.475));
#10467 = DIRECTION('',(-2.22044604925E-16,1.,0.));
#10468 = DIRECTION('',(1.110223024625E-15,2.465190328815E-31,1.));
#10469 = ORIENTED_EDGE('',*,*,#10470,.F.);
#10470 = EDGE_CURVE('',#10471,#10462,#10473,.T.);
#10471 = VERTEX_POINT('',#10472);
#10472 = CARTESIAN_POINT('',(0.8,0.2,0.475));
#10473 = LINE('',#10474,#10475);
#10474 = CARTESIAN_POINT('',(0.8,0.2,0.475));
#10475 = VECTOR('',#10476,1.);
#10476 = DIRECTION('',(2.22044604925E-16,-1.,0.));
#10477 = ORIENTED_EDGE('',*,*,#10478,.F.);
#10478 = EDGE_CURVE('',#10191,#10471,#10479,.T.);
#10479 = CIRCLE('',#10480,0.1);
#10480 = AXIS2_PLACEMENT_3D('',#10481,#10482,#10483);
#10481 = CARTESIAN_POINT('',(0.7,0.2,0.475));
#10482 = DIRECTION('',(-2.22044604925E-16,1.,0.));
#10483 = DIRECTION('',(1.110223024625E-15,2.465190328815E-31,1.));
#10484 = CYLINDRICAL_SURFACE('',#10485,0.1);
#10485 = AXIS2_PLACEMENT_3D('',#10486,#10487,#10488);
#10486 = CARTESIAN_POINT('',(0.7,0.2,0.475));
#10487 = DIRECTION('',(-2.22044604925E-16,1.,0.));
#10488 = DIRECTION('',(1.110223024625E-15,2.465190328815E-31,1.));
#10489 = ADVANCED_FACE('',(#10490),#10507,.F.);
#10490 = FACE_BOUND('',#10491,.F.);
#10491 = EDGE_LOOP('',(#10492,#10493,#10500,#10506));
#10492 = ORIENTED_EDGE('',*,*,#10221,.T.);
#10493 = ORIENTED_EDGE('',*,*,#10494,.T.);
#10494 = EDGE_CURVE('',#10215,#10495,#10497,.T.);
#10495 = VERTEX_POINT('',#10496);
#10496 = CARTESIAN_POINT('',(0.605,-1.5,0.725));
#10497 = B_SPLINE_CURVE_WITH_KNOTS('',1,(#10498,#10499),.UNSPECIFIED.,
  .F.,.F.,(2,2),(0.,1.),.PIECEWISE_BEZIER_KNOTS.);
#10498 = CARTESIAN_POINT('',(0.605,-1.5,0.575));
#10499 = CARTESIAN_POINT('',(0.605,-1.5,0.725));
#10500 = ORIENTED_EDGE('',*,*,#10501,.F.);
#10501 = EDGE_CURVE('',#10440,#10495,#10502,.T.);
#10502 = LINE('',#10503,#10504);
#10503 = CARTESIAN_POINT('',(0.7,-1.405,0.725));
#10504 = VECTOR('',#10505,1.);
#10505 = DIRECTION('',(-0.707106781187,-0.707106781187,0.));
#10506 = ORIENTED_EDGE('',*,*,#10439,.F.);
#10507 = PLANE('',#10508);
#10508 = AXIS2_PLACEMENT_3D('',#10509,#10510,#10511);
#10509 = CARTESIAN_POINT('',(0.7,-1.405,0.725));
#10510 = DIRECTION('',(-0.707106781187,0.707106781187,0.));
#10511 = DIRECTION('',(-0.707106781187,-0.707106781187,0.));
#10512 = ADVANCED_FACE('',(#10513),#10530,.F.);
#10513 = FACE_BOUND('',#10514,.F.);
#10514 = EDGE_LOOP('',(#10515,#10516,#10523,#10529));
#10515 = ORIENTED_EDGE('',*,*,#10244,.T.);
#10516 = ORIENTED_EDGE('',*,*,#10517,.T.);
#10517 = EDGE_CURVE('',#10238,#10518,#10520,.T.);
#10518 = VERTEX_POINT('',#10519);
#10519 = CARTESIAN_POINT('',(-0.605,-1.5,0.725));
#10520 = B_SPLINE_CURVE_WITH_KNOTS('',1,(#10521,#10522),.UNSPECIFIED.,
  .F.,.F.,(2,2),(0.,1.),.PIECEWISE_BEZIER_KNOTS.);
#10521 = CARTESIAN_POINT('',(-0.605,-1.5,0.575));
#10522 = CARTESIAN_POINT('',(-0.605,-1.5,0.725));
#10523 = ORIENTED_EDGE('',*,*,#10524,.F.);
#10524 = EDGE_CURVE('',#10495,#10518,#10525,.T.);
#10525 = LINE('',#10526,#10527);
#10526 = CARTESIAN_POINT('',(0.605,-1.5,0.725));
#10527 = VECTOR('',#10528,1.);
#10528 = DIRECTION('',(-1.,-2.22044604925E-16,0.));
#10529 = ORIENTED_EDGE('',*,*,#10494,.F.);
#10530 = PLANE('',#10531);
#10531 = AXIS2_PLACEMENT_3D('',#10532,#10533,#10534);
#10532 = CARTESIAN_POINT('',(0.605,-1.5,0.725));
#10533 = DIRECTION('',(-2.22044604925E-16,1.,0.));
#10534 = DIRECTION('',(-1.,-2.22044604925E-16,0.));
#10535 = ADVANCED_FACE('',(#10536),#10553,.F.);
#10536 = FACE_BOUND('',#10537,.F.);
#10537 = EDGE_LOOP('',(#10538,#10539,#10546,#10552));
#10538 = ORIENTED_EDGE('',*,*,#10267,.T.);
#10539 = ORIENTED_EDGE('',*,*,#10540,.T.);
#10540 = EDGE_CURVE('',#10261,#10541,#10543,.T.);
#10541 = VERTEX_POINT('',#10542);
#10542 = CARTESIAN_POINT('',(-0.7,-1.405,0.725));
#10543 = B_SPLINE_CURVE_WITH_KNOTS('',1,(#10544,#10545),.UNSPECIFIED.,
  .F.,.F.,(2,2),(0.,1.),.PIECEWISE_BEZIER_KNOTS.);
#10544 = CARTESIAN_POINT('',(-0.7,-1.405,0.575));
#10545 = CARTESIAN_POINT('',(-0.7,-1.405,0.725));
#10546 = ORIENTED_EDGE('',*,*,#10547,.F.);
#10547 = EDGE_CURVE('',#10518,#10541,#10548,.T.);
#10548 = LINE('',#10549,#10550);
#10549 = CARTESIAN_POINT('',(-0.605,-1.5,0.725));
#10550 = VECTOR('',#10551,1.);
#10551 = DIRECTION('',(-0.707106781187,0.707106781187,0.));
#10552 = ORIENTED_EDGE('',*,*,#10517,.F.);
#10553 = PLANE('',#10554);
#10554 = AXIS2_PLACEMENT_3D('',#10555,#10556,#10557);
#10555 = CARTESIAN_POINT('',(-0.605,-1.5,0.725));
#10556 = DIRECTION('',(0.707106781187,0.707106781187,0.));
#10557 = DIRECTION('',(-0.707106781187,0.707106781187,0.));
#10558 = ADVANCED_FACE('',(#10559),#10577,.F.);
#10559 = FACE_BOUND('',#10560,.F.);
#10560 = EDGE_LOOP('',(#10561,#10562,#10563,#10571));
#10561 = ORIENTED_EDGE('',*,*,#10540,.F.);
#10562 = ORIENTED_EDGE('',*,*,#10316,.T.);
#10563 = ORIENTED_EDGE('',*,*,#10564,.T.);
#10564 = EDGE_CURVE('',#10309,#10565,#10567,.T.);
#10565 = VERTEX_POINT('',#10566);
#10566 = CARTESIAN_POINT('',(-0.7,-1.15,0.725));
#10567 = LINE('',#10568,#10569);
#10568 = CARTESIAN_POINT('',(-0.7,-1.15,0.525297170697));
#10569 = VECTOR('',#10570,1.);
#10570 = DIRECTION('',(0.,0.,1.));
#10571 = ORIENTED_EDGE('',*,*,#10572,.F.);
#10572 = EDGE_CURVE('',#10541,#10565,#10573,.T.);
#10573 = LINE('',#10574,#10575);
#10574 = CARTESIAN_POINT('',(-0.7,-1.405,0.725));
#10575 = VECTOR('',#10576,1.);
#10576 = DIRECTION('',(-2.22044604925E-16,1.,0.));
#10577 = PLANE('',#10578);
#10578 = AXIS2_PLACEMENT_3D('',#10579,#10580,#10581);
#10579 = CARTESIAN_POINT('',(-0.7,-1.405,0.725));
#10580 = DIRECTION('',(1.,2.22044604925E-16,0.));
#10581 = DIRECTION('',(-2.22044604925E-16,1.,0.));
#10582 = ADVANCED_FACE('',(#10583),#10601,.F.);
#10583 = FACE_BOUND('',#10584,.F.);
#10584 = EDGE_LOOP('',(#10585,#10593,#10594,#10595));
#10585 = ORIENTED_EDGE('',*,*,#10586,.F.);
#10586 = EDGE_CURVE('',#10285,#10587,#10589,.T.);
#10587 = VERTEX_POINT('',#10588);
#10588 = CARTESIAN_POINT('',(-0.7,1.15,0.725));
#10589 = LINE('',#10590,#10591);
#10590 = CARTESIAN_POINT('',(-0.7,1.15,0.525297170697));
#10591 = VECTOR('',#10592,1.);
#10592 = DIRECTION('',(0.,0.,1.));
#10593 = ORIENTED_EDGE('',*,*,#10284,.T.);
#10594 = ORIENTED_EDGE('',*,*,#10393,.T.);
#10595 = ORIENTED_EDGE('',*,*,#10596,.F.);
#10596 = EDGE_CURVE('',#10587,#10386,#10597,.T.);
#10597 = LINE('',#10598,#10599);
#10598 = CARTESIAN_POINT('',(-0.7,-1.405,0.725));
#10599 = VECTOR('',#10600,1.);
#10600 = DIRECTION('',(-2.22044604925E-16,1.,0.));
#10601 = PLANE('',#10602);
#10602 = AXIS2_PLACEMENT_3D('',#10603,#10604,#10605);
#10603 = CARTESIAN_POINT('',(-0.7,-1.405,0.725));
#10604 = DIRECTION('',(1.,2.22044604925E-16,0.));
#10605 = DIRECTION('',(-2.22044604925E-16,1.,0.));
#10606 = ADVANCED_FACE('',(#10607),#10634,.F.);
#10607 = FACE_BOUND('',#10608,.F.);
#10608 = EDGE_LOOP('',(#10609,#10610,#10619,#10627));
#10609 = ORIENTED_EDGE('',*,*,#10308,.T.);
#10610 = ORIENTED_EDGE('',*,*,#10611,.T.);
#10611 = EDGE_CURVE('',#10301,#10612,#10614,.T.);
#10612 = VERTEX_POINT('',#10613);
#10613 = CARTESIAN_POINT('',(-0.8,-0.75,0.475));
#10614 = CIRCLE('',#10615,0.1);
#10615 = AXIS2_PLACEMENT_3D('',#10616,#10617,#10618);
#10616 = CARTESIAN_POINT('',(-0.7,-0.75,0.475));
#10617 = DIRECTION('',(9.95799250103E-17,-1.,0.));
#10618 = DIRECTION('',(-1.110223024625E-15,-1.105559255369E-31,1.));
#10619 = ORIENTED_EDGE('',*,*,#10620,.F.);
#10620 = EDGE_CURVE('',#10621,#10612,#10623,.T.);
#10621 = VERTEX_POINT('',#10622);
#10622 = CARTESIAN_POINT('',(-0.8,-1.15,0.475));
#10623 = LINE('',#10624,#10625);
#10624 = CARTESIAN_POINT('',(-0.8,-1.15,0.475));
#10625 = VECTOR('',#10626,1.);
#10626 = DIRECTION('',(-9.95799250103E-17,1.,0.));
#10627 = ORIENTED_EDGE('',*,*,#10628,.F.);
#10628 = EDGE_CURVE('',#10309,#10621,#10629,.T.);
#10629 = CIRCLE('',#10630,0.1);
#10630 = AXIS2_PLACEMENT_3D('',#10631,#10632,#10633);
#10631 = CARTESIAN_POINT('',(-0.7,-1.15,0.475));
#10632 = DIRECTION('',(9.95799250103E-17,-1.,0.));
#10633 = DIRECTION('',(-1.110223024625E-15,-1.105559255369E-31,1.));
#10634 = CYLINDRICAL_SURFACE('',#10635,0.1);
#10635 = AXIS2_PLACEMENT_3D('',#10636,#10637,#10638);
#10636 = CARTESIAN_POINT('',(-0.7,-1.15,0.475));
#10637 = DIRECTION('',(9.95799250103E-17,-1.,0.));
#10638 = DIRECTION('',(-1.110223024625E-15,-1.105559255369E-31,1.));
#10639 = ADVANCED_FACE('',(#10640),#10667,.F.);
#10640 = FACE_BOUND('',#10641,.F.);
#10641 = EDGE_LOOP('',(#10642,#10643,#10652,#10660));
#10642 = ORIENTED_EDGE('',*,*,#10292,.T.);
#10643 = ORIENTED_EDGE('',*,*,#10644,.T.);
#10644 = EDGE_CURVE('',#10285,#10645,#10647,.T.);
#10645 = VERTEX_POINT('',#10646);
#10646 = CARTESIAN_POINT('',(-0.8,1.15,0.475));
#10647 = CIRCLE('',#10648,0.1);
#10648 = AXIS2_PLACEMENT_3D('',#10649,#10650,#10651);
#10649 = CARTESIAN_POINT('',(-0.7,1.15,0.475));
#10650 = DIRECTION('',(9.95799250103E-17,-1.,0.));
#10651 = DIRECTION('',(-1.110223024625E-15,-1.105559255369E-31,1.));
#10652 = ORIENTED_EDGE('',*,*,#10653,.F.);
#10653 = EDGE_CURVE('',#10654,#10645,#10656,.T.);
#10654 = VERTEX_POINT('',#10655);
#10655 = CARTESIAN_POINT('',(-0.8,0.75,0.475));
#10656 = LINE('',#10657,#10658);
#10657 = CARTESIAN_POINT('',(-0.8,0.75,0.475));
#10658 = VECTOR('',#10659,1.);
#10659 = DIRECTION('',(-9.95799250103E-17,1.,0.));
#10660 = ORIENTED_EDGE('',*,*,#10661,.F.);
#10661 = EDGE_CURVE('',#10293,#10654,#10662,.T.);
#10662 = CIRCLE('',#10663,0.1);
#10663 = AXIS2_PLACEMENT_3D('',#10664,#10665,#10666);
#10664 = CARTESIAN_POINT('',(-0.7,0.75,0.475));
#10665 = DIRECTION('',(9.95799250103E-17,-1.,0.));
#10666 = DIRECTION('',(-1.110223024625E-15,-1.105559255369E-31,1.));
#10667 = CYLINDRICAL_SURFACE('',#10668,0.1);
#10668 = AXIS2_PLACEMENT_3D('',#10669,#10670,#10671);
#10669 = CARTESIAN_POINT('',(-0.7,0.75,0.475));
#10670 = DIRECTION('',(9.95799250103E-17,-1.,0.));
#10671 = DIRECTION('',(-1.110223024625E-15,-1.105559255369E-31,1.));
#10672 = ADVANCED_FACE('',(#10673),#10698,.F.);
#10673 = FACE_BOUND('',#10674,.F.);
#10674 = EDGE_LOOP('',(#10675,#10683,#10684,#10692));
#10675 = ORIENTED_EDGE('',*,*,#10676,.F.);
#10676 = EDGE_CURVE('',#10301,#10677,#10679,.T.);
#10677 = VERTEX_POINT('',#10678);
#10678 = CARTESIAN_POINT('',(-0.7,-0.75,0.725));
#10679 = LINE('',#10680,#10681);
#10680 = CARTESIAN_POINT('',(-0.7,-0.75,0.525297170697));
#10681 = VECTOR('',#10682,1.);
#10682 = DIRECTION('',(0.,0.,1.));
#10683 = ORIENTED_EDGE('',*,*,#10300,.T.);
#10684 = ORIENTED_EDGE('',*,*,#10685,.T.);
#10685 = EDGE_CURVE('',#10293,#10686,#10688,.T.);
#10686 = VERTEX_POINT('',#10687);
#10687 = CARTESIAN_POINT('',(-0.7,0.75,0.725));
#10688 = LINE('',#10689,#10690);
#10689 = CARTESIAN_POINT('',(-0.7,0.75,0.525297170697));
#10690 = VECTOR('',#10691,1.);
#10691 = DIRECTION('',(0.,0.,1.));
#10692 = ORIENTED_EDGE('',*,*,#10693,.F.);
#10693 = EDGE_CURVE('',#10677,#10686,#10694,.T.);
#10694 = LINE('',#10695,#10696);
#10695 = CARTESIAN_POINT('',(-0.7,-1.405,0.725));
#10696 = VECTOR('',#10697,1.);
#10697 = DIRECTION('',(-2.22044604925E-16,1.,0.));
#10698 = PLANE('',#10699);
#10699 = AXIS2_PLACEMENT_3D('',#10700,#10701,#10702);
#10700 = CARTESIAN_POINT('',(-0.7,-1.405,0.725));
#10701 = DIRECTION('',(1.,2.22044604925E-16,0.));
#10702 = DIRECTION('',(-2.22044604925E-16,1.,0.));
#10703 = ADVANCED_FACE('',(#10704),#10721,.F.);
#10704 = FACE_BOUND('',#10705,.F.);
#10705 = EDGE_LOOP('',(#10706,#10707,#10714,#10720));
#10706 = ORIENTED_EDGE('',*,*,#10339,.T.);
#10707 = ORIENTED_EDGE('',*,*,#10708,.T.);
#10708 = EDGE_CURVE('',#10333,#10709,#10711,.T.);
#10709 = VERTEX_POINT('',#10710);
#10710 = CARTESIAN_POINT('',(0.675,1.3925,0.725));
#10711 = B_SPLINE_CURVE_WITH_KNOTS('',1,(#10712,#10713),.UNSPECIFIED.,
  .F.,.F.,(2,2),(0.,1.),.PIECEWISE_BEZIER_KNOTS.);
#10712 = CARTESIAN_POINT('',(0.7,1.405,0.725));
#10713 = CARTESIAN_POINT('',(0.675,1.3925,0.725));
#10714 = ORIENTED_EDGE('',*,*,#10715,.F.);
#10715 = EDGE_CURVE('',#10356,#10709,#10716,.T.);
#10716 = LINE('',#10717,#10718);
#10717 = CARTESIAN_POINT('',(0.5925,1.475,0.725));
#10718 = VECTOR('',#10719,1.);
#10719 = DIRECTION('',(0.707106781187,-0.707106781187,0.));
#10720 = ORIENTED_EDGE('',*,*,#10355,.F.);
#10721 = B_SPLINE_SURFACE_WITH_KNOTS('',1,1,(
    (#10722,#10723)
    ,(#10724,#10725
    )),.UNSPECIFIED.,.F.,.F.,.F.,(2,2),(2,2),(0.,0.134350288425),(0.,1.)
  ,.PIECEWISE_BEZIER_KNOTS.);
#10722 = CARTESIAN_POINT('',(0.605,1.5,0.725));
#10723 = CARTESIAN_POINT('',(0.5925,1.475,0.725));
#10724 = CARTESIAN_POINT('',(0.7,1.405,0.725));
#10725 = CARTESIAN_POINT('',(0.675,1.3925,0.725));
#10726 = ADVANCED_FACE('',(#10727),#10750,.F.);
#10727 = FACE_BOUND('',#10728,.F.);
#10728 = EDGE_LOOP('',(#10729,#10730,#10737,#10745));
#10729 = ORIENTED_EDGE('',*,*,#10362,.T.);
#10730 = ORIENTED_EDGE('',*,*,#10731,.T.);
#10731 = EDGE_CURVE('',#10356,#10732,#10734,.T.);
#10732 = VERTEX_POINT('',#10733);
#10733 = CARTESIAN_POINT('',(0.559121551758,1.408243103516,1.2));
#10734 = B_SPLINE_CURVE_WITH_KNOTS('',1,(#10735,#10736),.UNSPECIFIED.,
  .F.,.F.,(2,2),(0.,1.),.PIECEWISE_BEZIER_KNOTS.);
#10735 = CARTESIAN_POINT('',(0.5925,1.475,0.725));
#10736 = CARTESIAN_POINT('',(0.559121551758,1.408243103516,1.2));
#10737 = ORIENTED_EDGE('',*,*,#10738,.F.);
#10738 = EDGE_CURVE('',#10739,#10732,#10741,.T.);
#10739 = VERTEX_POINT('',#10740);
#10740 = CARTESIAN_POINT('',(-0.559121551758,1.408243103516,1.2));
#10741 = LINE('',#10742,#10743);
#10742 = CARTESIAN_POINT('',(-0.559121551758,1.408243103516,1.2));
#10743 = VECTOR('',#10744,1.);
#10744 = DIRECTION('',(1.,2.22044604925E-16,0.));
#10745 = ORIENTED_EDGE('',*,*,#10746,.F.);
#10746 = EDGE_CURVE('',#10363,#10739,#10747,.T.);
#10747 = B_SPLINE_CURVE_WITH_KNOTS('',1,(#10748,#10749),.UNSPECIFIED.,
  .F.,.F.,(2,2),(0.,1.),.PIECEWISE_BEZIER_KNOTS.);
#10748 = CARTESIAN_POINT('',(-0.5925,1.475,0.725));
#10749 = CARTESIAN_POINT('',(-0.559121551758,1.408243103516,1.2));
#10750 = B_SPLINE_SURFACE_WITH_KNOTS('',1,1,(
    (#10751,#10752)
    ,(#10753,#10754
    )),.UNSPECIFIED.,.F.,.F.,.F.,(2,2),(2,2),(0.,1.185),(0.,1.),
  .PIECEWISE_BEZIER_KNOTS.);
#10751 = CARTESIAN_POINT('',(-0.5925,1.475,0.725));
#10752 = CARTESIAN_POINT('',(-0.559121551758,1.408243103516,1.2));
#10753 = CARTESIAN_POINT('',(0.5925,1.475,0.725));
#10754 = CARTESIAN_POINT('',(0.559121551758,1.408243103516,1.2));
#10755 = ADVANCED_FACE('',(#10756),#10773,.F.);
#10756 = FACE_BOUND('',#10757,.F.);
#10757 = EDGE_LOOP('',(#10758,#10759,#10760,#10768));
#10758 = ORIENTED_EDGE('',*,*,#10385,.T.);
#10759 = ORIENTED_EDGE('',*,*,#10370,.T.);
#10760 = ORIENTED_EDGE('',*,*,#10761,.F.);
#10761 = EDGE_CURVE('',#10762,#10363,#10764,.T.);
#10762 = VERTEX_POINT('',#10763);
#10763 = CARTESIAN_POINT('',(-0.675,1.3925,0.725));
#10764 = LINE('',#10765,#10766);
#10765 = CARTESIAN_POINT('',(-0.675,1.3925,0.725));
#10766 = VECTOR('',#10767,1.);
#10767 = DIRECTION('',(0.707106781187,0.707106781187,0.));
#10768 = ORIENTED_EDGE('',*,*,#10769,.F.);
#10769 = EDGE_CURVE('',#10386,#10762,#10770,.T.);
#10770 = B_SPLINE_CURVE_WITH_KNOTS('',1,(#10771,#10772),.UNSPECIFIED.,
  .F.,.F.,(2,2),(0.,1.),.PIECEWISE_BEZIER_KNOTS.);
#10771 = CARTESIAN_POINT('',(-0.7,1.405,0.725));
#10772 = CARTESIAN_POINT('',(-0.675,1.3925,0.725));
#10773 = B_SPLINE_SURFACE_WITH_KNOTS('',1,1,(
    (#10774,#10775)
    ,(#10776,#10777
    )),.UNSPECIFIED.,.F.,.F.,.F.,(2,2),(2,2),(0.,0.134350288425),(0.,1.)
  ,.PIECEWISE_BEZIER_KNOTS.);
#10774 = CARTESIAN_POINT('',(-0.7,1.405,0.725));
#10775 = CARTESIAN_POINT('',(-0.675,1.3925,0.725));
#10776 = CARTESIAN_POINT('',(-0.605,1.5,0.725));
#10777 = CARTESIAN_POINT('',(-0.5925,1.475,0.725));
#10778 = ADVANCED_FACE('',(#10779),#10797,.F.);
#10779 = FACE_BOUND('',#10780,.F.);
#10780 = EDGE_LOOP('',(#10781,#10782,#10783,#10791));
#10781 = ORIENTED_EDGE('',*,*,#10708,.F.);
#10782 = ORIENTED_EDGE('',*,*,#10416,.T.);
#10783 = ORIENTED_EDGE('',*,*,#10784,.T.);
#10784 = EDGE_CURVE('',#10409,#10785,#10787,.T.);
#10785 = VERTEX_POINT('',#10786);
#10786 = CARTESIAN_POINT('',(0.675,0.2,0.725));
#10787 = LINE('',#10788,#10789);
#10788 = CARTESIAN_POINT('',(0.7,0.2,0.725));
#10789 = VECTOR('',#10790,1.);
#10790 = DIRECTION('',(-1.,-2.22044604925E-16,0.));
#10791 = ORIENTED_EDGE('',*,*,#10792,.F.);
#10792 = EDGE_CURVE('',#10709,#10785,#10793,.T.);
#10793 = LINE('',#10794,#10795);
#10794 = CARTESIAN_POINT('',(0.675,1.3925,0.725));
#10795 = VECTOR('',#10796,1.);
#10796 = DIRECTION('',(2.22044604925E-16,-1.,0.));
#10797 = B_SPLINE_SURFACE_WITH_KNOTS('',1,1,(
    (#10798,#10799)
    ,(#10800,#10801
    )),.UNSPECIFIED.,.F.,.F.,.F.,(2,2),(2,2),(0.,2.81),(0.,1.),
  .PIECEWISE_BEZIER_KNOTS.);
#10798 = CARTESIAN_POINT('',(0.7,1.405,0.725));
#10799 = CARTESIAN_POINT('',(0.675,1.3925,0.725));
#10800 = CARTESIAN_POINT('',(0.7,-1.405,0.725));
#10801 = CARTESIAN_POINT('',(0.675,-1.3925,0.725));
#10802 = ADVANCED_FACE('',(#10803),#10872,.F.);
#10803 = FACE_BOUND('',#10804,.F.);
#10804 = EDGE_LOOP('',(#10805,#10806,#10807,#10815,#10824,#10832,#10840,
    #10848,#10857,#10865));
#10805 = ORIENTED_EDGE('',*,*,#10408,.F.);
#10806 = ORIENTED_EDGE('',*,*,#10478,.T.);
#10807 = ORIENTED_EDGE('',*,*,#10808,.T.);
#10808 = EDGE_CURVE('',#10471,#10809,#10811,.T.);
#10809 = VERTEX_POINT('',#10810);
#10810 = CARTESIAN_POINT('',(0.8,0.2,0.25));
#10811 = LINE('',#10812,#10813);
#10812 = CARTESIAN_POINT('',(0.8,0.2,0.475));
#10813 = VECTOR('',#10814,1.);
#10814 = DIRECTION('',(0.,0.,-1.));
#10815 = ORIENTED_EDGE('',*,*,#10816,.T.);
#10816 = EDGE_CURVE('',#10809,#10817,#10819,.T.);
#10817 = VERTEX_POINT('',#10818);
#10818 = CARTESIAN_POINT('',(1.05,0.2,0.));
#10819 = CIRCLE('',#10820,0.25);
#10820 = AXIS2_PLACEMENT_3D('',#10821,#10822,#10823);
#10821 = CARTESIAN_POINT('',(1.05,0.2,0.25));
#10822 = DIRECTION('',(2.22044604925E-16,-1.,0.));
#10823 = DIRECTION('',(-1.,-2.22044604925E-16,-4.440892098501E-16));
#10824 = ORIENTED_EDGE('',*,*,#10825,.T.);
#10825 = EDGE_CURVE('',#10817,#10826,#10828,.T.);
#10826 = VERTEX_POINT('',#10827);
#10827 = CARTESIAN_POINT('',(1.25,0.2,0.));
#10828 = LINE('',#10829,#10830);
#10829 = CARTESIAN_POINT('',(1.05,0.2,0.));
#10830 = VECTOR('',#10831,1.);
#10831 = DIRECTION('',(1.,2.22044604925E-16,0.));
#10832 = ORIENTED_EDGE('',*,*,#10833,.T.);
#10833 = EDGE_CURVE('',#10826,#10834,#10836,.T.);
#10834 = VERTEX_POINT('',#10835);
#10835 = CARTESIAN_POINT('',(1.25,0.2,0.15));
#10836 = LINE('',#10837,#10838);
#10837 = CARTESIAN_POINT('',(1.25,0.2,0.));
#10838 = VECTOR('',#10839,1.);
#10839 = DIRECTION('',(0.,0.,1.));
#10840 = ORIENTED_EDGE('',*,*,#10841,.T.);
#10841 = EDGE_CURVE('',#10834,#10842,#10844,.T.);
#10842 = VERTEX_POINT('',#10843);
#10843 = CARTESIAN_POINT('',(1.05,0.2,0.15));
#10844 = LINE('',#10845,#10846);
#10845 = CARTESIAN_POINT('',(1.25,0.2,0.15));
#10846 = VECTOR('',#10847,1.);
#10847 = DIRECTION('',(-1.,-2.22044604925E-16,0.));
#10848 = ORIENTED_EDGE('',*,*,#10849,.T.);
#10849 = EDGE_CURVE('',#10842,#10850,#10852,.T.);
#10850 = VERTEX_POINT('',#10851);
#10851 = CARTESIAN_POINT('',(0.95,0.2,0.25));
#10852 = CIRCLE('',#10853,0.1);
#10853 = AXIS2_PLACEMENT_3D('',#10854,#10855,#10856);
#10854 = CARTESIAN_POINT('',(1.05,0.2,0.25));
#10855 = DIRECTION('',(-2.22044604925E-16,1.,0.));
#10856 = DIRECTION('',(-2.22044604925E-15,-4.93038065763E-31,-1.));
#10857 = ORIENTED_EDGE('',*,*,#10858,.T.);
#10858 = EDGE_CURVE('',#10850,#10859,#10861,.T.);
#10859 = VERTEX_POINT('',#10860);
#10860 = CARTESIAN_POINT('',(0.95,0.2,0.475));
#10861 = LINE('',#10862,#10863);
#10862 = CARTESIAN_POINT('',(0.95,0.2,0.25));
#10863 = VECTOR('',#10864,1.);
#10864 = DIRECTION('',(0.,0.,1.));
#10865 = ORIENTED_EDGE('',*,*,#10866,.T.);
#10866 = EDGE_CURVE('',#10859,#10409,#10867,.T.);
#10867 = CIRCLE('',#10868,0.25);
#10868 = AXIS2_PLACEMENT_3D('',#10869,#10870,#10871);
#10869 = CARTESIAN_POINT('',(0.7,0.2,0.475));
#10870 = DIRECTION('',(2.22044604925E-16,-1.,0.));
#10871 = DIRECTION('',(1.,2.22044604925E-16,0.));
#10872 = PLANE('',#10873);
#10873 = AXIS2_PLACEMENT_3D('',#10874,#10875,#10876);
#10874 = CARTESIAN_POINT('',(0.923137815574,0.2,0.325594341393));
#10875 = DIRECTION('',(2.22044604925E-16,-1.,0.));
#10876 = DIRECTION('',(0.,0.,1.));
#10877 = ADVANCED_FACE('',(#10878),#10947,.T.);
#10878 = FACE_BOUND('',#10879,.T.);
#10879 = EDGE_LOOP('',(#10880,#10881,#10882,#10890,#10899,#10907,#10915,
    #10923,#10932,#10940));
#10880 = ORIENTED_EDGE('',*,*,#10430,.F.);
#10881 = ORIENTED_EDGE('',*,*,#10461,.T.);
#10882 = ORIENTED_EDGE('',*,*,#10883,.T.);
#10883 = EDGE_CURVE('',#10462,#10884,#10886,.T.);
#10884 = VERTEX_POINT('',#10885);
#10885 = CARTESIAN_POINT('',(0.8,-0.2,0.25));
#10886 = LINE('',#10887,#10888);
#10887 = CARTESIAN_POINT('',(0.8,-0.2,0.475));
#10888 = VECTOR('',#10889,1.);
#10889 = DIRECTION('',(0.,0.,-1.));
#10890 = ORIENTED_EDGE('',*,*,#10891,.T.);
#10891 = EDGE_CURVE('',#10884,#10892,#10894,.T.);
#10892 = VERTEX_POINT('',#10893);
#10893 = CARTESIAN_POINT('',(1.05,-0.2,0.));
#10894 = CIRCLE('',#10895,0.25);
#10895 = AXIS2_PLACEMENT_3D('',#10896,#10897,#10898);
#10896 = CARTESIAN_POINT('',(1.05,-0.2,0.25));
#10897 = DIRECTION('',(2.22044604925E-16,-1.,0.));
#10898 = DIRECTION('',(-1.,-2.22044604925E-16,-4.440892098501E-16));
#10899 = ORIENTED_EDGE('',*,*,#10900,.T.);
#10900 = EDGE_CURVE('',#10892,#10901,#10903,.T.);
#10901 = VERTEX_POINT('',#10902);
#10902 = CARTESIAN_POINT('',(1.25,-0.2,0.));
#10903 = LINE('',#10904,#10905);
#10904 = CARTESIAN_POINT('',(1.05,-0.2,0.));
#10905 = VECTOR('',#10906,1.);
#10906 = DIRECTION('',(1.,2.22044604925E-16,0.));
#10907 = ORIENTED_EDGE('',*,*,#10908,.T.);
#10908 = EDGE_CURVE('',#10901,#10909,#10911,.T.);
#10909 = VERTEX_POINT('',#10910);
#10910 = CARTESIAN_POINT('',(1.25,-0.2,0.15));
#10911 = LINE('',#10912,#10913);
#10912 = CARTESIAN_POINT('',(1.25,-0.2,0.));
#10913 = VECTOR('',#10914,1.);
#10914 = DIRECTION('',(0.,0.,1.));
#10915 = ORIENTED_EDGE('',*,*,#10916,.T.);
#10916 = EDGE_CURVE('',#10909,#10917,#10919,.T.);
#10917 = VERTEX_POINT('',#10918);
#10918 = CARTESIAN_POINT('',(1.05,-0.2,0.15));
#10919 = LINE('',#10920,#10921);
#10920 = CARTESIAN_POINT('',(1.25,-0.2,0.15));
#10921 = VECTOR('',#10922,1.);
#10922 = DIRECTION('',(-1.,-2.22044604925E-16,0.));
#10923 = ORIENTED_EDGE('',*,*,#10924,.T.);
#10924 = EDGE_CURVE('',#10917,#10925,#10927,.T.);
#10925 = VERTEX_POINT('',#10926);
#10926 = CARTESIAN_POINT('',(0.95,-0.2,0.25));
#10927 = CIRCLE('',#10928,0.1);
#10928 = AXIS2_PLACEMENT_3D('',#10929,#10930,#10931);
#10929 = CARTESIAN_POINT('',(1.05,-0.2,0.25));
#10930 = DIRECTION('',(-2.22044604925E-16,1.,0.));
#10931 = DIRECTION('',(-2.22044604925E-15,-4.93038065763E-31,-1.));
#10932 = ORIENTED_EDGE('',*,*,#10933,.T.);
#10933 = EDGE_CURVE('',#10925,#10934,#10936,.T.);
#10934 = VERTEX_POINT('',#10935);
#10935 = CARTESIAN_POINT('',(0.95,-0.2,0.475));
#10936 = LINE('',#10937,#10938);
#10937 = CARTESIAN_POINT('',(0.95,-0.2,0.25));
#10938 = VECTOR('',#10939,1.);
#10939 = DIRECTION('',(0.,0.,1.));
#10940 = ORIENTED_EDGE('',*,*,#10941,.T.);
#10941 = EDGE_CURVE('',#10934,#10431,#10942,.T.);
#10942 = CIRCLE('',#10943,0.25);
#10943 = AXIS2_PLACEMENT_3D('',#10944,#10945,#10946);
#10944 = CARTESIAN_POINT('',(0.7,-0.2,0.475));
#10945 = DIRECTION('',(2.22044604925E-16,-1.,0.));
#10946 = DIRECTION('',(1.,2.22044604925E-16,0.));
#10947 = PLANE('',#10948);
#10948 = AXIS2_PLACEMENT_3D('',#10949,#10950,#10951);
#10949 = CARTESIAN_POINT('',(0.923137815574,-0.2,0.325594341393));
#10950 = DIRECTION('',(2.22044604925E-16,-1.,0.));
#10951 = DIRECTION('',(0.,0.,1.));
#10952 = ADVANCED_FACE('',(#10953),#10977,.F.);
#10953 = FACE_BOUND('',#10954,.F.);
#10954 = EDGE_LOOP('',(#10955,#10963,#10964,#10971));
#10955 = ORIENTED_EDGE('',*,*,#10956,.F.);
#10956 = EDGE_CURVE('',#10431,#10957,#10959,.T.);
#10957 = VERTEX_POINT('',#10958);
#10958 = CARTESIAN_POINT('',(0.675,-0.2,0.725));
#10959 = LINE('',#10960,#10961);
#10960 = CARTESIAN_POINT('',(0.7,-0.2,0.725));
#10961 = VECTOR('',#10962,1.);
#10962 = DIRECTION('',(-1.,-2.22044604925E-16,0.));
#10963 = ORIENTED_EDGE('',*,*,#10446,.T.);
#10964 = ORIENTED_EDGE('',*,*,#10965,.T.);
#10965 = EDGE_CURVE('',#10440,#10966,#10968,.T.);
#10966 = VERTEX_POINT('',#10967);
#10967 = CARTESIAN_POINT('',(0.675,-1.3925,0.725));
#10968 = B_SPLINE_CURVE_WITH_KNOTS('',1,(#10969,#10970),.UNSPECIFIED.,
  .F.,.F.,(2,2),(0.,1.),.PIECEWISE_BEZIER_KNOTS.);
#10969 = CARTESIAN_POINT('',(0.7,-1.405,0.725));
#10970 = CARTESIAN_POINT('',(0.675,-1.3925,0.725));
#10971 = ORIENTED_EDGE('',*,*,#10972,.F.);
#10972 = EDGE_CURVE('',#10957,#10966,#10973,.T.);
#10973 = LINE('',#10974,#10975);
#10974 = CARTESIAN_POINT('',(0.675,1.3925,0.725));
#10975 = VECTOR('',#10976,1.);
#10976 = DIRECTION('',(2.22044604925E-16,-1.,0.));
#10977 = B_SPLINE_SURFACE_WITH_KNOTS('',1,1,(
    (#10978,#10979)
    ,(#10980,#10981
    )),.UNSPECIFIED.,.F.,.F.,.F.,(2,2),(2,2),(0.,2.81),(0.,1.),
  .PIECEWISE_BEZIER_KNOTS.);
#10978 = CARTESIAN_POINT('',(0.7,1.405,0.725));
#10979 = CARTESIAN_POINT('',(0.675,1.3925,0.725));
#10980 = CARTESIAN_POINT('',(0.7,-1.405,0.725));
#10981 = CARTESIAN_POINT('',(0.675,-1.3925,0.725));
#10982 = ADVANCED_FACE('',(#10983),#10994,.F.);
#10983 = FACE_BOUND('',#10984,.F.);
#10984 = EDGE_LOOP('',(#10985,#10986,#10987,#10993));
#10985 = ORIENTED_EDGE('',*,*,#10470,.T.);
#10986 = ORIENTED_EDGE('',*,*,#10883,.T.);
#10987 = ORIENTED_EDGE('',*,*,#10988,.F.);
#10988 = EDGE_CURVE('',#10809,#10884,#10989,.T.);
#10989 = LINE('',#10990,#10991);
#10990 = CARTESIAN_POINT('',(0.8,0.2,0.25));
#10991 = VECTOR('',#10992,1.);
#10992 = DIRECTION('',(2.22044604925E-16,-1.,0.));
#10993 = ORIENTED_EDGE('',*,*,#10808,.F.);
#10994 = PLANE('',#10995);
#10995 = AXIS2_PLACEMENT_3D('',#10996,#10997,#10998);
#10996 = CARTESIAN_POINT('',(0.8,0.2,0.475));
#10997 = DIRECTION('',(1.,2.22044604925E-16,0.));
#10998 = DIRECTION('',(0.,0.,-1.));
#10999 = ADVANCED_FACE('',(#11000),#11017,.F.);
#11000 = FACE_BOUND('',#11001,.F.);
#11001 = EDGE_LOOP('',(#11002,#11003,#11010,#11016));
#11002 = ORIENTED_EDGE('',*,*,#10501,.T.);
#11003 = ORIENTED_EDGE('',*,*,#11004,.T.);
#11004 = EDGE_CURVE('',#10495,#11005,#11007,.T.);
#11005 = VERTEX_POINT('',#11006);
#11006 = CARTESIAN_POINT('',(0.5925,-1.475,0.725));
#11007 = B_SPLINE_CURVE_WITH_KNOTS('',1,(#11008,#11009),.UNSPECIFIED.,
  .F.,.F.,(2,2),(0.,1.),.PIECEWISE_BEZIER_KNOTS.);
#11008 = CARTESIAN_POINT('',(0.605,-1.5,0.725));
#11009 = CARTESIAN_POINT('',(0.5925,-1.475,0.725));
#11010 = ORIENTED_EDGE('',*,*,#11011,.F.);
#11011 = EDGE_CURVE('',#10966,#11005,#11012,.T.);
#11012 = LINE('',#11013,#11014);
#11013 = CARTESIAN_POINT('',(0.675,-1.3925,0.725));
#11014 = VECTOR('',#11015,1.);
#11015 = DIRECTION('',(-0.707106781187,-0.707106781187,0.));
#11016 = ORIENTED_EDGE('',*,*,#10965,.F.);
#11017 = B_SPLINE_SURFACE_WITH_KNOTS('',1,1,(
    (#11018,#11019)
    ,(#11020,#11021
    )),.UNSPECIFIED.,.F.,.F.,.F.,(2,2),(2,2),(0.,0.134350288425),(0.,1.)
  ,.PIECEWISE_BEZIER_KNOTS.);
#11018 = CARTESIAN_POINT('',(0.7,-1.405,0.725));
#11019 = CARTESIAN_POINT('',(0.675,-1.3925,0.725));
#11020 = CARTESIAN_POINT('',(0.605,-1.5,0.725));
#11021 = CARTESIAN_POINT('',(0.5925,-1.475,0.725));
#11022 = ADVANCED_FACE('',(#11023),#11040,.F.);
#11023 = FACE_BOUND('',#11024,.F.);
#11024 = EDGE_LOOP('',(#11025,#11026,#11033,#11039));
#11025 = ORIENTED_EDGE('',*,*,#10524,.T.);
#11026 = ORIENTED_EDGE('',*,*,#11027,.T.);
#11027 = EDGE_CURVE('',#10518,#11028,#11030,.T.);
#11028 = VERTEX_POINT('',#11029);
#11029 = CARTESIAN_POINT('',(-0.5925,-1.475,0.725));
#11030 = B_SPLINE_CURVE_WITH_KNOTS('',1,(#11031,#11032),.UNSPECIFIED.,
  .F.,.F.,(2,2),(0.,1.),.PIECEWISE_BEZIER_KNOTS.);
#11031 = CARTESIAN_POINT('',(-0.605,-1.5,0.725));
#11032 = CARTESIAN_POINT('',(-0.5925,-1.475,0.725));
#11033 = ORIENTED_EDGE('',*,*,#11034,.F.);
#11034 = EDGE_CURVE('',#11005,#11028,#11035,.T.);
#11035 = LINE('',#11036,#11037);
#11036 = CARTESIAN_POINT('',(0.5925,-1.475,0.725));
#11037 = VECTOR('',#11038,1.);
#11038 = DIRECTION('',(-1.,-2.22044604925E-16,0.));
#11039 = ORIENTED_EDGE('',*,*,#11004,.F.);
#11040 = B_SPLINE_SURFACE_WITH_KNOTS('',1,1,(
    (#11041,#11042)
    ,(#11043,#11044
    )),.UNSPECIFIED.,.F.,.F.,.F.,(2,2),(2,2),(0.,1.21),(0.,1.),
  .PIECEWISE_BEZIER_KNOTS.);
#11041 = CARTESIAN_POINT('',(0.605,-1.5,0.725));
#11042 = CARTESIAN_POINT('',(0.5925,-1.475,0.725));
#11043 = CARTESIAN_POINT('',(-0.605,-1.5,0.725));
#11044 = CARTESIAN_POINT('',(-0.5925,-1.475,0.725));
#11045 = ADVANCED_FACE('',(#11046),#11063,.F.);
#11046 = FACE_BOUND('',#11047,.F.);
#11047 = EDGE_LOOP('',(#11048,#11049,#11056,#11062));
#11048 = ORIENTED_EDGE('',*,*,#10547,.T.);
#11049 = ORIENTED_EDGE('',*,*,#11050,.T.);
#11050 = EDGE_CURVE('',#10541,#11051,#11053,.T.);
#11051 = VERTEX_POINT('',#11052);
#11052 = CARTESIAN_POINT('',(-0.675,-1.3925,0.725));
#11053 = B_SPLINE_CURVE_WITH_KNOTS('',1,(#11054,#11055),.UNSPECIFIED.,
  .F.,.F.,(2,2),(0.,1.),.PIECEWISE_BEZIER_KNOTS.);
#11054 = CARTESIAN_POINT('',(-0.7,-1.405,0.725));
#11055 = CARTESIAN_POINT('',(-0.675,-1.3925,0.725));
#11056 = ORIENTED_EDGE('',*,*,#11057,.F.);
#11057 = EDGE_CURVE('',#11028,#11051,#11058,.T.);
#11058 = LINE('',#11059,#11060);
#11059 = CARTESIAN_POINT('',(-0.5925,-1.475,0.725));
#11060 = VECTOR('',#11061,1.);
#11061 = DIRECTION('',(-0.707106781187,0.707106781187,0.));
#11062 = ORIENTED_EDGE('',*,*,#11027,.F.);
#11063 = B_SPLINE_SURFACE_WITH_KNOTS('',1,1,(
    (#11064,#11065)
    ,(#11066,#11067
    )),.UNSPECIFIED.,.F.,.F.,.F.,(2,2),(2,2),(0.,0.134350288425),(0.,1.)
  ,.PIECEWISE_BEZIER_KNOTS.);
#11064 = CARTESIAN_POINT('',(-0.605,-1.5,0.725));
#11065 = CARTESIAN_POINT('',(-0.5925,-1.475,0.725));
#11066 = CARTESIAN_POINT('',(-0.7,-1.405,0.725));
#11067 = CARTESIAN_POINT('',(-0.675,-1.3925,0.725));
#11068 = ADVANCED_FACE('',(#11069),#11087,.F.);
#11069 = FACE_BOUND('',#11070,.F.);
#11070 = EDGE_LOOP('',(#11071,#11072,#11073,#11081));
#11071 = ORIENTED_EDGE('',*,*,#11050,.F.);
#11072 = ORIENTED_EDGE('',*,*,#10572,.T.);
#11073 = ORIENTED_EDGE('',*,*,#11074,.T.);
#11074 = EDGE_CURVE('',#10565,#11075,#11077,.T.);
#11075 = VERTEX_POINT('',#11076);
#11076 = CARTESIAN_POINT('',(-0.675,-1.15,0.725));
#11077 = LINE('',#11078,#11079);
#11078 = CARTESIAN_POINT('',(-0.7,-1.15,0.725));
#11079 = VECTOR('',#11080,1.);
#11080 = DIRECTION('',(1.,9.95799250103E-17,0.));
#11081 = ORIENTED_EDGE('',*,*,#11082,.F.);
#11082 = EDGE_CURVE('',#11051,#11075,#11083,.T.);
#11083 = LINE('',#11084,#11085);
#11084 = CARTESIAN_POINT('',(-0.675,-1.3925,0.725));
#11085 = VECTOR('',#11086,1.);
#11086 = DIRECTION('',(-2.22044604925E-16,1.,0.));
#11087 = B_SPLINE_SURFACE_WITH_KNOTS('',1,1,(
    (#11088,#11089)
    ,(#11090,#11091
    )),.UNSPECIFIED.,.F.,.F.,.F.,(2,2),(2,2),(0.,2.81),(0.,1.),
  .PIECEWISE_BEZIER_KNOTS.);
#11088 = CARTESIAN_POINT('',(-0.7,-1.405,0.725));
#11089 = CARTESIAN_POINT('',(-0.675,-1.3925,0.725));
#11090 = CARTESIAN_POINT('',(-0.7,1.405,0.725));
#11091 = CARTESIAN_POINT('',(-0.675,1.3925,0.725));
#11092 = ADVANCED_FACE('',(#11093),#11162,.F.);
#11093 = FACE_BOUND('',#11094,.F.);
#11094 = EDGE_LOOP('',(#11095,#11096,#11097,#11105,#11114,#11122,#11130,
    #11138,#11147,#11155));
#11095 = ORIENTED_EDGE('',*,*,#10564,.F.);
#11096 = ORIENTED_EDGE('',*,*,#10628,.T.);
#11097 = ORIENTED_EDGE('',*,*,#11098,.T.);
#11098 = EDGE_CURVE('',#10621,#11099,#11101,.T.);
#11099 = VERTEX_POINT('',#11100);
#11100 = CARTESIAN_POINT('',(-0.8,-1.15,0.25));
#11101 = LINE('',#11102,#11103);
#11102 = CARTESIAN_POINT('',(-0.8,-1.15,0.475));
#11103 = VECTOR('',#11104,1.);
#11104 = DIRECTION('',(-0.,0.,-1.));
#11105 = ORIENTED_EDGE('',*,*,#11106,.T.);
#11106 = EDGE_CURVE('',#11099,#11107,#11109,.T.);
#11107 = VERTEX_POINT('',#11108);
#11108 = CARTESIAN_POINT('',(-1.05,-1.15,0.));
#11109 = CIRCLE('',#11110,0.25);
#11110 = AXIS2_PLACEMENT_3D('',#11111,#11112,#11113);
#11111 = CARTESIAN_POINT('',(-1.05,-1.15,0.25));
#11112 = DIRECTION('',(-9.95799250103E-17,1.,0.));
#11113 = DIRECTION('',(1.,9.95799250103E-17,-4.440892098501E-16));
#11114 = ORIENTED_EDGE('',*,*,#11115,.T.);
#11115 = EDGE_CURVE('',#11107,#11116,#11118,.T.);
#11116 = VERTEX_POINT('',#11117);
#11117 = CARTESIAN_POINT('',(-1.25,-1.15,0.));
#11118 = LINE('',#11119,#11120);
#11119 = CARTESIAN_POINT('',(-1.05,-1.15,0.));
#11120 = VECTOR('',#11121,1.);
#11121 = DIRECTION('',(-1.,-9.95799250103E-17,0.));
#11122 = ORIENTED_EDGE('',*,*,#11123,.T.);
#11123 = EDGE_CURVE('',#11116,#11124,#11126,.T.);
#11124 = VERTEX_POINT('',#11125);
#11125 = CARTESIAN_POINT('',(-1.25,-1.15,0.15));
#11126 = LINE('',#11127,#11128);
#11127 = CARTESIAN_POINT('',(-1.25,-1.15,0.));
#11128 = VECTOR('',#11129,1.);
#11129 = DIRECTION('',(0.,0.,1.));
#11130 = ORIENTED_EDGE('',*,*,#11131,.T.);
#11131 = EDGE_CURVE('',#11124,#11132,#11134,.T.);
#11132 = VERTEX_POINT('',#11133);
#11133 = CARTESIAN_POINT('',(-1.05,-1.15,0.15));
#11134 = LINE('',#11135,#11136);
#11135 = CARTESIAN_POINT('',(-1.25,-1.15,0.15));
#11136 = VECTOR('',#11137,1.);
#11137 = DIRECTION('',(1.,9.95799250103E-17,0.));
#11138 = ORIENTED_EDGE('',*,*,#11139,.T.);
#11139 = EDGE_CURVE('',#11132,#11140,#11142,.T.);
#11140 = VERTEX_POINT('',#11141);
#11141 = CARTESIAN_POINT('',(-0.95,-1.15,0.25));
#11142 = CIRCLE('',#11143,0.1);
#11143 = AXIS2_PLACEMENT_3D('',#11144,#11145,#11146);
#11144 = CARTESIAN_POINT('',(-1.05,-1.15,0.25));
#11145 = DIRECTION('',(9.95799250103E-17,-1.,0.));
#11146 = DIRECTION('',(2.22044604925E-15,2.211118510737E-31,-1.));
#11147 = ORIENTED_EDGE('',*,*,#11148,.T.);
#11148 = EDGE_CURVE('',#11140,#11149,#11151,.T.);
#11149 = VERTEX_POINT('',#11150);
#11150 = CARTESIAN_POINT('',(-0.95,-1.15,0.475));
#11151 = LINE('',#11152,#11153);
#11152 = CARTESIAN_POINT('',(-0.95,-1.15,0.25));
#11153 = VECTOR('',#11154,1.);
#11154 = DIRECTION('',(0.,0.,1.));
#11155 = ORIENTED_EDGE('',*,*,#11156,.T.);
#11156 = EDGE_CURVE('',#11149,#10565,#11157,.T.);
#11157 = CIRCLE('',#11158,0.25);
#11158 = AXIS2_PLACEMENT_3D('',#11159,#11160,#11161);
#11159 = CARTESIAN_POINT('',(-0.7,-1.15,0.475));
#11160 = DIRECTION('',(-9.95799250103E-17,1.,0.));
#11161 = DIRECTION('',(-1.,-9.95799250103E-17,0.));
#11162 = PLANE('',#11163);
#11163 = AXIS2_PLACEMENT_3D('',#11164,#11165,#11166);
#11164 = CARTESIAN_POINT('',(-0.923137815574,-1.15,0.325594341393));
#11165 = DIRECTION('',(-9.95799250103E-17,1.,0.));
#11166 = DIRECTION('',(0.,0.,1.));
#11167 = ADVANCED_FACE('',(#11168),#11237,.T.);
#11168 = FACE_BOUND('',#11169,.T.);
#11169 = EDGE_LOOP('',(#11170,#11171,#11172,#11180,#11189,#11197,#11205,
    #11213,#11222,#11230));
#11170 = ORIENTED_EDGE('',*,*,#10586,.F.);
#11171 = ORIENTED_EDGE('',*,*,#10644,.T.);
#11172 = ORIENTED_EDGE('',*,*,#11173,.T.);
#11173 = EDGE_CURVE('',#10645,#11174,#11176,.T.);
#11174 = VERTEX_POINT('',#11175);
#11175 = CARTESIAN_POINT('',(-0.8,1.15,0.25));
#11176 = LINE('',#11177,#11178);
#11177 = CARTESIAN_POINT('',(-0.8,1.15,0.475));
#11178 = VECTOR('',#11179,1.);
#11179 = DIRECTION('',(-0.,0.,-1.));
#11180 = ORIENTED_EDGE('',*,*,#11181,.T.);
#11181 = EDGE_CURVE('',#11174,#11182,#11184,.T.);
#11182 = VERTEX_POINT('',#11183);
#11183 = CARTESIAN_POINT('',(-1.05,1.15,0.));
#11184 = CIRCLE('',#11185,0.25);
#11185 = AXIS2_PLACEMENT_3D('',#11186,#11187,#11188);
#11186 = CARTESIAN_POINT('',(-1.05,1.15,0.25));
#11187 = DIRECTION('',(-9.95799250103E-17,1.,0.));
#11188 = DIRECTION('',(1.,9.95799250103E-17,-4.440892098501E-16));
#11189 = ORIENTED_EDGE('',*,*,#11190,.T.);
#11190 = EDGE_CURVE('',#11182,#11191,#11193,.T.);
#11191 = VERTEX_POINT('',#11192);
#11192 = CARTESIAN_POINT('',(-1.25,1.15,0.));
#11193 = LINE('',#11194,#11195);
#11194 = CARTESIAN_POINT('',(-1.05,1.15,0.));
#11195 = VECTOR('',#11196,1.);
#11196 = DIRECTION('',(-1.,-9.95799250103E-17,0.));
#11197 = ORIENTED_EDGE('',*,*,#11198,.T.);
#11198 = EDGE_CURVE('',#11191,#11199,#11201,.T.);
#11199 = VERTEX_POINT('',#11200);
#11200 = CARTESIAN_POINT('',(-1.25,1.15,0.15));
#11201 = LINE('',#11202,#11203);
#11202 = CARTESIAN_POINT('',(-1.25,1.15,0.));
#11203 = VECTOR('',#11204,1.);
#11204 = DIRECTION('',(0.,0.,1.));
#11205 = ORIENTED_EDGE('',*,*,#11206,.T.);
#11206 = EDGE_CURVE('',#11199,#11207,#11209,.T.);
#11207 = VERTEX_POINT('',#11208);
#11208 = CARTESIAN_POINT('',(-1.05,1.15,0.15));
#11209 = LINE('',#11210,#11211);
#11210 = CARTESIAN_POINT('',(-1.25,1.15,0.15));
#11211 = VECTOR('',#11212,1.);
#11212 = DIRECTION('',(1.,9.95799250103E-17,0.));
#11213 = ORIENTED_EDGE('',*,*,#11214,.T.);
#11214 = EDGE_CURVE('',#11207,#11215,#11217,.T.);
#11215 = VERTEX_POINT('',#11216);
#11216 = CARTESIAN_POINT('',(-0.95,1.15,0.25));
#11217 = CIRCLE('',#11218,0.1);
#11218 = AXIS2_PLACEMENT_3D('',#11219,#11220,#11221);
#11219 = CARTESIAN_POINT('',(-1.05,1.15,0.25));
#11220 = DIRECTION('',(9.95799250103E-17,-1.,0.));
#11221 = DIRECTION('',(2.22044604925E-15,2.211118510737E-31,-1.));
#11222 = ORIENTED_EDGE('',*,*,#11223,.T.);
#11223 = EDGE_CURVE('',#11215,#11224,#11226,.T.);
#11224 = VERTEX_POINT('',#11225);
#11225 = CARTESIAN_POINT('',(-0.95,1.15,0.475));
#11226 = LINE('',#11227,#11228);
#11227 = CARTESIAN_POINT('',(-0.95,1.15,0.25));
#11228 = VECTOR('',#11229,1.);
#11229 = DIRECTION('',(0.,0.,1.));
#11230 = ORIENTED_EDGE('',*,*,#11231,.T.);
#11231 = EDGE_CURVE('',#11224,#10587,#11232,.T.);
#11232 = CIRCLE('',#11233,0.25);
#11233 = AXIS2_PLACEMENT_3D('',#11234,#11235,#11236);
#11234 = CARTESIAN_POINT('',(-0.7,1.15,0.475));
#11235 = DIRECTION('',(-9.95799250103E-17,1.,0.));
#11236 = DIRECTION('',(-1.,-9.95799250103E-17,0.));
#11237 = PLANE('',#11238);
#11238 = AXIS2_PLACEMENT_3D('',#11239,#11240,#11241);
#11239 = CARTESIAN_POINT('',(-0.923137815574,1.15,0.325594341393));
#11240 = DIRECTION('',(-9.95799250103E-17,1.,0.));
#11241 = DIRECTION('',(0.,0.,1.));
#11242 = ADVANCED_FACE('',(#11243),#11261,.F.);
#11243 = FACE_BOUND('',#11244,.F.);
#11244 = EDGE_LOOP('',(#11245,#11253,#11254,#11255));
#11245 = ORIENTED_EDGE('',*,*,#11246,.F.);
#11246 = EDGE_CURVE('',#10587,#11247,#11249,.T.);
#11247 = VERTEX_POINT('',#11248);
#11248 = CARTESIAN_POINT('',(-0.675,1.15,0.725));
#11249 = LINE('',#11250,#11251);
#11250 = CARTESIAN_POINT('',(-0.7,1.15,0.725));
#11251 = VECTOR('',#11252,1.);
#11252 = DIRECTION('',(1.,9.95799250103E-17,0.));
#11253 = ORIENTED_EDGE('',*,*,#10596,.T.);
#11254 = ORIENTED_EDGE('',*,*,#10769,.T.);
#11255 = ORIENTED_EDGE('',*,*,#11256,.F.);
#11256 = EDGE_CURVE('',#11247,#10762,#11257,.T.);
#11257 = LINE('',#11258,#11259);
#11258 = CARTESIAN_POINT('',(-0.675,-1.3925,0.725));
#11259 = VECTOR('',#11260,1.);
#11260 = DIRECTION('',(-2.22044604925E-16,1.,0.));
#11261 = B_SPLINE_SURFACE_WITH_KNOTS('',1,1,(
    (#11262,#11263)
    ,(#11264,#11265
    )),.UNSPECIFIED.,.F.,.F.,.F.,(2,2),(2,2),(0.,2.81),(0.,1.),
  .PIECEWISE_BEZIER_KNOTS.);
#11262 = CARTESIAN_POINT('',(-0.7,-1.405,0.725));
#11263 = CARTESIAN_POINT('',(-0.675,-1.3925,0.725));
#11264 = CARTESIAN_POINT('',(-0.7,1.405,0.725));
#11265 = CARTESIAN_POINT('',(-0.675,1.3925,0.725));
#11266 = ADVANCED_FACE('',(#11267),#11336,.T.);
#11267 = FACE_BOUND('',#11268,.T.);
#11268 = EDGE_LOOP('',(#11269,#11270,#11271,#11279,#11288,#11296,#11304,
    #11312,#11321,#11329));
#11269 = ORIENTED_EDGE('',*,*,#10676,.F.);
#11270 = ORIENTED_EDGE('',*,*,#10611,.T.);
#11271 = ORIENTED_EDGE('',*,*,#11272,.T.);
#11272 = EDGE_CURVE('',#10612,#11273,#11275,.T.);
#11273 = VERTEX_POINT('',#11274);
#11274 = CARTESIAN_POINT('',(-0.8,-0.75,0.25));
#11275 = LINE('',#11276,#11277);
#11276 = CARTESIAN_POINT('',(-0.8,-0.75,0.475));
#11277 = VECTOR('',#11278,1.);
#11278 = DIRECTION('',(-0.,0.,-1.));
#11279 = ORIENTED_EDGE('',*,*,#11280,.T.);
#11280 = EDGE_CURVE('',#11273,#11281,#11283,.T.);
#11281 = VERTEX_POINT('',#11282);
#11282 = CARTESIAN_POINT('',(-1.05,-0.75,0.));
#11283 = CIRCLE('',#11284,0.25);
#11284 = AXIS2_PLACEMENT_3D('',#11285,#11286,#11287);
#11285 = CARTESIAN_POINT('',(-1.05,-0.75,0.25));
#11286 = DIRECTION('',(-9.95799250103E-17,1.,0.));
#11287 = DIRECTION('',(1.,9.95799250103E-17,-4.440892098501E-16));
#11288 = ORIENTED_EDGE('',*,*,#11289,.T.);
#11289 = EDGE_CURVE('',#11281,#11290,#11292,.T.);
#11290 = VERTEX_POINT('',#11291);
#11291 = CARTESIAN_POINT('',(-1.25,-0.75,0.));
#11292 = LINE('',#11293,#11294);
#11293 = CARTESIAN_POINT('',(-1.05,-0.75,0.));
#11294 = VECTOR('',#11295,1.);
#11295 = DIRECTION('',(-1.,-9.95799250103E-17,0.));
#11296 = ORIENTED_EDGE('',*,*,#11297,.T.);
#11297 = EDGE_CURVE('',#11290,#11298,#11300,.T.);
#11298 = VERTEX_POINT('',#11299);
#11299 = CARTESIAN_POINT('',(-1.25,-0.75,0.15));
#11300 = LINE('',#11301,#11302);
#11301 = CARTESIAN_POINT('',(-1.25,-0.75,0.));
#11302 = VECTOR('',#11303,1.);
#11303 = DIRECTION('',(0.,0.,1.));
#11304 = ORIENTED_EDGE('',*,*,#11305,.T.);
#11305 = EDGE_CURVE('',#11298,#11306,#11308,.T.);
#11306 = VERTEX_POINT('',#11307);
#11307 = CARTESIAN_POINT('',(-1.05,-0.75,0.15));
#11308 = LINE('',#11309,#11310);
#11309 = CARTESIAN_POINT('',(-1.25,-0.75,0.15));
#11310 = VECTOR('',#11311,1.);
#11311 = DIRECTION('',(1.,9.95799250103E-17,0.));
#11312 = ORIENTED_EDGE('',*,*,#11313,.T.);
#11313 = EDGE_CURVE('',#11306,#11314,#11316,.T.);
#11314 = VERTEX_POINT('',#11315);
#11315 = CARTESIAN_POINT('',(-0.95,-0.75,0.25));
#11316 = CIRCLE('',#11317,0.1);
#11317 = AXIS2_PLACEMENT_3D('',#11318,#11319,#11320);
#11318 = CARTESIAN_POINT('',(-1.05,-0.75,0.25));
#11319 = DIRECTION('',(9.95799250103E-17,-1.,0.));
#11320 = DIRECTION('',(2.22044604925E-15,2.211118510737E-31,-1.));
#11321 = ORIENTED_EDGE('',*,*,#11322,.T.);
#11322 = EDGE_CURVE('',#11314,#11323,#11325,.T.);
#11323 = VERTEX_POINT('',#11324);
#11324 = CARTESIAN_POINT('',(-0.95,-0.75,0.475));
#11325 = LINE('',#11326,#11327);
#11326 = CARTESIAN_POINT('',(-0.95,-0.75,0.25));
#11327 = VECTOR('',#11328,1.);
#11328 = DIRECTION('',(0.,0.,1.));
#11329 = ORIENTED_EDGE('',*,*,#11330,.T.);
#11330 = EDGE_CURVE('',#11323,#10677,#11331,.T.);
#11331 = CIRCLE('',#11332,0.25);
#11332 = AXIS2_PLACEMENT_3D('',#11333,#11334,#11335);
#11333 = CARTESIAN_POINT('',(-0.7,-0.75,0.475));
#11334 = DIRECTION('',(-9.95799250103E-17,1.,0.));
#11335 = DIRECTION('',(-1.,-9.95799250103E-17,0.));
#11336 = PLANE('',#11337);
#11337 = AXIS2_PLACEMENT_3D('',#11338,#11339,#11340);
#11338 = CARTESIAN_POINT('',(-0.923137815574,-0.75,0.325594341393));
#11339 = DIRECTION('',(-9.95799250103E-17,1.,0.));
#11340 = DIRECTION('',(0.,0.,1.));
#11341 = ADVANCED_FACE('',(#11342),#11353,.F.);
#11342 = FACE_BOUND('',#11343,.F.);
#11343 = EDGE_LOOP('',(#11344,#11345,#11346,#11352));
#11344 = ORIENTED_EDGE('',*,*,#10620,.T.);
#11345 = ORIENTED_EDGE('',*,*,#11272,.T.);
#11346 = ORIENTED_EDGE('',*,*,#11347,.F.);
#11347 = EDGE_CURVE('',#11099,#11273,#11348,.T.);
#11348 = LINE('',#11349,#11350);
#11349 = CARTESIAN_POINT('',(-0.8,-1.15,0.25));
#11350 = VECTOR('',#11351,1.);
#11351 = DIRECTION('',(-9.95799250103E-17,1.,0.));
#11352 = ORIENTED_EDGE('',*,*,#11098,.F.);
#11353 = PLANE('',#11354);
#11354 = AXIS2_PLACEMENT_3D('',#11355,#11356,#11357);
#11355 = CARTESIAN_POINT('',(-0.8,-1.15,0.475));
#11356 = DIRECTION('',(-1.,-9.95799250103E-17,0.));
#11357 = DIRECTION('',(-0.,0.,-1.));
#11358 = ADVANCED_FACE('',(#11359),#11428,.F.);
#11359 = FACE_BOUND('',#11360,.F.);
#11360 = EDGE_LOOP('',(#11361,#11362,#11363,#11371,#11380,#11388,#11396,
    #11404,#11413,#11421));
#11361 = ORIENTED_EDGE('',*,*,#10685,.F.);
#11362 = ORIENTED_EDGE('',*,*,#10661,.T.);
#11363 = ORIENTED_EDGE('',*,*,#11364,.T.);
#11364 = EDGE_CURVE('',#10654,#11365,#11367,.T.);
#11365 = VERTEX_POINT('',#11366);
#11366 = CARTESIAN_POINT('',(-0.8,0.75,0.25));
#11367 = LINE('',#11368,#11369);
#11368 = CARTESIAN_POINT('',(-0.8,0.75,0.475));
#11369 = VECTOR('',#11370,1.);
#11370 = DIRECTION('',(-0.,0.,-1.));
#11371 = ORIENTED_EDGE('',*,*,#11372,.T.);
#11372 = EDGE_CURVE('',#11365,#11373,#11375,.T.);
#11373 = VERTEX_POINT('',#11374);
#11374 = CARTESIAN_POINT('',(-1.05,0.75,0.));
#11375 = CIRCLE('',#11376,0.25);
#11376 = AXIS2_PLACEMENT_3D('',#11377,#11378,#11379);
#11377 = CARTESIAN_POINT('',(-1.05,0.75,0.25));
#11378 = DIRECTION('',(-9.95799250103E-17,1.,0.));
#11379 = DIRECTION('',(1.,9.95799250103E-17,-4.440892098501E-16));
#11380 = ORIENTED_EDGE('',*,*,#11381,.T.);
#11381 = EDGE_CURVE('',#11373,#11382,#11384,.T.);
#11382 = VERTEX_POINT('',#11383);
#11383 = CARTESIAN_POINT('',(-1.25,0.75,0.));
#11384 = LINE('',#11385,#11386);
#11385 = CARTESIAN_POINT('',(-1.05,0.75,0.));
#11386 = VECTOR('',#11387,1.);
#11387 = DIRECTION('',(-1.,-9.95799250103E-17,0.));
#11388 = ORIENTED_EDGE('',*,*,#11389,.T.);
#11389 = EDGE_CURVE('',#11382,#11390,#11392,.T.);
#11390 = VERTEX_POINT('',#11391);
#11391 = CARTESIAN_POINT('',(-1.25,0.75,0.15));
#11392 = LINE('',#11393,#11394);
#11393 = CARTESIAN_POINT('',(-1.25,0.75,0.));
#11394 = VECTOR('',#11395,1.);
#11395 = DIRECTION('',(0.,0.,1.));
#11396 = ORIENTED_EDGE('',*,*,#11397,.T.);
#11397 = EDGE_CURVE('',#11390,#11398,#11400,.T.);
#11398 = VERTEX_POINT('',#11399);
#11399 = CARTESIAN_POINT('',(-1.05,0.75,0.15));
#11400 = LINE('',#11401,#11402);
#11401 = CARTESIAN_POINT('',(-1.25,0.75,0.15));
#11402 = VECTOR('',#11403,1.);
#11403 = DIRECTION('',(1.,9.95799250103E-17,0.));
#11404 = ORIENTED_EDGE('',*,*,#11405,.T.);
#11405 = EDGE_CURVE('',#11398,#11406,#11408,.T.);
#11406 = VERTEX_POINT('',#11407);
#11407 = CARTESIAN_POINT('',(-0.95,0.75,0.25));
#11408 = CIRCLE('',#11409,0.1);
#11409 = AXIS2_PLACEMENT_3D('',#11410,#11411,#11412);
#11410 = CARTESIAN_POINT('',(-1.05,0.75,0.25));
#11411 = DIRECTION('',(9.95799250103E-17,-1.,0.));
#11412 = DIRECTION('',(2.22044604925E-15,2.211118510737E-31,-1.));
#11413 = ORIENTED_EDGE('',*,*,#11414,.T.);
#11414 = EDGE_CURVE('',#11406,#11415,#11417,.T.);
#11415 = VERTEX_POINT('',#11416);
#11416 = CARTESIAN_POINT('',(-0.95,0.75,0.475));
#11417 = LINE('',#11418,#11419);
#11418 = CARTESIAN_POINT('',(-0.95,0.75,0.25));
#11419 = VECTOR('',#11420,1.);
#11420 = DIRECTION('',(0.,0.,1.));
#11421 = ORIENTED_EDGE('',*,*,#11422,.T.);
#11422 = EDGE_CURVE('',#11415,#10686,#11423,.T.);
#11423 = CIRCLE('',#11424,0.25);
#11424 = AXIS2_PLACEMENT_3D('',#11425,#11426,#11427);
#11425 = CARTESIAN_POINT('',(-0.7,0.75,0.475));
#11426 = DIRECTION('',(-9.95799250103E-17,1.,0.));
#11427 = DIRECTION('',(-1.,-9.95799250103E-17,0.));
#11428 = PLANE('',#11429);
#11429 = AXIS2_PLACEMENT_3D('',#11430,#11431,#11432);
#11430 = CARTESIAN_POINT('',(-0.923137815574,0.75,0.325594341393));
#11431 = DIRECTION('',(-9.95799250103E-17,1.,0.));
#11432 = DIRECTION('',(0.,0.,1.));
#11433 = ADVANCED_FACE('',(#11434),#11445,.F.);
#11434 = FACE_BOUND('',#11435,.F.);
#11435 = EDGE_LOOP('',(#11436,#11437,#11438,#11444));
#11436 = ORIENTED_EDGE('',*,*,#10653,.T.);
#11437 = ORIENTED_EDGE('',*,*,#11173,.T.);
#11438 = ORIENTED_EDGE('',*,*,#11439,.F.);
#11439 = EDGE_CURVE('',#11365,#11174,#11440,.T.);
#11440 = LINE('',#11441,#11442);
#11441 = CARTESIAN_POINT('',(-0.8,0.75,0.25));
#11442 = VECTOR('',#11443,1.);
#11443 = DIRECTION('',(-9.95799250103E-17,1.,0.));
#11444 = ORIENTED_EDGE('',*,*,#11364,.F.);
#11445 = PLANE('',#11446);
#11446 = AXIS2_PLACEMENT_3D('',#11447,#11448,#11449);
#11447 = CARTESIAN_POINT('',(-0.8,0.75,0.475));
#11448 = DIRECTION('',(-1.,-9.95799250103E-17,0.));
#11449 = DIRECTION('',(-0.,0.,-1.));
#11450 = ADVANCED_FACE('',(#11451),#11476,.F.);
#11451 = FACE_BOUND('',#11452,.F.);
#11452 = EDGE_LOOP('',(#11453,#11461,#11462,#11470));
#11453 = ORIENTED_EDGE('',*,*,#11454,.F.);
#11454 = EDGE_CURVE('',#10677,#11455,#11457,.T.);
#11455 = VERTEX_POINT('',#11456);
#11456 = CARTESIAN_POINT('',(-0.675,-0.75,0.725));
#11457 = LINE('',#11458,#11459);
#11458 = CARTESIAN_POINT('',(-0.7,-0.75,0.725));
#11459 = VECTOR('',#11460,1.);
#11460 = DIRECTION('',(1.,9.95799250103E-17,0.));
#11461 = ORIENTED_EDGE('',*,*,#10693,.T.);
#11462 = ORIENTED_EDGE('',*,*,#11463,.T.);
#11463 = EDGE_CURVE('',#10686,#11464,#11466,.T.);
#11464 = VERTEX_POINT('',#11465);
#11465 = CARTESIAN_POINT('',(-0.675,0.75,0.725));
#11466 = LINE('',#11467,#11468);
#11467 = CARTESIAN_POINT('',(-0.7,0.75,0.725));
#11468 = VECTOR('',#11469,1.);
#11469 = DIRECTION('',(1.,9.95799250103E-17,0.));
#11470 = ORIENTED_EDGE('',*,*,#11471,.F.);
#11471 = EDGE_CURVE('',#11455,#11464,#11472,.T.);
#11472 = LINE('',#11473,#11474);
#11473 = CARTESIAN_POINT('',(-0.675,-1.3925,0.725));
#11474 = VECTOR('',#11475,1.);
#11475 = DIRECTION('',(-2.22044604925E-16,1.,0.));
#11476 = B_SPLINE_SURFACE_WITH_KNOTS('',1,1,(
    (#11477,#11478)
    ,(#11479,#11480
    )),.UNSPECIFIED.,.F.,.F.,.F.,(2,2),(2,2),(0.,2.81),(0.,1.),
  .PIECEWISE_BEZIER_KNOTS.);
#11477 = CARTESIAN_POINT('',(-0.7,-1.405,0.725));
#11478 = CARTESIAN_POINT('',(-0.675,-1.3925,0.725));
#11479 = CARTESIAN_POINT('',(-0.7,1.405,0.725));
#11480 = CARTESIAN_POINT('',(-0.675,1.3925,0.725));
#11481 = ADVANCED_FACE('',(#11482),#11499,.F.);
#11482 = FACE_BOUND('',#11483,.F.);
#11483 = EDGE_LOOP('',(#11484,#11485,#11492,#11498));
#11484 = ORIENTED_EDGE('',*,*,#10715,.T.);
#11485 = ORIENTED_EDGE('',*,*,#11486,.T.);
#11486 = EDGE_CURVE('',#10709,#11487,#11489,.T.);
#11487 = VERTEX_POINT('',#11488);
#11488 = CARTESIAN_POINT('',(0.608243103516,1.359121551758,1.2));
#11489 = B_SPLINE_CURVE_WITH_KNOTS('',1,(#11490,#11491),.UNSPECIFIED.,
  .F.,.F.,(2,2),(0.,1.),.PIECEWISE_BEZIER_KNOTS.);
#11490 = CARTESIAN_POINT('',(0.675,1.3925,0.725));
#11491 = CARTESIAN_POINT('',(0.608243103516,1.359121551758,1.2));
#11492 = ORIENTED_EDGE('',*,*,#11493,.F.);
#11493 = EDGE_CURVE('',#10732,#11487,#11494,.T.);
#11494 = LINE('',#11495,#11496);
#11495 = CARTESIAN_POINT('',(0.559121551758,1.408243103516,1.2));
#11496 = VECTOR('',#11497,1.);
#11497 = DIRECTION('',(0.707106781187,-0.707106781187,0.));
#11498 = ORIENTED_EDGE('',*,*,#10731,.F.);
#11499 = B_SPLINE_SURFACE_WITH_KNOTS('',1,1,(
    (#11500,#11501)
    ,(#11502,#11503
    )),.UNSPECIFIED.,.F.,.F.,.F.,(2,2),(2,2),(0.,0.116672618896),(0.,1.)
  ,.PIECEWISE_BEZIER_KNOTS.);
#11500 = CARTESIAN_POINT('',(0.5925,1.475,0.725));
#11501 = CARTESIAN_POINT('',(0.559121551758,1.408243103516,1.2));
#11502 = CARTESIAN_POINT('',(0.675,1.3925,0.725));
#11503 = CARTESIAN_POINT('',(0.608243103516,1.359121551758,1.2));
#11504 = ADVANCED_FACE('',(#11505),#11555,.T.);
#11505 = FACE_BOUND('',#11506,.F.);
#11506 = EDGE_LOOP('',(#11507,#11508,#11509,#11517,#11525,#11533,#11541,
    #11549));
#11507 = ORIENTED_EDGE('',*,*,#10738,.T.);
#11508 = ORIENTED_EDGE('',*,*,#11493,.T.);
#11509 = ORIENTED_EDGE('',*,*,#11510,.T.);
#11510 = EDGE_CURVE('',#11487,#11511,#11513,.T.);
#11511 = VERTEX_POINT('',#11512);
#11512 = CARTESIAN_POINT('',(0.608243103516,-1.359121551758,1.2));
#11513 = LINE('',#11514,#11515);
#11514 = CARTESIAN_POINT('',(0.608243103516,1.359121551758,1.2));
#11515 = VECTOR('',#11516,1.);
#11516 = DIRECTION('',(2.22044604925E-16,-1.,0.));
#11517 = ORIENTED_EDGE('',*,*,#11518,.T.);
#11518 = EDGE_CURVE('',#11511,#11519,#11521,.T.);
#11519 = VERTEX_POINT('',#11520);
#11520 = CARTESIAN_POINT('',(0.559121551758,-1.408243103516,1.2));
#11521 = LINE('',#11522,#11523);
#11522 = CARTESIAN_POINT('',(0.608243103516,-1.359121551758,1.2));
#11523 = VECTOR('',#11524,1.);
#11524 = DIRECTION('',(-0.707106781187,-0.707106781187,0.));
#11525 = ORIENTED_EDGE('',*,*,#11526,.T.);
#11526 = EDGE_CURVE('',#11519,#11527,#11529,.T.);
#11527 = VERTEX_POINT('',#11528);
#11528 = CARTESIAN_POINT('',(-0.559121551758,-1.408243103516,1.2));
#11529 = LINE('',#11530,#11531);
#11530 = CARTESIAN_POINT('',(0.559121551758,-1.408243103516,1.2));
#11531 = VECTOR('',#11532,1.);
#11532 = DIRECTION('',(-1.,-2.22044604925E-16,0.));
#11533 = ORIENTED_EDGE('',*,*,#11534,.T.);
#11534 = EDGE_CURVE('',#11527,#11535,#11537,.T.);
#11535 = VERTEX_POINT('',#11536);
#11536 = CARTESIAN_POINT('',(-0.608243103516,-1.359121551758,1.2));
#11537 = LINE('',#11538,#11539);
#11538 = CARTESIAN_POINT('',(-0.559121551758,-1.408243103516,1.2));
#11539 = VECTOR('',#11540,1.);
#11540 = DIRECTION('',(-0.707106781187,0.707106781187,0.));
#11541 = ORIENTED_EDGE('',*,*,#11542,.T.);
#11542 = EDGE_CURVE('',#11535,#11543,#11545,.T.);
#11543 = VERTEX_POINT('',#11544);
#11544 = CARTESIAN_POINT('',(-0.608243103516,1.359121551758,1.2));
#11545 = LINE('',#11546,#11547);
#11546 = CARTESIAN_POINT('',(-0.608243103516,-1.359121551758,1.2));
#11547 = VECTOR('',#11548,1.);
#11548 = DIRECTION('',(-2.22044604925E-16,1.,0.));
#11549 = ORIENTED_EDGE('',*,*,#11550,.T.);
#11550 = EDGE_CURVE('',#11543,#10739,#11551,.T.);
#11551 = LINE('',#11552,#11553);
#11552 = CARTESIAN_POINT('',(-0.608243103516,1.359121551758,1.2));
#11553 = VECTOR('',#11554,1.);
#11554 = DIRECTION('',(0.707106781187,0.707106781187,0.));
#11555 = PLANE('',#11556);
#11556 = AXIS2_PLACEMENT_3D('',#11557,#11558,#11559);
#11557 = CARTESIAN_POINT('',(-0.559121551758,1.408243103516,1.2));
#11558 = DIRECTION('',(0.,0.,1.));
#11559 = DIRECTION('',(0.369013679242,-0.929423963825,0.));
#11560 = ADVANCED_FACE('',(#11561),#11571,.F.);
#11561 = FACE_BOUND('',#11562,.F.);
#11562 = EDGE_LOOP('',(#11563,#11564,#11565,#11566));
#11563 = ORIENTED_EDGE('',*,*,#10761,.T.);
#11564 = ORIENTED_EDGE('',*,*,#10746,.T.);
#11565 = ORIENTED_EDGE('',*,*,#11550,.F.);
#11566 = ORIENTED_EDGE('',*,*,#11567,.F.);
#11567 = EDGE_CURVE('',#10762,#11543,#11568,.T.);
#11568 = B_SPLINE_CURVE_WITH_KNOTS('',1,(#11569,#11570),.UNSPECIFIED.,
  .F.,.F.,(2,2),(0.,1.),.PIECEWISE_BEZIER_KNOTS.);
#11569 = CARTESIAN_POINT('',(-0.675,1.3925,0.725));
#11570 = CARTESIAN_POINT('',(-0.608243103516,1.359121551758,1.2));
#11571 = B_SPLINE_SURFACE_WITH_KNOTS('',1,1,(
    (#11572,#11573)
    ,(#11574,#11575
    )),.UNSPECIFIED.,.F.,.F.,.F.,(2,2),(2,2),(0.,0.116672618896),(0.,1.)
  ,.PIECEWISE_BEZIER_KNOTS.);
#11572 = CARTESIAN_POINT('',(-0.675,1.3925,0.725));
#11573 = CARTESIAN_POINT('',(-0.608243103516,1.359121551758,1.2));
#11574 = CARTESIAN_POINT('',(-0.5925,1.475,0.725));
#11575 = CARTESIAN_POINT('',(-0.559121551758,1.408243103516,1.2));
#11576 = ADVANCED_FACE('',(#11577),#11594,.F.);
#11577 = FACE_BOUND('',#11578,.F.);
#11578 = EDGE_LOOP('',(#11579,#11580,#11586,#11587,#11592,#11593));
#11579 = ORIENTED_EDGE('',*,*,#10792,.T.);
#11580 = ORIENTED_EDGE('',*,*,#11581,.T.);
#11581 = EDGE_CURVE('',#10785,#10957,#11582,.T.);
#11582 = LINE('',#11583,#11584);
#11583 = CARTESIAN_POINT('',(0.675,1.3925,0.725));
#11584 = VECTOR('',#11585,1.);
#11585 = DIRECTION('',(2.22044604925E-16,-1.,0.));
#11586 = ORIENTED_EDGE('',*,*,#10972,.T.);
#11587 = ORIENTED_EDGE('',*,*,#11588,.T.);
#11588 = EDGE_CURVE('',#10966,#11511,#11589,.T.);
#11589 = B_SPLINE_CURVE_WITH_KNOTS('',1,(#11590,#11591),.UNSPECIFIED.,
  .F.,.F.,(2,2),(0.,1.),.PIECEWISE_BEZIER_KNOTS.);
#11590 = CARTESIAN_POINT('',(0.675,-1.3925,0.725));
#11591 = CARTESIAN_POINT('',(0.608243103516,-1.359121551758,1.2));
#11592 = ORIENTED_EDGE('',*,*,#11510,.F.);
#11593 = ORIENTED_EDGE('',*,*,#11486,.F.);
#11594 = B_SPLINE_SURFACE_WITH_KNOTS('',1,1,(
    (#11595,#11596)
    ,(#11597,#11598
    )),.UNSPECIFIED.,.F.,.F.,.F.,(2,2),(2,2),(0.,2.785),(0.,1.),
  .PIECEWISE_BEZIER_KNOTS.);
#11595 = CARTESIAN_POINT('',(0.675,1.3925,0.725));
#11596 = CARTESIAN_POINT('',(0.608243103516,1.359121551758,1.2));
#11597 = CARTESIAN_POINT('',(0.675,-1.3925,0.725));
#11598 = CARTESIAN_POINT('',(0.608243103516,-1.359121551758,1.2));
#11599 = ADVANCED_FACE('',(#11600),#11611,.F.);
#11600 = FACE_BOUND('',#11601,.F.);
#11601 = EDGE_LOOP('',(#11602,#11603,#11609,#11610));
#11602 = ORIENTED_EDGE('',*,*,#10784,.F.);
#11603 = ORIENTED_EDGE('',*,*,#11604,.T.);
#11604 = EDGE_CURVE('',#10409,#10431,#11605,.T.);
#11605 = LINE('',#11606,#11607);
#11606 = CARTESIAN_POINT('',(0.7,0.2,0.725));
#11607 = VECTOR('',#11608,1.);
#11608 = DIRECTION('',(2.22044604925E-16,-1.,0.));
#11609 = ORIENTED_EDGE('',*,*,#10956,.T.);
#11610 = ORIENTED_EDGE('',*,*,#11581,.F.);
#11611 = PLANE('',#11612);
#11612 = AXIS2_PLACEMENT_3D('',#11613,#11614,#11615);
#11613 = CARTESIAN_POINT('',(0.7,0.2,0.725));
#11614 = DIRECTION('',(0.,0.,-1.));
#11615 = DIRECTION('',(-1.,-2.22044604925E-16,-0.));
#11616 = ADVANCED_FACE('',(#11617),#11628,.T.);
#11617 = FACE_BOUND('',#11618,.T.);
#11618 = EDGE_LOOP('',(#11619,#11620,#11621,#11622));
#11619 = ORIENTED_EDGE('',*,*,#10866,.T.);
#11620 = ORIENTED_EDGE('',*,*,#11604,.T.);
#11621 = ORIENTED_EDGE('',*,*,#10941,.F.);
#11622 = ORIENTED_EDGE('',*,*,#11623,.F.);
#11623 = EDGE_CURVE('',#10859,#10934,#11624,.T.);
#11624 = LINE('',#11625,#11626);
#11625 = CARTESIAN_POINT('',(0.95,0.2,0.475));
#11626 = VECTOR('',#11627,1.);
#11627 = DIRECTION('',(2.22044604925E-16,-1.,0.));
#11628 = CYLINDRICAL_SURFACE('',#11629,0.25);
#11629 = AXIS2_PLACEMENT_3D('',#11630,#11631,#11632);
#11630 = CARTESIAN_POINT('',(0.7,0.2,0.475));
#11631 = DIRECTION('',(-2.22044604925E-16,1.,-0.));
#11632 = DIRECTION('',(1.,2.22044604925E-16,0.));
#11633 = ADVANCED_FACE('',(#11634),#11645,.F.);
#11634 = FACE_BOUND('',#11635,.F.);
#11635 = EDGE_LOOP('',(#11636,#11642,#11643,#11644));
#11636 = ORIENTED_EDGE('',*,*,#11637,.T.);
#11637 = EDGE_CURVE('',#10850,#10925,#11638,.T.);
#11638 = LINE('',#11639,#11640);
#11639 = CARTESIAN_POINT('',(0.95,0.2,0.25));
#11640 = VECTOR('',#11641,1.);
#11641 = DIRECTION('',(2.22044604925E-16,-1.,0.));
#11642 = ORIENTED_EDGE('',*,*,#10933,.T.);
#11643 = ORIENTED_EDGE('',*,*,#11623,.F.);
#11644 = ORIENTED_EDGE('',*,*,#10858,.F.);
#11645 = PLANE('',#11646);
#11646 = AXIS2_PLACEMENT_3D('',#11647,#11648,#11649);
#11647 = CARTESIAN_POINT('',(0.95,0.2,0.25));
#11648 = DIRECTION('',(-1.,-2.22044604925E-16,0.));
#11649 = DIRECTION('',(0.,0.,1.));
#11650 = ADVANCED_FACE('',(#11651),#11662,.F.);
#11651 = FACE_BOUND('',#11652,.F.);
#11652 = EDGE_LOOP('',(#11653,#11659,#11660,#11661));
#11653 = ORIENTED_EDGE('',*,*,#11654,.T.);
#11654 = EDGE_CURVE('',#10842,#10917,#11655,.T.);
#11655 = LINE('',#11656,#11657);
#11656 = CARTESIAN_POINT('',(1.05,0.2,0.15));
#11657 = VECTOR('',#11658,1.);
#11658 = DIRECTION('',(2.22044604925E-16,-1.,0.));
#11659 = ORIENTED_EDGE('',*,*,#10924,.T.);
#11660 = ORIENTED_EDGE('',*,*,#11637,.F.);
#11661 = ORIENTED_EDGE('',*,*,#10849,.F.);
#11662 = CYLINDRICAL_SURFACE('',#11663,0.1);
#11663 = AXIS2_PLACEMENT_3D('',#11664,#11665,#11666);
#11664 = CARTESIAN_POINT('',(1.05,0.2,0.25));
#11665 = DIRECTION('',(-2.22044604925E-16,1.,0.));
#11666 = DIRECTION('',(-2.22044604925E-15,-4.93038065763E-31,-1.));
#11667 = ADVANCED_FACE('',(#11668),#11679,.F.);
#11668 = FACE_BOUND('',#11669,.F.);
#11669 = EDGE_LOOP('',(#11670,#11676,#11677,#11678));
#11670 = ORIENTED_EDGE('',*,*,#11671,.T.);
#11671 = EDGE_CURVE('',#10834,#10909,#11672,.T.);
#11672 = LINE('',#11673,#11674);
#11673 = CARTESIAN_POINT('',(1.25,0.2,0.15));
#11674 = VECTOR('',#11675,1.);
#11675 = DIRECTION('',(2.22044604925E-16,-1.,0.));
#11676 = ORIENTED_EDGE('',*,*,#10916,.T.);
#11677 = ORIENTED_EDGE('',*,*,#11654,.F.);
#11678 = ORIENTED_EDGE('',*,*,#10841,.F.);
#11679 = PLANE('',#11680);
#11680 = AXIS2_PLACEMENT_3D('',#11681,#11682,#11683);
#11681 = CARTESIAN_POINT('',(1.25,0.2,0.15));
#11682 = DIRECTION('',(0.,0.,-1.));
#11683 = DIRECTION('',(-1.,-2.22044604925E-16,-0.));
#11684 = ADVANCED_FACE('',(#11685),#11696,.F.);
#11685 = FACE_BOUND('',#11686,.F.);
#11686 = EDGE_LOOP('',(#11687,#11693,#11694,#11695));
#11687 = ORIENTED_EDGE('',*,*,#11688,.T.);
#11688 = EDGE_CURVE('',#10826,#10901,#11689,.T.);
#11689 = LINE('',#11690,#11691);
#11690 = CARTESIAN_POINT('',(1.25,0.2,0.));
#11691 = VECTOR('',#11692,1.);
#11692 = DIRECTION('',(2.22044604925E-16,-1.,0.));
#11693 = ORIENTED_EDGE('',*,*,#10908,.T.);
#11694 = ORIENTED_EDGE('',*,*,#11671,.F.);
#11695 = ORIENTED_EDGE('',*,*,#10833,.F.);
#11696 = PLANE('',#11697);
#11697 = AXIS2_PLACEMENT_3D('',#11698,#11699,#11700);
#11698 = CARTESIAN_POINT('',(1.25,0.2,0.));
#11699 = DIRECTION('',(-1.,-2.22044604925E-16,0.));
#11700 = DIRECTION('',(0.,0.,1.));
#11701 = ADVANCED_FACE('',(#11702),#11713,.F.);
#11702 = FACE_BOUND('',#11703,.F.);
#11703 = EDGE_LOOP('',(#11704,#11710,#11711,#11712));
#11704 = ORIENTED_EDGE('',*,*,#11705,.T.);
#11705 = EDGE_CURVE('',#10817,#10892,#11706,.T.);
#11706 = LINE('',#11707,#11708);
#11707 = CARTESIAN_POINT('',(1.05,0.2,0.));
#11708 = VECTOR('',#11709,1.);
#11709 = DIRECTION('',(2.22044604925E-16,-1.,0.));
#11710 = ORIENTED_EDGE('',*,*,#10900,.T.);
#11711 = ORIENTED_EDGE('',*,*,#11688,.F.);
#11712 = ORIENTED_EDGE('',*,*,#10825,.F.);
#11713 = PLANE('',#11714);
#11714 = AXIS2_PLACEMENT_3D('',#11715,#11716,#11717);
#11715 = CARTESIAN_POINT('',(1.05,0.2,0.));
#11716 = DIRECTION('',(0.,0.,1.));
#11717 = DIRECTION('',(1.,2.22044604925E-16,-0.));
#11718 = ADVANCED_FACE('',(#11719),#11725,.T.);
#11719 = FACE_BOUND('',#11720,.T.);
#11720 = EDGE_LOOP('',(#11721,#11722,#11723,#11724));
#11721 = ORIENTED_EDGE('',*,*,#10816,.T.);
#11722 = ORIENTED_EDGE('',*,*,#11705,.T.);
#11723 = ORIENTED_EDGE('',*,*,#10891,.F.);
#11724 = ORIENTED_EDGE('',*,*,#10988,.F.);
#11725 = CYLINDRICAL_SURFACE('',#11726,0.25);
#11726 = AXIS2_PLACEMENT_3D('',#11727,#11728,#11729);
#11727 = CARTESIAN_POINT('',(1.05,0.2,0.25));
#11728 = DIRECTION('',(-2.22044604925E-16,1.,-0.));
#11729 = DIRECTION('',(-1.,-2.22044604925E-16,-4.440892098501E-16));
#11730 = ADVANCED_FACE('',(#11731),#11741,.F.);
#11731 = FACE_BOUND('',#11732,.F.);
#11732 = EDGE_LOOP('',(#11733,#11734,#11739,#11740));
#11733 = ORIENTED_EDGE('',*,*,#11011,.T.);
#11734 = ORIENTED_EDGE('',*,*,#11735,.T.);
#11735 = EDGE_CURVE('',#11005,#11519,#11736,.T.);
#11736 = B_SPLINE_CURVE_WITH_KNOTS('',1,(#11737,#11738),.UNSPECIFIED.,
  .F.,.F.,(2,2),(0.,1.),.PIECEWISE_BEZIER_KNOTS.);
#11737 = CARTESIAN_POINT('',(0.5925,-1.475,0.725));
#11738 = CARTESIAN_POINT('',(0.559121551758,-1.408243103516,1.2));
#11739 = ORIENTED_EDGE('',*,*,#11518,.F.);
#11740 = ORIENTED_EDGE('',*,*,#11588,.F.);
#11741 = B_SPLINE_SURFACE_WITH_KNOTS('',1,1,(
    (#11742,#11743)
    ,(#11744,#11745
    )),.UNSPECIFIED.,.F.,.F.,.F.,(2,2),(2,2),(0.,0.116672618896),(0.,1.)
  ,.PIECEWISE_BEZIER_KNOTS.);
#11742 = CARTESIAN_POINT('',(0.675,-1.3925,0.725));
#11743 = CARTESIAN_POINT('',(0.608243103516,-1.359121551758,1.2));
#11744 = CARTESIAN_POINT('',(0.5925,-1.475,0.725));
#11745 = CARTESIAN_POINT('',(0.559121551758,-1.408243103516,1.2));
#11746 = ADVANCED_FACE('',(#11747),#11757,.F.);
#11747 = FACE_BOUND('',#11748,.F.);
#11748 = EDGE_LOOP('',(#11749,#11750,#11755,#11756));
#11749 = ORIENTED_EDGE('',*,*,#11034,.T.);
#11750 = ORIENTED_EDGE('',*,*,#11751,.T.);
#11751 = EDGE_CURVE('',#11028,#11527,#11752,.T.);
#11752 = B_SPLINE_CURVE_WITH_KNOTS('',1,(#11753,#11754),.UNSPECIFIED.,
  .F.,.F.,(2,2),(0.,1.),.PIECEWISE_BEZIER_KNOTS.);
#11753 = CARTESIAN_POINT('',(-0.5925,-1.475,0.725));
#11754 = CARTESIAN_POINT('',(-0.559121551758,-1.408243103516,1.2));
#11755 = ORIENTED_EDGE('',*,*,#11526,.F.);
#11756 = ORIENTED_EDGE('',*,*,#11735,.F.);
#11757 = B_SPLINE_SURFACE_WITH_KNOTS('',1,1,(
    (#11758,#11759)
    ,(#11760,#11761
    )),.UNSPECIFIED.,.F.,.F.,.F.,(2,2),(2,2),(0.,1.185),(0.,1.),
  .PIECEWISE_BEZIER_KNOTS.);
#11758 = CARTESIAN_POINT('',(0.5925,-1.475,0.725));
#11759 = CARTESIAN_POINT('',(0.559121551758,-1.408243103516,1.2));
#11760 = CARTESIAN_POINT('',(-0.5925,-1.475,0.725));
#11761 = CARTESIAN_POINT('',(-0.559121551758,-1.408243103516,1.2));
#11762 = ADVANCED_FACE('',(#11763),#11773,.F.);
#11763 = FACE_BOUND('',#11764,.F.);
#11764 = EDGE_LOOP('',(#11765,#11766,#11771,#11772));
#11765 = ORIENTED_EDGE('',*,*,#11057,.T.);
#11766 = ORIENTED_EDGE('',*,*,#11767,.T.);
#11767 = EDGE_CURVE('',#11051,#11535,#11768,.T.);
#11768 = B_SPLINE_CURVE_WITH_KNOTS('',1,(#11769,#11770),.UNSPECIFIED.,
  .F.,.F.,(2,2),(0.,1.),.PIECEWISE_BEZIER_KNOTS.);
#11769 = CARTESIAN_POINT('',(-0.675,-1.3925,0.725));
#11770 = CARTESIAN_POINT('',(-0.608243103516,-1.359121551758,1.2));
#11771 = ORIENTED_EDGE('',*,*,#11534,.F.);
#11772 = ORIENTED_EDGE('',*,*,#11751,.F.);
#11773 = B_SPLINE_SURFACE_WITH_KNOTS('',1,1,(
    (#11774,#11775)
    ,(#11776,#11777
    )),.UNSPECIFIED.,.F.,.F.,.F.,(2,2),(2,2),(0.,0.116672618896),(0.,1.)
  ,.PIECEWISE_BEZIER_KNOTS.);
#11774 = CARTESIAN_POINT('',(-0.5925,-1.475,0.725));
#11775 = CARTESIAN_POINT('',(-0.559121551758,-1.408243103516,1.2));
#11776 = CARTESIAN_POINT('',(-0.675,-1.3925,0.725));
#11777 = CARTESIAN_POINT('',(-0.608243103516,-1.359121551758,1.2));
#11778 = ADVANCED_FACE('',(#11779),#11799,.F.);
#11779 = FACE_BOUND('',#11780,.F.);
#11780 = EDGE_LOOP('',(#11781,#11782,#11788,#11789,#11795,#11796,#11797,
    #11798));
#11781 = ORIENTED_EDGE('',*,*,#11082,.T.);
#11782 = ORIENTED_EDGE('',*,*,#11783,.T.);
#11783 = EDGE_CURVE('',#11075,#11455,#11784,.T.);
#11784 = LINE('',#11785,#11786);
#11785 = CARTESIAN_POINT('',(-0.675,-1.3925,0.725));
#11786 = VECTOR('',#11787,1.);
#11787 = DIRECTION('',(-2.22044604925E-16,1.,0.));
#11788 = ORIENTED_EDGE('',*,*,#11471,.T.);
#11789 = ORIENTED_EDGE('',*,*,#11790,.T.);
#11790 = EDGE_CURVE('',#11464,#11247,#11791,.T.);
#11791 = LINE('',#11792,#11793);
#11792 = CARTESIAN_POINT('',(-0.675,-1.3925,0.725));
#11793 = VECTOR('',#11794,1.);
#11794 = DIRECTION('',(-2.22044604925E-16,1.,0.));
#11795 = ORIENTED_EDGE('',*,*,#11256,.T.);
#11796 = ORIENTED_EDGE('',*,*,#11567,.T.);
#11797 = ORIENTED_EDGE('',*,*,#11542,.F.);
#11798 = ORIENTED_EDGE('',*,*,#11767,.F.);
#11799 = B_SPLINE_SURFACE_WITH_KNOTS('',1,1,(
    (#11800,#11801)
    ,(#11802,#11803
    )),.UNSPECIFIED.,.F.,.F.,.F.,(2,2),(2,2),(0.,2.785),(0.,1.),
  .PIECEWISE_BEZIER_KNOTS.);
#11800 = CARTESIAN_POINT('',(-0.675,-1.3925,0.725));
#11801 = CARTESIAN_POINT('',(-0.608243103516,-1.359121551758,1.2));
#11802 = CARTESIAN_POINT('',(-0.675,1.3925,0.725));
#11803 = CARTESIAN_POINT('',(-0.608243103516,1.359121551758,1.2));
#11804 = ADVANCED_FACE('',(#11805),#11816,.F.);
#11805 = FACE_BOUND('',#11806,.F.);
#11806 = EDGE_LOOP('',(#11807,#11808,#11814,#11815));
#11807 = ORIENTED_EDGE('',*,*,#11074,.F.);
#11808 = ORIENTED_EDGE('',*,*,#11809,.T.);
#11809 = EDGE_CURVE('',#10565,#10677,#11810,.T.);
#11810 = LINE('',#11811,#11812);
#11811 = CARTESIAN_POINT('',(-0.7,-1.15,0.725));
#11812 = VECTOR('',#11813,1.);
#11813 = DIRECTION('',(-9.95799250103E-17,1.,0.));
#11814 = ORIENTED_EDGE('',*,*,#11454,.T.);
#11815 = ORIENTED_EDGE('',*,*,#11783,.F.);
#11816 = PLANE('',#11817);
#11817 = AXIS2_PLACEMENT_3D('',#11818,#11819,#11820);
#11818 = CARTESIAN_POINT('',(-0.7,-1.15,0.725));
#11819 = DIRECTION('',(-0.,0.,-1.));
#11820 = DIRECTION('',(1.,9.95799250103E-17,0.));
#11821 = ADVANCED_FACE('',(#11822),#11833,.T.);
#11822 = FACE_BOUND('',#11823,.T.);
#11823 = EDGE_LOOP('',(#11824,#11825,#11826,#11827));
#11824 = ORIENTED_EDGE('',*,*,#11156,.T.);
#11825 = ORIENTED_EDGE('',*,*,#11809,.T.);
#11826 = ORIENTED_EDGE('',*,*,#11330,.F.);
#11827 = ORIENTED_EDGE('',*,*,#11828,.F.);
#11828 = EDGE_CURVE('',#11149,#11323,#11829,.T.);
#11829 = LINE('',#11830,#11831);
#11830 = CARTESIAN_POINT('',(-0.95,-1.15,0.475));
#11831 = VECTOR('',#11832,1.);
#11832 = DIRECTION('',(-9.95799250103E-17,1.,0.));
#11833 = CYLINDRICAL_SURFACE('',#11834,0.25);
#11834 = AXIS2_PLACEMENT_3D('',#11835,#11836,#11837);
#11835 = CARTESIAN_POINT('',(-0.7,-1.15,0.475));
#11836 = DIRECTION('',(9.95799250103E-17,-1.,-0.));
#11837 = DIRECTION('',(-1.,-9.95799250103E-17,0.));
#11838 = ADVANCED_FACE('',(#11839),#11850,.F.);
#11839 = FACE_BOUND('',#11840,.F.);
#11840 = EDGE_LOOP('',(#11841,#11847,#11848,#11849));
#11841 = ORIENTED_EDGE('',*,*,#11842,.T.);
#11842 = EDGE_CURVE('',#11140,#11314,#11843,.T.);
#11843 = LINE('',#11844,#11845);
#11844 = CARTESIAN_POINT('',(-0.95,-1.15,0.25));
#11845 = VECTOR('',#11846,1.);
#11846 = DIRECTION('',(-9.95799250103E-17,1.,0.));
#11847 = ORIENTED_EDGE('',*,*,#11322,.T.);
#11848 = ORIENTED_EDGE('',*,*,#11828,.F.);
#11849 = ORIENTED_EDGE('',*,*,#11148,.F.);
#11850 = PLANE('',#11851);
#11851 = AXIS2_PLACEMENT_3D('',#11852,#11853,#11854);
#11852 = CARTESIAN_POINT('',(-0.95,-1.15,0.25));
#11853 = DIRECTION('',(1.,9.95799250103E-17,0.));
#11854 = DIRECTION('',(0.,-0.,1.));
#11855 = ADVANCED_FACE('',(#11856),#11867,.F.);
#11856 = FACE_BOUND('',#11857,.F.);
#11857 = EDGE_LOOP('',(#11858,#11864,#11865,#11866));
#11858 = ORIENTED_EDGE('',*,*,#11859,.T.);
#11859 = EDGE_CURVE('',#11132,#11306,#11860,.T.);
#11860 = LINE('',#11861,#11862);
#11861 = CARTESIAN_POINT('',(-1.05,-1.15,0.15));
#11862 = VECTOR('',#11863,1.);
#11863 = DIRECTION('',(-9.95799250103E-17,1.,0.));
#11864 = ORIENTED_EDGE('',*,*,#11313,.T.);
#11865 = ORIENTED_EDGE('',*,*,#11842,.F.);
#11866 = ORIENTED_EDGE('',*,*,#11139,.F.);
#11867 = CYLINDRICAL_SURFACE('',#11868,0.1);
#11868 = AXIS2_PLACEMENT_3D('',#11869,#11870,#11871);
#11869 = CARTESIAN_POINT('',(-1.05,-1.15,0.25));
#11870 = DIRECTION('',(9.95799250103E-17,-1.,0.));
#11871 = DIRECTION('',(2.22044604925E-15,2.211118510737E-31,-1.));
#11872 = ADVANCED_FACE('',(#11873),#11884,.F.);
#11873 = FACE_BOUND('',#11874,.F.);
#11874 = EDGE_LOOP('',(#11875,#11881,#11882,#11883));
#11875 = ORIENTED_EDGE('',*,*,#11876,.T.);
#11876 = EDGE_CURVE('',#11124,#11298,#11877,.T.);
#11877 = LINE('',#11878,#11879);
#11878 = CARTESIAN_POINT('',(-1.25,-1.15,0.15));
#11879 = VECTOR('',#11880,1.);
#11880 = DIRECTION('',(-9.95799250103E-17,1.,0.));
#11881 = ORIENTED_EDGE('',*,*,#11305,.T.);
#11882 = ORIENTED_EDGE('',*,*,#11859,.F.);
#11883 = ORIENTED_EDGE('',*,*,#11131,.F.);
#11884 = PLANE('',#11885);
#11885 = AXIS2_PLACEMENT_3D('',#11886,#11887,#11888);
#11886 = CARTESIAN_POINT('',(-1.25,-1.15,0.15));
#11887 = DIRECTION('',(-0.,0.,-1.));
#11888 = DIRECTION('',(1.,9.95799250103E-17,0.));
#11889 = ADVANCED_FACE('',(#11890),#11901,.F.);
#11890 = FACE_BOUND('',#11891,.F.);
#11891 = EDGE_LOOP('',(#11892,#11898,#11899,#11900));
#11892 = ORIENTED_EDGE('',*,*,#11893,.T.);
#11893 = EDGE_CURVE('',#11116,#11290,#11894,.T.);
#11894 = LINE('',#11895,#11896);
#11895 = CARTESIAN_POINT('',(-1.25,-1.15,0.));
#11896 = VECTOR('',#11897,1.);
#11897 = DIRECTION('',(-9.95799250103E-17,1.,0.));
#11898 = ORIENTED_EDGE('',*,*,#11297,.T.);
#11899 = ORIENTED_EDGE('',*,*,#11876,.F.);
#11900 = ORIENTED_EDGE('',*,*,#11123,.F.);
#11901 = PLANE('',#11902);
#11902 = AXIS2_PLACEMENT_3D('',#11903,#11904,#11905);
#11903 = CARTESIAN_POINT('',(-1.25,-1.15,0.));
#11904 = DIRECTION('',(1.,9.95799250103E-17,0.));
#11905 = DIRECTION('',(0.,-0.,1.));
#11906 = ADVANCED_FACE('',(#11907),#11918,.F.);
#11907 = FACE_BOUND('',#11908,.F.);
#11908 = EDGE_LOOP('',(#11909,#11915,#11916,#11917));
#11909 = ORIENTED_EDGE('',*,*,#11910,.T.);
#11910 = EDGE_CURVE('',#11107,#11281,#11911,.T.);
#11911 = LINE('',#11912,#11913);
#11912 = CARTESIAN_POINT('',(-1.05,-1.15,0.));
#11913 = VECTOR('',#11914,1.);
#11914 = DIRECTION('',(-9.95799250103E-17,1.,0.));
#11915 = ORIENTED_EDGE('',*,*,#11289,.T.);
#11916 = ORIENTED_EDGE('',*,*,#11893,.F.);
#11917 = ORIENTED_EDGE('',*,*,#11115,.F.);
#11918 = PLANE('',#11919);
#11919 = AXIS2_PLACEMENT_3D('',#11920,#11921,#11922);
#11920 = CARTESIAN_POINT('',(-1.05,-1.15,0.));
#11921 = DIRECTION('',(0.,0.,1.));
#11922 = DIRECTION('',(-1.,-9.95799250103E-17,0.));
#11923 = ADVANCED_FACE('',(#11924),#11930,.T.);
#11924 = FACE_BOUND('',#11925,.T.);
#11925 = EDGE_LOOP('',(#11926,#11927,#11928,#11929));
#11926 = ORIENTED_EDGE('',*,*,#11106,.T.);
#11927 = ORIENTED_EDGE('',*,*,#11910,.T.);
#11928 = ORIENTED_EDGE('',*,*,#11280,.F.);
#11929 = ORIENTED_EDGE('',*,*,#11347,.F.);
#11930 = CYLINDRICAL_SURFACE('',#11931,0.25);
#11931 = AXIS2_PLACEMENT_3D('',#11932,#11933,#11934);
#11932 = CARTESIAN_POINT('',(-1.05,-1.15,0.25));
#11933 = DIRECTION('',(9.95799250103E-17,-1.,-0.));
#11934 = DIRECTION('',(1.,9.95799250103E-17,-4.440892098501E-16));
#11935 = ADVANCED_FACE('',(#11936),#11952,.T.);
#11936 = FACE_BOUND('',#11937,.T.);
#11937 = EDGE_LOOP('',(#11938,#11939,#11945,#11946));
#11938 = ORIENTED_EDGE('',*,*,#11422,.T.);
#11939 = ORIENTED_EDGE('',*,*,#11940,.T.);
#11940 = EDGE_CURVE('',#10686,#10587,#11941,.T.);
#11941 = LINE('',#11942,#11943);
#11942 = CARTESIAN_POINT('',(-0.7,0.75,0.725));
#11943 = VECTOR('',#11944,1.);
#11944 = DIRECTION('',(-9.95799250103E-17,1.,0.));
#11945 = ORIENTED_EDGE('',*,*,#11231,.F.);
#11946 = ORIENTED_EDGE('',*,*,#11947,.F.);
#11947 = EDGE_CURVE('',#11415,#11224,#11948,.T.);
#11948 = LINE('',#11949,#11950);
#11949 = CARTESIAN_POINT('',(-0.95,0.75,0.475));
#11950 = VECTOR('',#11951,1.);
#11951 = DIRECTION('',(-9.95799250103E-17,1.,0.));
#11952 = CYLINDRICAL_SURFACE('',#11953,0.25);
#11953 = AXIS2_PLACEMENT_3D('',#11954,#11955,#11956);
#11954 = CARTESIAN_POINT('',(-0.7,0.75,0.475));
#11955 = DIRECTION('',(9.95799250103E-17,-1.,-0.));
#11956 = DIRECTION('',(-1.,-9.95799250103E-17,0.));
#11957 = ADVANCED_FACE('',(#11958),#11969,.F.);
#11958 = FACE_BOUND('',#11959,.F.);
#11959 = EDGE_LOOP('',(#11960,#11966,#11967,#11968));
#11960 = ORIENTED_EDGE('',*,*,#11961,.T.);
#11961 = EDGE_CURVE('',#11406,#11215,#11962,.T.);
#11962 = LINE('',#11963,#11964);
#11963 = CARTESIAN_POINT('',(-0.95,0.75,0.25));
#11964 = VECTOR('',#11965,1.);
#11965 = DIRECTION('',(-9.95799250103E-17,1.,0.));
#11966 = ORIENTED_EDGE('',*,*,#11223,.T.);
#11967 = ORIENTED_EDGE('',*,*,#11947,.F.);
#11968 = ORIENTED_EDGE('',*,*,#11414,.F.);
#11969 = PLANE('',#11970);
#11970 = AXIS2_PLACEMENT_3D('',#11971,#11972,#11973);
#11971 = CARTESIAN_POINT('',(-0.95,0.75,0.25));
#11972 = DIRECTION('',(1.,9.95799250103E-17,0.));
#11973 = DIRECTION('',(0.,-0.,1.));
#11974 = ADVANCED_FACE('',(#11975),#11986,.F.);
#11975 = FACE_BOUND('',#11976,.F.);
#11976 = EDGE_LOOP('',(#11977,#11983,#11984,#11985));
#11977 = ORIENTED_EDGE('',*,*,#11978,.T.);
#11978 = EDGE_CURVE('',#11398,#11207,#11979,.T.);
#11979 = LINE('',#11980,#11981);
#11980 = CARTESIAN_POINT('',(-1.05,0.75,0.15));
#11981 = VECTOR('',#11982,1.);
#11982 = DIRECTION('',(-9.95799250103E-17,1.,0.));
#11983 = ORIENTED_EDGE('',*,*,#11214,.T.);
#11984 = ORIENTED_EDGE('',*,*,#11961,.F.);
#11985 = ORIENTED_EDGE('',*,*,#11405,.F.);
#11986 = CYLINDRICAL_SURFACE('',#11987,0.1);
#11987 = AXIS2_PLACEMENT_3D('',#11988,#11989,#11990);
#11988 = CARTESIAN_POINT('',(-1.05,0.75,0.25));
#11989 = DIRECTION('',(9.95799250103E-17,-1.,0.));
#11990 = DIRECTION('',(2.22044604925E-15,2.211118510737E-31,-1.));
#11991 = ADVANCED_FACE('',(#11992),#12003,.F.);
#11992 = FACE_BOUND('',#11993,.F.);
#11993 = EDGE_LOOP('',(#11994,#12000,#12001,#12002));
#11994 = ORIENTED_EDGE('',*,*,#11995,.T.);
#11995 = EDGE_CURVE('',#11390,#11199,#11996,.T.);
#11996 = LINE('',#11997,#11998);
#11997 = CARTESIAN_POINT('',(-1.25,0.75,0.15));
#11998 = VECTOR('',#11999,1.);
#11999 = DIRECTION('',(-9.95799250103E-17,1.,0.));
#12000 = ORIENTED_EDGE('',*,*,#11206,.T.);
#12001 = ORIENTED_EDGE('',*,*,#11978,.F.);
#12002 = ORIENTED_EDGE('',*,*,#11397,.F.);
#12003 = PLANE('',#12004);
#12004 = AXIS2_PLACEMENT_3D('',#12005,#12006,#12007);
#12005 = CARTESIAN_POINT('',(-1.25,0.75,0.15));
#12006 = DIRECTION('',(-0.,0.,-1.));
#12007 = DIRECTION('',(1.,9.95799250103E-17,0.));
#12008 = ADVANCED_FACE('',(#12009),#12020,.F.);
#12009 = FACE_BOUND('',#12010,.F.);
#12010 = EDGE_LOOP('',(#12011,#12017,#12018,#12019));
#12011 = ORIENTED_EDGE('',*,*,#12012,.T.);
#12012 = EDGE_CURVE('',#11382,#11191,#12013,.T.);
#12013 = LINE('',#12014,#12015);
#12014 = CARTESIAN_POINT('',(-1.25,0.75,0.));
#12015 = VECTOR('',#12016,1.);
#12016 = DIRECTION('',(-9.95799250103E-17,1.,0.));
#12017 = ORIENTED_EDGE('',*,*,#11198,.T.);
#12018 = ORIENTED_EDGE('',*,*,#11995,.F.);
#12019 = ORIENTED_EDGE('',*,*,#11389,.F.);
#12020 = PLANE('',#12021);
#12021 = AXIS2_PLACEMENT_3D('',#12022,#12023,#12024);
#12022 = CARTESIAN_POINT('',(-1.25,0.75,0.));
#12023 = DIRECTION('',(1.,9.95799250103E-17,0.));
#12024 = DIRECTION('',(0.,-0.,1.));
#12025 = ADVANCED_FACE('',(#12026),#12037,.F.);
#12026 = FACE_BOUND('',#12027,.F.);
#12027 = EDGE_LOOP('',(#12028,#12034,#12035,#12036));
#12028 = ORIENTED_EDGE('',*,*,#12029,.T.);
#12029 = EDGE_CURVE('',#11373,#11182,#12030,.T.);
#12030 = LINE('',#12031,#12032);
#12031 = CARTESIAN_POINT('',(-1.05,0.75,0.));
#12032 = VECTOR('',#12033,1.);
#12033 = DIRECTION('',(-9.95799250103E-17,1.,0.));
#12034 = ORIENTED_EDGE('',*,*,#11190,.T.);
#12035 = ORIENTED_EDGE('',*,*,#12012,.F.);
#12036 = ORIENTED_EDGE('',*,*,#11381,.F.);
#12037 = PLANE('',#12038);
#12038 = AXIS2_PLACEMENT_3D('',#12039,#12040,#12041);
#12039 = CARTESIAN_POINT('',(-1.05,0.75,0.));
#12040 = DIRECTION('',(0.,0.,1.));
#12041 = DIRECTION('',(-1.,-9.95799250103E-17,0.));
#12042 = ADVANCED_FACE('',(#12043),#12049,.T.);
#12043 = FACE_BOUND('',#12044,.T.);
#12044 = EDGE_LOOP('',(#12045,#12046,#12047,#12048));
#12045 = ORIENTED_EDGE('',*,*,#11372,.T.);
#12046 = ORIENTED_EDGE('',*,*,#12029,.T.);
#12047 = ORIENTED_EDGE('',*,*,#11181,.F.);
#12048 = ORIENTED_EDGE('',*,*,#11439,.F.);
#12049 = CYLINDRICAL_SURFACE('',#12050,0.25);
#12050 = AXIS2_PLACEMENT_3D('',#12051,#12052,#12053);
#12051 = CARTESIAN_POINT('',(-1.05,0.75,0.25));
#12052 = DIRECTION('',(9.95799250103E-17,-1.,-0.));
#12053 = DIRECTION('',(1.,9.95799250103E-17,-4.440892098501E-16));
#12054 = ADVANCED_FACE('',(#12055),#12061,.F.);
#12055 = FACE_BOUND('',#12056,.F.);
#12056 = EDGE_LOOP('',(#12057,#12058,#12059,#12060));
#12057 = ORIENTED_EDGE('',*,*,#11463,.F.);
#12058 = ORIENTED_EDGE('',*,*,#11940,.T.);
#12059 = ORIENTED_EDGE('',*,*,#11246,.T.);
#12060 = ORIENTED_EDGE('',*,*,#11790,.F.);
#12061 = PLANE('',#12062);
#12062 = AXIS2_PLACEMENT_3D('',#12063,#12064,#12065);
#12063 = CARTESIAN_POINT('',(-0.7,0.75,0.725));
#12064 = DIRECTION('',(-0.,0.,-1.));
#12065 = DIRECTION('',(1.,9.95799250103E-17,0.));
#12066 = ( GEOMETRIC_REPRESENTATION_CONTEXT(3) 
GLOBAL_UNCERTAINTY_ASSIGNED_CONTEXT((#12070)) 
GLOBAL_UNIT_ASSIGNED_CONTEXT((#12067,#12068,#12069)) 
REPRESENTATION_CONTEXT('Context #1',
  '3D Context with UNIT and UNCERTAINTY') );
#12067 = ( LENGTH_UNIT() NAMED_UNIT(*) SI_UNIT(.MILLI.,.METRE.) );
#12068 = ( NAMED_UNIT(*) PLANE_ANGLE_UNIT() SI_UNIT($,.RADIAN.) );
#12069 = ( NAMED_UNIT(*) SI_UNIT($,.STERADIAN.) SOLID_ANGLE_UNIT() );
#12070 = UNCERTAINTY_MEASURE_WITH_UNIT(LENGTH_MEASURE(2.E-06),#12067,
  'distance_accuracy_value','confusion accuracy');
#12071 = CONTEXT_DEPENDENT_SHAPE_REPRESENTATION(#12072,#12074);
#12072 = ( REPRESENTATION_RELATIONSHIP('','',#9991,#10) 
REPRESENTATION_RELATIONSHIP_WITH_TRANSFORMATION(#12073) 
SHAPE_REPRESENTATION_RELATIONSHIP() );
#12073 = ITEM_DEFINED_TRANSFORMATION('','',#11,#75);
#12074 = PRODUCT_DEFINITION_SHAPE('Placement','Placement of an item',
  #12075);
#12075 = NEXT_ASSEMBLY_USAGE_OCCURRENCE('16','D1','',#5,#9986,$);
#12076 = PRODUCT_RELATED_PRODUCT_CATEGORY('part',$,(#9988));
#12077 = SHAPE_DEFINITION_REPRESENTATION(#12078,#12084);
#12078 = PRODUCT_DEFINITION_SHAPE('','',#12079);
#12079 = PRODUCT_DEFINITION('design','',#12080,#12083);
#12080 = PRODUCT_DEFINITION_FORMATION('','',#12081);
#12081 = PRODUCT('L_0805_2012Metric','L_0805_2012Metric','',(#12082));
#12082 = PRODUCT_CONTEXT('',#2,'mechanical');
#12083 = PRODUCT_DEFINITION_CONTEXT('part definition',#2,'design');
#12084 = ADVANCED_BREP_SHAPE_REPRESENTATION('',(#11,#12085),#12939);
#12085 = MANIFOLD_SOLID_BREP('',#12086);
#12086 = CLOSED_SHELL('',(#12087,#12163,#12194,#12219,#12244,#12268,
    #12292,#12317,#12342,#12359,#12445,#12477,#12501,#12526,#12550,
    #12575,#12599,#12624,#12641,#12727,#12758,#12783,#12808,#12832,
    #12856,#12881,#12906,#12923));
#12087 = ADVANCED_FACE('',(#12088),#12158,.F.);
#12088 = FACE_BOUND('',#12089,.F.);
#12089 = EDGE_LOOP('',(#12090,#12100,#12109,#12117,#12126,#12134,#12143,
    #12151));
#12090 = ORIENTED_EDGE('',*,*,#12091,.F.);
#12091 = EDGE_CURVE('',#12092,#12094,#12096,.T.);
#12092 = VERTEX_POINT('',#12093);
#12093 = CARTESIAN_POINT('',(-1.,-0.625,4.E-02));
#12094 = VERTEX_POINT('',#12095);
#12095 = CARTESIAN_POINT('',(-1.,-0.625,1.21));
#12096 = LINE('',#12097,#12098);
#12097 = CARTESIAN_POINT('',(-1.,-0.625,0.));
#12098 = VECTOR('',#12099,1.);
#12099 = DIRECTION('',(0.,0.,1.));
#12100 = ORIENTED_EDGE('',*,*,#12101,.T.);
#12101 = EDGE_CURVE('',#12092,#12102,#12104,.T.);
#12102 = VERTEX_POINT('',#12103);
#12103 = CARTESIAN_POINT('',(-1.,-0.585,0.));
#12104 = CIRCLE('',#12105,4.E-02);
#12105 = AXIS2_PLACEMENT_3D('',#12106,#12107,#12108);
#12106 = CARTESIAN_POINT('',(-1.,-0.585,4.E-02));
#12107 = DIRECTION('',(1.,0.,-0.));
#12108 = DIRECTION('',(0.,0.,1.));
#12109 = ORIENTED_EDGE('',*,*,#12110,.T.);
#12110 = EDGE_CURVE('',#12102,#12111,#12113,.T.);
#12111 = VERTEX_POINT('',#12112);
#12112 = CARTESIAN_POINT('',(-1.,0.585,0.));
#12113 = LINE('',#12114,#12115);
#12114 = CARTESIAN_POINT('',(-1.,-0.625,0.));
#12115 = VECTOR('',#12116,1.);
#12116 = DIRECTION('',(0.,1.,0.));
#12117 = ORIENTED_EDGE('',*,*,#12118,.F.);
#12118 = EDGE_CURVE('',#12119,#12111,#12121,.T.);
#12119 = VERTEX_POINT('',#12120);
#12120 = CARTESIAN_POINT('',(-1.,0.625,4.E-02));
#12121 = CIRCLE('',#12122,4.E-02);
#12122 = AXIS2_PLACEMENT_3D('',#12123,#12124,#12125);
#12123 = CARTESIAN_POINT('',(-1.,0.585,4.E-02));
#12124 = DIRECTION('',(-1.,0.,0.));
#12125 = DIRECTION('',(0.,0.,1.));
#12126 = ORIENTED_EDGE('',*,*,#12127,.T.);
#12127 = EDGE_CURVE('',#12119,#12128,#12130,.T.);
#12128 = VERTEX_POINT('',#12129);
#12129 = CARTESIAN_POINT('',(-1.,0.625,1.21));
#12130 = LINE('',#12131,#12132);
#12131 = CARTESIAN_POINT('',(-1.,0.625,0.));
#12132 = VECTOR('',#12133,1.);
#12133 = DIRECTION('',(0.,0.,1.));
#12134 = ORIENTED_EDGE('',*,*,#12135,.T.);
#12135 = EDGE_CURVE('',#12128,#12136,#12138,.T.);
#12136 = VERTEX_POINT('',#12137);
#12137 = CARTESIAN_POINT('',(-1.,0.585,1.25));
#12138 = CIRCLE('',#12139,4.E-02);
#12139 = AXIS2_PLACEMENT_3D('',#12140,#12141,#12142);
#12140 = CARTESIAN_POINT('',(-1.,0.585,1.21));
#12141 = DIRECTION('',(1.,0.,-0.));
#12142 = DIRECTION('',(0.,0.,1.));
#12143 = ORIENTED_EDGE('',*,*,#12144,.F.);
#12144 = EDGE_CURVE('',#12145,#12136,#12147,.T.);
#12145 = VERTEX_POINT('',#12146);
#12146 = CARTESIAN_POINT('',(-1.,-0.585,1.25));
#12147 = LINE('',#12148,#12149);
#12148 = CARTESIAN_POINT('',(-1.,-0.625,1.25));
#12149 = VECTOR('',#12150,1.);
#12150 = DIRECTION('',(0.,1.,0.));
#12151 = ORIENTED_EDGE('',*,*,#12152,.F.);
#12152 = EDGE_CURVE('',#12094,#12145,#12153,.T.);
#12153 = CIRCLE('',#12154,4.E-02);
#12154 = AXIS2_PLACEMENT_3D('',#12155,#12156,#12157);
#12155 = CARTESIAN_POINT('',(-1.,-0.585,1.21));
#12156 = DIRECTION('',(-1.,0.,0.));
#12157 = DIRECTION('',(0.,0.,1.));
#12158 = PLANE('',#12159);
#12159 = AXIS2_PLACEMENT_3D('',#12160,#12161,#12162);
#12160 = CARTESIAN_POINT('',(-1.,-0.625,0.));
#12161 = DIRECTION('',(1.,0.,0.));
#12162 = DIRECTION('',(0.,0.,1.));
#12163 = ADVANCED_FACE('',(#12164),#12189,.F.);
#12164 = FACE_BOUND('',#12165,.F.);
#12165 = EDGE_LOOP('',(#12166,#12176,#12182,#12183));
#12166 = ORIENTED_EDGE('',*,*,#12167,.F.);
#12167 = EDGE_CURVE('',#12168,#12170,#12172,.T.);
#12168 = VERTEX_POINT('',#12169);
#12169 = CARTESIAN_POINT('',(-0.6,-0.625,4.E-02));
#12170 = VERTEX_POINT('',#12171);
#12171 = CARTESIAN_POINT('',(-0.6,-0.625,1.21));
#12172 = LINE('',#12173,#12174);
#12173 = CARTESIAN_POINT('',(-0.6,-0.625,0.));
#12174 = VECTOR('',#12175,1.);
#12175 = DIRECTION('',(0.,0.,1.));
#12176 = ORIENTED_EDGE('',*,*,#12177,.F.);
#12177 = EDGE_CURVE('',#12092,#12168,#12178,.T.);
#12178 = LINE('',#12179,#12180);
#12179 = CARTESIAN_POINT('',(-1.,-0.625,4.E-02));
#12180 = VECTOR('',#12181,1.);
#12181 = DIRECTION('',(1.,0.,0.));
#12182 = ORIENTED_EDGE('',*,*,#12091,.T.);
#12183 = ORIENTED_EDGE('',*,*,#12184,.T.);
#12184 = EDGE_CURVE('',#12094,#12170,#12185,.T.);
#12185 = LINE('',#12186,#12187);
#12186 = CARTESIAN_POINT('',(-1.,-0.625,1.21));
#12187 = VECTOR('',#12188,1.);
#12188 = DIRECTION('',(1.,0.,0.));
#12189 = PLANE('',#12190);
#12190 = AXIS2_PLACEMENT_3D('',#12191,#12192,#12193);
#12191 = CARTESIAN_POINT('',(-1.,-0.625,0.));
#12192 = DIRECTION('',(0.,1.,0.));
#12193 = DIRECTION('',(0.,-0.,1.));
#12194 = ADVANCED_FACE('',(#12195),#12214,.T.);
#12195 = FACE_BOUND('',#12196,.T.);
#12196 = EDGE_LOOP('',(#12197,#12198,#12206,#12213));
#12197 = ORIENTED_EDGE('',*,*,#12101,.T.);
#12198 = ORIENTED_EDGE('',*,*,#12199,.T.);
#12199 = EDGE_CURVE('',#12102,#12200,#12202,.T.);
#12200 = VERTEX_POINT('',#12201);
#12201 = CARTESIAN_POINT('',(-0.6,-0.585,0.));
#12202 = LINE('',#12203,#12204);
#12203 = CARTESIAN_POINT('',(-1.,-0.585,0.));
#12204 = VECTOR('',#12205,1.);
#12205 = DIRECTION('',(1.,0.,0.));
#12206 = ORIENTED_EDGE('',*,*,#12207,.F.);
#12207 = EDGE_CURVE('',#12168,#12200,#12208,.T.);
#12208 = CIRCLE('',#12209,4.E-02);
#12209 = AXIS2_PLACEMENT_3D('',#12210,#12211,#12212);
#12210 = CARTESIAN_POINT('',(-0.6,-0.585,4.E-02));
#12211 = DIRECTION('',(1.,0.,-0.));
#12212 = DIRECTION('',(0.,0.,1.));
#12213 = ORIENTED_EDGE('',*,*,#12177,.F.);
#12214 = CYLINDRICAL_SURFACE('',#12215,4.E-02);
#12215 = AXIS2_PLACEMENT_3D('',#12216,#12217,#12218);
#12216 = CARTESIAN_POINT('',(-1.,-0.585,4.E-02));
#12217 = DIRECTION('',(1.,0.,0.));
#12218 = DIRECTION('',(0.,-1.,0.));
#12219 = ADVANCED_FACE('',(#12220),#12239,.T.);
#12220 = FACE_BOUND('',#12221,.T.);
#12221 = EDGE_LOOP('',(#12222,#12223,#12232,#12238));
#12222 = ORIENTED_EDGE('',*,*,#12184,.T.);
#12223 = ORIENTED_EDGE('',*,*,#12224,.T.);
#12224 = EDGE_CURVE('',#12170,#12225,#12227,.T.);
#12225 = VERTEX_POINT('',#12226);
#12226 = CARTESIAN_POINT('',(-0.6,-0.585,1.25));
#12227 = CIRCLE('',#12228,4.E-02);
#12228 = AXIS2_PLACEMENT_3D('',#12229,#12230,#12231);
#12229 = CARTESIAN_POINT('',(-0.6,-0.585,1.21));
#12230 = DIRECTION('',(-1.,0.,0.));
#12231 = DIRECTION('',(0.,0.,1.));
#12232 = ORIENTED_EDGE('',*,*,#12233,.F.);
#12233 = EDGE_CURVE('',#12145,#12225,#12234,.T.);
#12234 = LINE('',#12235,#12236);
#12235 = CARTESIAN_POINT('',(-1.,-0.585,1.25));
#12236 = VECTOR('',#12237,1.);
#12237 = DIRECTION('',(1.,0.,0.));
#12238 = ORIENTED_EDGE('',*,*,#12152,.F.);
#12239 = CYLINDRICAL_SURFACE('',#12240,4.E-02);
#12240 = AXIS2_PLACEMENT_3D('',#12241,#12242,#12243);
#12241 = CARTESIAN_POINT('',(-1.,-0.585,1.21));
#12242 = DIRECTION('',(1.,0.,0.));
#12243 = DIRECTION('',(0.,-1.,0.));
#12244 = ADVANCED_FACE('',(#12245),#12263,.F.);
#12245 = FACE_BOUND('',#12246,.F.);
#12246 = EDGE_LOOP('',(#12247,#12248,#12249,#12257));
#12247 = ORIENTED_EDGE('',*,*,#12110,.F.);
#12248 = ORIENTED_EDGE('',*,*,#12199,.T.);
#12249 = ORIENTED_EDGE('',*,*,#12250,.T.);
#12250 = EDGE_CURVE('',#12200,#12251,#12253,.T.);
#12251 = VERTEX_POINT('',#12252);
#12252 = CARTESIAN_POINT('',(-0.6,0.585,0.));
#12253 = LINE('',#12254,#12255);
#12254 = CARTESIAN_POINT('',(-0.6,-0.625,0.));
#12255 = VECTOR('',#12256,1.);
#12256 = DIRECTION('',(0.,1.,0.));
#12257 = ORIENTED_EDGE('',*,*,#12258,.F.);
#12258 = EDGE_CURVE('',#12111,#12251,#12259,.T.);
#12259 = LINE('',#12260,#12261);
#12260 = CARTESIAN_POINT('',(-1.,0.585,0.));
#12261 = VECTOR('',#12262,1.);
#12262 = DIRECTION('',(1.,0.,0.));
#12263 = PLANE('',#12264);
#12264 = AXIS2_PLACEMENT_3D('',#12265,#12266,#12267);
#12265 = CARTESIAN_POINT('',(-1.,-0.625,0.));
#12266 = DIRECTION('',(0.,0.,1.));
#12267 = DIRECTION('',(1.,0.,-0.));
#12268 = ADVANCED_FACE('',(#12269),#12287,.T.);
#12269 = FACE_BOUND('',#12270,.T.);
#12270 = EDGE_LOOP('',(#12271,#12272,#12273,#12281));
#12271 = ORIENTED_EDGE('',*,*,#12144,.F.);
#12272 = ORIENTED_EDGE('',*,*,#12233,.T.);
#12273 = ORIENTED_EDGE('',*,*,#12274,.T.);
#12274 = EDGE_CURVE('',#12225,#12275,#12277,.T.);
#12275 = VERTEX_POINT('',#12276);
#12276 = CARTESIAN_POINT('',(-0.6,0.585,1.25));
#12277 = LINE('',#12278,#12279);
#12278 = CARTESIAN_POINT('',(-0.6,-0.625,1.25));
#12279 = VECTOR('',#12280,1.);
#12280 = DIRECTION('',(0.,1.,0.));
#12281 = ORIENTED_EDGE('',*,*,#12282,.F.);
#12282 = EDGE_CURVE('',#12136,#12275,#12283,.T.);
#12283 = LINE('',#12284,#12285);
#12284 = CARTESIAN_POINT('',(-1.,0.585,1.25));
#12285 = VECTOR('',#12286,1.);
#12286 = DIRECTION('',(1.,0.,0.));
#12287 = PLANE('',#12288);
#12288 = AXIS2_PLACEMENT_3D('',#12289,#12290,#12291);
#12289 = CARTESIAN_POINT('',(-1.,-0.625,1.25));
#12290 = DIRECTION('',(0.,0.,1.));
#12291 = DIRECTION('',(1.,0.,-0.));
#12292 = ADVANCED_FACE('',(#12293),#12312,.T.);
#12293 = FACE_BOUND('',#12294,.T.);
#12294 = EDGE_LOOP('',(#12295,#12303,#12310,#12311));
#12295 = ORIENTED_EDGE('',*,*,#12296,.T.);
#12296 = EDGE_CURVE('',#12119,#12297,#12299,.T.);
#12297 = VERTEX_POINT('',#12298);
#12298 = CARTESIAN_POINT('',(-0.6,0.625,4.E-02));
#12299 = LINE('',#12300,#12301);
#12300 = CARTESIAN_POINT('',(-1.,0.625,4.E-02));
#12301 = VECTOR('',#12302,1.);
#12302 = DIRECTION('',(1.,0.,0.));
#12303 = ORIENTED_EDGE('',*,*,#12304,.T.);
#12304 = EDGE_CURVE('',#12297,#12251,#12305,.T.);
#12305 = CIRCLE('',#12306,4.E-02);
#12306 = AXIS2_PLACEMENT_3D('',#12307,#12308,#12309);
#12307 = CARTESIAN_POINT('',(-0.6,0.585,4.E-02));
#12308 = DIRECTION('',(-1.,0.,0.));
#12309 = DIRECTION('',(0.,0.,1.));
#12310 = ORIENTED_EDGE('',*,*,#12258,.F.);
#12311 = ORIENTED_EDGE('',*,*,#12118,.F.);
#12312 = CYLINDRICAL_SURFACE('',#12313,4.E-02);
#12313 = AXIS2_PLACEMENT_3D('',#12314,#12315,#12316);
#12314 = CARTESIAN_POINT('',(-1.,0.585,4.E-02));
#12315 = DIRECTION('',(1.,0.,0.));
#12316 = DIRECTION('',(-0.,1.,0.));
#12317 = ADVANCED_FACE('',(#12318),#12337,.T.);
#12318 = FACE_BOUND('',#12319,.T.);
#12319 = EDGE_LOOP('',(#12320,#12321,#12322,#12331));
#12320 = ORIENTED_EDGE('',*,*,#12135,.T.);
#12321 = ORIENTED_EDGE('',*,*,#12282,.T.);
#12322 = ORIENTED_EDGE('',*,*,#12323,.F.);
#12323 = EDGE_CURVE('',#12324,#12275,#12326,.T.);
#12324 = VERTEX_POINT('',#12325);
#12325 = CARTESIAN_POINT('',(-0.6,0.625,1.21));
#12326 = CIRCLE('',#12327,4.E-02);
#12327 = AXIS2_PLACEMENT_3D('',#12328,#12329,#12330);
#12328 = CARTESIAN_POINT('',(-0.6,0.585,1.21));
#12329 = DIRECTION('',(1.,0.,-0.));
#12330 = DIRECTION('',(0.,0.,1.));
#12331 = ORIENTED_EDGE('',*,*,#12332,.F.);
#12332 = EDGE_CURVE('',#12128,#12324,#12333,.T.);
#12333 = LINE('',#12334,#12335);
#12334 = CARTESIAN_POINT('',(-1.,0.625,1.21));
#12335 = VECTOR('',#12336,1.);
#12336 = DIRECTION('',(1.,0.,0.));
#12337 = CYLINDRICAL_SURFACE('',#12338,4.E-02);
#12338 = AXIS2_PLACEMENT_3D('',#12339,#12340,#12341);
#12339 = CARTESIAN_POINT('',(-1.,0.585,1.21));
#12340 = DIRECTION('',(1.,0.,0.));
#12341 = DIRECTION('',(-0.,1.,0.));
#12342 = ADVANCED_FACE('',(#12343),#12354,.T.);
#12343 = FACE_BOUND('',#12344,.T.);
#12344 = EDGE_LOOP('',(#12345,#12351,#12352,#12353));
#12345 = ORIENTED_EDGE('',*,*,#12346,.F.);
#12346 = EDGE_CURVE('',#12297,#12324,#12347,.T.);
#12347 = LINE('',#12348,#12349);
#12348 = CARTESIAN_POINT('',(-0.6,0.625,0.));
#12349 = VECTOR('',#12350,1.);
#12350 = DIRECTION('',(0.,0.,1.));
#12351 = ORIENTED_EDGE('',*,*,#12296,.F.);
#12352 = ORIENTED_EDGE('',*,*,#12127,.T.);
#12353 = ORIENTED_EDGE('',*,*,#12332,.T.);
#12354 = PLANE('',#12355);
#12355 = AXIS2_PLACEMENT_3D('',#12356,#12357,#12358);
#12356 = CARTESIAN_POINT('',(-1.,0.625,0.));
#12357 = DIRECTION('',(0.,1.,0.));
#12358 = DIRECTION('',(0.,-0.,1.));
#12359 = ADVANCED_FACE('',(#12360,#12370),#12440,.T.);
#12360 = FACE_BOUND('',#12361,.T.);
#12361 = EDGE_LOOP('',(#12362,#12363,#12364,#12365,#12366,#12367,#12368,
    #12369));
#12362 = ORIENTED_EDGE('',*,*,#12167,.F.);
#12363 = ORIENTED_EDGE('',*,*,#12207,.T.);
#12364 = ORIENTED_EDGE('',*,*,#12250,.T.);
#12365 = ORIENTED_EDGE('',*,*,#12304,.F.);
#12366 = ORIENTED_EDGE('',*,*,#12346,.T.);
#12367 = ORIENTED_EDGE('',*,*,#12323,.T.);
#12368 = ORIENTED_EDGE('',*,*,#12274,.F.);
#12369 = ORIENTED_EDGE('',*,*,#12224,.F.);
#12370 = FACE_BOUND('',#12371,.T.);
#12371 = EDGE_LOOP('',(#12372,#12383,#12391,#12400,#12408,#12417,#12425,
    #12434));
#12372 = ORIENTED_EDGE('',*,*,#12373,.F.);
#12373 = EDGE_CURVE('',#12374,#12376,#12378,.T.);
#12374 = VERTEX_POINT('',#12375);
#12375 = CARTESIAN_POINT('',(-0.6,-0.585,8.E-02));
#12376 = VERTEX_POINT('',#12377);
#12377 = CARTESIAN_POINT('',(-0.6,-0.545,4.E-02));
#12378 = CIRCLE('',#12379,4.E-02);
#12379 = AXIS2_PLACEMENT_3D('',#12380,#12381,#12382);
#12380 = CARTESIAN_POINT('',(-0.6,-0.545,8.E-02));
#12381 = DIRECTION('',(1.,0.,-0.));
#12382 = DIRECTION('',(0.,0.,1.));
#12383 = ORIENTED_EDGE('',*,*,#12384,.T.);
#12384 = EDGE_CURVE('',#12374,#12385,#12387,.T.);
#12385 = VERTEX_POINT('',#12386);
#12386 = CARTESIAN_POINT('',(-0.6,-0.585,1.17));
#12387 = LINE('',#12388,#12389);
#12388 = CARTESIAN_POINT('',(-0.6,-0.585,4.E-02));
#12389 = VECTOR('',#12390,1.);
#12390 = DIRECTION('',(0.,0.,1.));
#12391 = ORIENTED_EDGE('',*,*,#12392,.T.);
#12392 = EDGE_CURVE('',#12385,#12393,#12395,.T.);
#12393 = VERTEX_POINT('',#12394);
#12394 = CARTESIAN_POINT('',(-0.6,-0.545,1.21));
#12395 = CIRCLE('',#12396,4.E-02);
#12396 = AXIS2_PLACEMENT_3D('',#12397,#12398,#12399);
#12397 = CARTESIAN_POINT('',(-0.6,-0.545,1.17));
#12398 = DIRECTION('',(-1.,0.,0.));
#12399 = DIRECTION('',(0.,0.,1.));
#12400 = ORIENTED_EDGE('',*,*,#12401,.T.);
#12401 = EDGE_CURVE('',#12393,#12402,#12404,.T.);
#12402 = VERTEX_POINT('',#12403);
#12403 = CARTESIAN_POINT('',(-0.6,0.545,1.21));
#12404 = LINE('',#12405,#12406);
#12405 = CARTESIAN_POINT('',(-0.6,-0.585,1.21));
#12406 = VECTOR('',#12407,1.);
#12407 = DIRECTION('',(0.,1.,0.));
#12408 = ORIENTED_EDGE('',*,*,#12409,.F.);
#12409 = EDGE_CURVE('',#12410,#12402,#12412,.T.);
#12410 = VERTEX_POINT('',#12411);
#12411 = CARTESIAN_POINT('',(-0.6,0.585,1.17));
#12412 = CIRCLE('',#12413,4.E-02);
#12413 = AXIS2_PLACEMENT_3D('',#12414,#12415,#12416);
#12414 = CARTESIAN_POINT('',(-0.6,0.545,1.17));
#12415 = DIRECTION('',(1.,0.,-0.));
#12416 = DIRECTION('',(0.,0.,1.));
#12417 = ORIENTED_EDGE('',*,*,#12418,.F.);
#12418 = EDGE_CURVE('',#12419,#12410,#12421,.T.);
#12419 = VERTEX_POINT('',#12420);
#12420 = CARTESIAN_POINT('',(-0.6,0.585,8.E-02));
#12421 = LINE('',#12422,#12423);
#12422 = CARTESIAN_POINT('',(-0.6,0.585,4.E-02));
#12423 = VECTOR('',#12424,1.);
#12424 = DIRECTION('',(0.,0.,1.));
#12425 = ORIENTED_EDGE('',*,*,#12426,.T.);
#12426 = EDGE_CURVE('',#12419,#12427,#12429,.T.);
#12427 = VERTEX_POINT('',#12428);
#12428 = CARTESIAN_POINT('',(-0.6,0.545,4.E-02));
#12429 = CIRCLE('',#12430,4.E-02);
#12430 = AXIS2_PLACEMENT_3D('',#12431,#12432,#12433);
#12431 = CARTESIAN_POINT('',(-0.6,0.545,8.E-02));
#12432 = DIRECTION('',(-1.,0.,0.));
#12433 = DIRECTION('',(0.,0.,1.));
#12434 = ORIENTED_EDGE('',*,*,#12435,.F.);
#12435 = EDGE_CURVE('',#12376,#12427,#12436,.T.);
#12436 = LINE('',#12437,#12438);
#12437 = CARTESIAN_POINT('',(-0.6,-0.585,4.E-02));
#12438 = VECTOR('',#12439,1.);
#12439 = DIRECTION('',(0.,1.,0.));
#12440 = PLANE('',#12441);
#12441 = AXIS2_PLACEMENT_3D('',#12442,#12443,#12444);
#12442 = CARTESIAN_POINT('',(-0.6,-0.625,0.));
#12443 = DIRECTION('',(1.,0.,0.));
#12444 = DIRECTION('',(0.,0.,1.));
#12445 = ADVANCED_FACE('',(#12446),#12472,.T.);
#12446 = FACE_BOUND('',#12447,.T.);
#12447 = EDGE_LOOP('',(#12448,#12449,#12457,#12466));
#12448 = ORIENTED_EDGE('',*,*,#12373,.T.);
#12449 = ORIENTED_EDGE('',*,*,#12450,.T.);
#12450 = EDGE_CURVE('',#12376,#12451,#12453,.T.);
#12451 = VERTEX_POINT('',#12452);
#12452 = CARTESIAN_POINT('',(0.6,-0.545,4.E-02));
#12453 = LINE('',#12454,#12455);
#12454 = CARTESIAN_POINT('',(-0.6,-0.545,4.E-02));
#12455 = VECTOR('',#12456,1.);
#12456 = DIRECTION('',(1.,0.,0.));
#12457 = ORIENTED_EDGE('',*,*,#12458,.F.);
#12458 = EDGE_CURVE('',#12459,#12451,#12461,.T.);
#12459 = VERTEX_POINT('',#12460);
#12460 = CARTESIAN_POINT('',(0.6,-0.585,8.E-02));
#12461 = CIRCLE('',#12462,4.E-02);
#12462 = AXIS2_PLACEMENT_3D('',#12463,#12464,#12465);
#12463 = CARTESIAN_POINT('',(0.6,-0.545,8.E-02));
#12464 = DIRECTION('',(1.,0.,-0.));
#12465 = DIRECTION('',(0.,0.,1.));
#12466 = ORIENTED_EDGE('',*,*,#12467,.F.);
#12467 = EDGE_CURVE('',#12374,#12459,#12468,.T.);
#12468 = LINE('',#12469,#12470);
#12469 = CARTESIAN_POINT('',(-0.6,-0.585,8.E-02));
#12470 = VECTOR('',#12471,1.);
#12471 = DIRECTION('',(1.,0.,0.));
#12472 = CYLINDRICAL_SURFACE('',#12473,4.E-02);
#12473 = AXIS2_PLACEMENT_3D('',#12474,#12475,#12476);
#12474 = CARTESIAN_POINT('',(-0.6,-0.545,8.E-02));
#12475 = DIRECTION('',(1.,0.,0.));
#12476 = DIRECTION('',(0.,-1.,0.));
#12477 = ADVANCED_FACE('',(#12478),#12496,.F.);
#12478 = FACE_BOUND('',#12479,.F.);
#12479 = EDGE_LOOP('',(#12480,#12481,#12482,#12490));
#12480 = ORIENTED_EDGE('',*,*,#12435,.F.);
#12481 = ORIENTED_EDGE('',*,*,#12450,.T.);
#12482 = ORIENTED_EDGE('',*,*,#12483,.T.);
#12483 = EDGE_CURVE('',#12451,#12484,#12486,.T.);
#12484 = VERTEX_POINT('',#12485);
#12485 = CARTESIAN_POINT('',(0.6,0.545,4.E-02));
#12486 = LINE('',#12487,#12488);
#12487 = CARTESIAN_POINT('',(0.6,-0.585,4.E-02));
#12488 = VECTOR('',#12489,1.);
#12489 = DIRECTION('',(0.,1.,0.));
#12490 = ORIENTED_EDGE('',*,*,#12491,.F.);
#12491 = EDGE_CURVE('',#12427,#12484,#12492,.T.);
#12492 = LINE('',#12493,#12494);
#12493 = CARTESIAN_POINT('',(-0.6,0.545,4.E-02));
#12494 = VECTOR('',#12495,1.);
#12495 = DIRECTION('',(1.,0.,0.));
#12496 = PLANE('',#12497);
#12497 = AXIS2_PLACEMENT_3D('',#12498,#12499,#12500);
#12498 = CARTESIAN_POINT('',(-0.6,-0.585,4.E-02));
#12499 = DIRECTION('',(0.,0.,1.));
#12500 = DIRECTION('',(1.,0.,-0.));
#12501 = ADVANCED_FACE('',(#12502),#12521,.T.);
#12502 = FACE_BOUND('',#12503,.T.);
#12503 = EDGE_LOOP('',(#12504,#12512,#12519,#12520));
#12504 = ORIENTED_EDGE('',*,*,#12505,.T.);
#12505 = EDGE_CURVE('',#12419,#12506,#12508,.T.);
#12506 = VERTEX_POINT('',#12507);
#12507 = CARTESIAN_POINT('',(0.6,0.585,8.E-02));
#12508 = LINE('',#12509,#12510);
#12509 = CARTESIAN_POINT('',(-0.6,0.585,8.E-02));
#12510 = VECTOR('',#12511,1.);
#12511 = DIRECTION('',(1.,0.,0.));
#12512 = ORIENTED_EDGE('',*,*,#12513,.T.);
#12513 = EDGE_CURVE('',#12506,#12484,#12514,.T.);
#12514 = CIRCLE('',#12515,4.E-02);
#12515 = AXIS2_PLACEMENT_3D('',#12516,#12517,#12518);
#12516 = CARTESIAN_POINT('',(0.6,0.545,8.E-02));
#12517 = DIRECTION('',(-1.,0.,0.));
#12518 = DIRECTION('',(0.,0.,1.));
#12519 = ORIENTED_EDGE('',*,*,#12491,.F.);
#12520 = ORIENTED_EDGE('',*,*,#12426,.F.);
#12521 = CYLINDRICAL_SURFACE('',#12522,4.E-02);
#12522 = AXIS2_PLACEMENT_3D('',#12523,#12524,#12525);
#12523 = CARTESIAN_POINT('',(-0.6,0.545,8.E-02));
#12524 = DIRECTION('',(1.,0.,0.));
#12525 = DIRECTION('',(-0.,1.,0.));
#12526 = ADVANCED_FACE('',(#12527),#12545,.T.);
#12527 = FACE_BOUND('',#12528,.T.);
#12528 = EDGE_LOOP('',(#12529,#12537,#12538,#12539));
#12529 = ORIENTED_EDGE('',*,*,#12530,.F.);
#12530 = EDGE_CURVE('',#12506,#12531,#12533,.T.);
#12531 = VERTEX_POINT('',#12532);
#12532 = CARTESIAN_POINT('',(0.6,0.585,1.17));
#12533 = LINE('',#12534,#12535);
#12534 = CARTESIAN_POINT('',(0.6,0.585,4.E-02));
#12535 = VECTOR('',#12536,1.);
#12536 = DIRECTION('',(0.,0.,1.));
#12537 = ORIENTED_EDGE('',*,*,#12505,.F.);
#12538 = ORIENTED_EDGE('',*,*,#12418,.T.);
#12539 = ORIENTED_EDGE('',*,*,#12540,.T.);
#12540 = EDGE_CURVE('',#12410,#12531,#12541,.T.);
#12541 = LINE('',#12542,#12543);
#12542 = CARTESIAN_POINT('',(-0.6,0.585,1.17));
#12543 = VECTOR('',#12544,1.);
#12544 = DIRECTION('',(1.,0.,0.));
#12545 = PLANE('',#12546);
#12546 = AXIS2_PLACEMENT_3D('',#12547,#12548,#12549);
#12547 = CARTESIAN_POINT('',(-0.6,0.585,4.E-02));
#12548 = DIRECTION('',(0.,1.,0.));
#12549 = DIRECTION('',(0.,-0.,1.));
#12550 = ADVANCED_FACE('',(#12551),#12570,.T.);
#12551 = FACE_BOUND('',#12552,.T.);
#12552 = EDGE_LOOP('',(#12553,#12554,#12562,#12569));
#12553 = ORIENTED_EDGE('',*,*,#12409,.T.);
#12554 = ORIENTED_EDGE('',*,*,#12555,.T.);
#12555 = EDGE_CURVE('',#12402,#12556,#12558,.T.);
#12556 = VERTEX_POINT('',#12557);
#12557 = CARTESIAN_POINT('',(0.6,0.545,1.21));
#12558 = LINE('',#12559,#12560);
#12559 = CARTESIAN_POINT('',(-0.6,0.545,1.21));
#12560 = VECTOR('',#12561,1.);
#12561 = DIRECTION('',(1.,0.,0.));
#12562 = ORIENTED_EDGE('',*,*,#12563,.F.);
#12563 = EDGE_CURVE('',#12531,#12556,#12564,.T.);
#12564 = CIRCLE('',#12565,4.E-02);
#12565 = AXIS2_PLACEMENT_3D('',#12566,#12567,#12568);
#12566 = CARTESIAN_POINT('',(0.6,0.545,1.17));
#12567 = DIRECTION('',(1.,0.,-0.));
#12568 = DIRECTION('',(0.,0.,1.));
#12569 = ORIENTED_EDGE('',*,*,#12540,.F.);
#12570 = CYLINDRICAL_SURFACE('',#12571,4.E-02);
#12571 = AXIS2_PLACEMENT_3D('',#12572,#12573,#12574);
#12572 = CARTESIAN_POINT('',(-0.6,0.545,1.17));
#12573 = DIRECTION('',(1.,0.,0.));
#12574 = DIRECTION('',(-0.,1.,0.));
#12575 = ADVANCED_FACE('',(#12576),#12594,.T.);
#12576 = FACE_BOUND('',#12577,.T.);
#12577 = EDGE_LOOP('',(#12578,#12579,#12587,#12593));
#12578 = ORIENTED_EDGE('',*,*,#12401,.F.);
#12579 = ORIENTED_EDGE('',*,*,#12580,.T.);
#12580 = EDGE_CURVE('',#12393,#12581,#12583,.T.);
#12581 = VERTEX_POINT('',#12582);
#12582 = CARTESIAN_POINT('',(0.6,-0.545,1.21));
#12583 = LINE('',#12584,#12585);
#12584 = CARTESIAN_POINT('',(-0.6,-0.545,1.21));
#12585 = VECTOR('',#12586,1.);
#12586 = DIRECTION('',(1.,0.,0.));
#12587 = ORIENTED_EDGE('',*,*,#12588,.T.);
#12588 = EDGE_CURVE('',#12581,#12556,#12589,.T.);
#12589 = LINE('',#12590,#12591);
#12590 = CARTESIAN_POINT('',(0.6,-0.585,1.21));
#12591 = VECTOR('',#12592,1.);
#12592 = DIRECTION('',(0.,1.,0.));
#12593 = ORIENTED_EDGE('',*,*,#12555,.F.);
#12594 = PLANE('',#12595);
#12595 = AXIS2_PLACEMENT_3D('',#12596,#12597,#12598);
#12596 = CARTESIAN_POINT('',(-0.6,-0.585,1.21));
#12597 = DIRECTION('',(0.,0.,1.));
#12598 = DIRECTION('',(1.,0.,-0.));
#12599 = ADVANCED_FACE('',(#12600),#12619,.T.);
#12600 = FACE_BOUND('',#12601,.T.);
#12601 = EDGE_LOOP('',(#12602,#12610,#12617,#12618));
#12602 = ORIENTED_EDGE('',*,*,#12603,.T.);
#12603 = EDGE_CURVE('',#12385,#12604,#12606,.T.);
#12604 = VERTEX_POINT('',#12605);
#12605 = CARTESIAN_POINT('',(0.6,-0.585,1.17));
#12606 = LINE('',#12607,#12608);
#12607 = CARTESIAN_POINT('',(-0.6,-0.585,1.17));
#12608 = VECTOR('',#12609,1.);
#12609 = DIRECTION('',(1.,0.,0.));
#12610 = ORIENTED_EDGE('',*,*,#12611,.T.);
#12611 = EDGE_CURVE('',#12604,#12581,#12612,.T.);
#12612 = CIRCLE('',#12613,4.E-02);
#12613 = AXIS2_PLACEMENT_3D('',#12614,#12615,#12616);
#12614 = CARTESIAN_POINT('',(0.6,-0.545,1.17));
#12615 = DIRECTION('',(-1.,0.,0.));
#12616 = DIRECTION('',(0.,0.,1.));
#12617 = ORIENTED_EDGE('',*,*,#12580,.F.);
#12618 = ORIENTED_EDGE('',*,*,#12392,.F.);
#12619 = CYLINDRICAL_SURFACE('',#12620,4.E-02);
#12620 = AXIS2_PLACEMENT_3D('',#12621,#12622,#12623);
#12621 = CARTESIAN_POINT('',(-0.6,-0.545,1.17));
#12622 = DIRECTION('',(1.,0.,0.));
#12623 = DIRECTION('',(0.,-1.,0.));
#12624 = ADVANCED_FACE('',(#12625),#12636,.F.);
#12625 = FACE_BOUND('',#12626,.F.);
#12626 = EDGE_LOOP('',(#12627,#12633,#12634,#12635));
#12627 = ORIENTED_EDGE('',*,*,#12628,.F.);
#12628 = EDGE_CURVE('',#12459,#12604,#12629,.T.);
#12629 = LINE('',#12630,#12631);
#12630 = CARTESIAN_POINT('',(0.6,-0.585,4.E-02));
#12631 = VECTOR('',#12632,1.);
#12632 = DIRECTION('',(0.,0.,1.));
#12633 = ORIENTED_EDGE('',*,*,#12467,.F.);
#12634 = ORIENTED_EDGE('',*,*,#12384,.T.);
#12635 = ORIENTED_EDGE('',*,*,#12603,.T.);
#12636 = PLANE('',#12637);
#12637 = AXIS2_PLACEMENT_3D('',#12638,#12639,#12640);
#12638 = CARTESIAN_POINT('',(-0.6,-0.585,4.E-02));
#12639 = DIRECTION('',(0.,1.,0.));
#12640 = DIRECTION('',(0.,-0.,1.));
#12641 = ADVANCED_FACE('',(#12642,#12712),#12722,.F.);
#12642 = FACE_BOUND('',#12643,.F.);
#12643 = EDGE_LOOP('',(#12644,#12654,#12663,#12671,#12680,#12688,#12697,
    #12705));
#12644 = ORIENTED_EDGE('',*,*,#12645,.F.);
#12645 = EDGE_CURVE('',#12646,#12648,#12650,.T.);
#12646 = VERTEX_POINT('',#12647);
#12647 = CARTESIAN_POINT('',(0.6,-0.625,4.E-02));
#12648 = VERTEX_POINT('',#12649);
#12649 = CARTESIAN_POINT('',(0.6,-0.625,1.21));
#12650 = LINE('',#12651,#12652);
#12651 = CARTESIAN_POINT('',(0.6,-0.625,0.));
#12652 = VECTOR('',#12653,1.);
#12653 = DIRECTION('',(0.,0.,1.));
#12654 = ORIENTED_EDGE('',*,*,#12655,.T.);
#12655 = EDGE_CURVE('',#12646,#12656,#12658,.T.);
#12656 = VERTEX_POINT('',#12657);
#12657 = CARTESIAN_POINT('',(0.6,-0.585,0.));
#12658 = CIRCLE('',#12659,4.E-02);
#12659 = AXIS2_PLACEMENT_3D('',#12660,#12661,#12662);
#12660 = CARTESIAN_POINT('',(0.6,-0.585,4.E-02));
#12661 = DIRECTION('',(1.,0.,-0.));
#12662 = DIRECTION('',(0.,0.,1.));
#12663 = ORIENTED_EDGE('',*,*,#12664,.T.);
#12664 = EDGE_CURVE('',#12656,#12665,#12667,.T.);
#12665 = VERTEX_POINT('',#12666);
#12666 = CARTESIAN_POINT('',(0.6,0.585,0.));
#12667 = LINE('',#12668,#12669);
#12668 = CARTESIAN_POINT('',(0.6,-0.625,0.));
#12669 = VECTOR('',#12670,1.);
#12670 = DIRECTION('',(0.,1.,0.));
#12671 = ORIENTED_EDGE('',*,*,#12672,.F.);
#12672 = EDGE_CURVE('',#12673,#12665,#12675,.T.);
#12673 = VERTEX_POINT('',#12674);
#12674 = CARTESIAN_POINT('',(0.6,0.625,4.E-02));
#12675 = CIRCLE('',#12676,4.E-02);
#12676 = AXIS2_PLACEMENT_3D('',#12677,#12678,#12679);
#12677 = CARTESIAN_POINT('',(0.6,0.585,4.E-02));
#12678 = DIRECTION('',(-1.,0.,0.));
#12679 = DIRECTION('',(0.,0.,1.));
#12680 = ORIENTED_EDGE('',*,*,#12681,.T.);
#12681 = EDGE_CURVE('',#12673,#12682,#12684,.T.);
#12682 = VERTEX_POINT('',#12683);
#12683 = CARTESIAN_POINT('',(0.6,0.625,1.21));
#12684 = LINE('',#12685,#12686);
#12685 = CARTESIAN_POINT('',(0.6,0.625,0.));
#12686 = VECTOR('',#12687,1.);
#12687 = DIRECTION('',(0.,0.,1.));
#12688 = ORIENTED_EDGE('',*,*,#12689,.T.);
#12689 = EDGE_CURVE('',#12682,#12690,#12692,.T.);
#12690 = VERTEX_POINT('',#12691);
#12691 = CARTESIAN_POINT('',(0.6,0.585,1.25));
#12692 = CIRCLE('',#12693,4.E-02);
#12693 = AXIS2_PLACEMENT_3D('',#12694,#12695,#12696);
#12694 = CARTESIAN_POINT('',(0.6,0.585,1.21));
#12695 = DIRECTION('',(1.,0.,-0.));
#12696 = DIRECTION('',(0.,0.,1.));
#12697 = ORIENTED_EDGE('',*,*,#12698,.F.);
#12698 = EDGE_CURVE('',#12699,#12690,#12701,.T.);
#12699 = VERTEX_POINT('',#12700);
#12700 = CARTESIAN_POINT('',(0.6,-0.585,1.25));
#12701 = LINE('',#12702,#12703);
#12702 = CARTESIAN_POINT('',(0.6,-0.625,1.25));
#12703 = VECTOR('',#12704,1.);
#12704 = DIRECTION('',(0.,1.,0.));
#12705 = ORIENTED_EDGE('',*,*,#12706,.F.);
#12706 = EDGE_CURVE('',#12648,#12699,#12707,.T.);
#12707 = CIRCLE('',#12708,4.E-02);
#12708 = AXIS2_PLACEMENT_3D('',#12709,#12710,#12711);
#12709 = CARTESIAN_POINT('',(0.6,-0.585,1.21));
#12710 = DIRECTION('',(-1.,0.,0.));
#12711 = DIRECTION('',(0.,0.,1.));
#12712 = FACE_BOUND('',#12713,.F.);
#12713 = EDGE_LOOP('',(#12714,#12715,#12716,#12717,#12718,#12719,#12720,
    #12721));
#12714 = ORIENTED_EDGE('',*,*,#12458,.F.);
#12715 = ORIENTED_EDGE('',*,*,#12628,.T.);
#12716 = ORIENTED_EDGE('',*,*,#12611,.T.);
#12717 = ORIENTED_EDGE('',*,*,#12588,.T.);
#12718 = ORIENTED_EDGE('',*,*,#12563,.F.);
#12719 = ORIENTED_EDGE('',*,*,#12530,.F.);
#12720 = ORIENTED_EDGE('',*,*,#12513,.T.);
#12721 = ORIENTED_EDGE('',*,*,#12483,.F.);
#12722 = PLANE('',#12723);
#12723 = AXIS2_PLACEMENT_3D('',#12724,#12725,#12726);
#12724 = CARTESIAN_POINT('',(0.6,-0.625,0.));
#12725 = DIRECTION('',(1.,0.,0.));
#12726 = DIRECTION('',(0.,0.,1.));
#12727 = ADVANCED_FACE('',(#12728),#12753,.F.);
#12728 = FACE_BOUND('',#12729,.F.);
#12729 = EDGE_LOOP('',(#12730,#12740,#12746,#12747));
#12730 = ORIENTED_EDGE('',*,*,#12731,.F.);
#12731 = EDGE_CURVE('',#12732,#12734,#12736,.T.);
#12732 = VERTEX_POINT('',#12733);
#12733 = CARTESIAN_POINT('',(1.,-0.625,4.E-02));
#12734 = VERTEX_POINT('',#12735);
#12735 = CARTESIAN_POINT('',(1.,-0.625,1.21));
#12736 = LINE('',#12737,#12738);
#12737 = CARTESIAN_POINT('',(1.,-0.625,0.));
#12738 = VECTOR('',#12739,1.);
#12739 = DIRECTION('',(0.,0.,1.));
#12740 = ORIENTED_EDGE('',*,*,#12741,.F.);
#12741 = EDGE_CURVE('',#12646,#12732,#12742,.T.);
#12742 = LINE('',#12743,#12744);
#12743 = CARTESIAN_POINT('',(0.6,-0.625,4.E-02));
#12744 = VECTOR('',#12745,1.);
#12745 = DIRECTION('',(1.,0.,0.));
#12746 = ORIENTED_EDGE('',*,*,#12645,.T.);
#12747 = ORIENTED_EDGE('',*,*,#12748,.T.);
#12748 = EDGE_CURVE('',#12648,#12734,#12749,.T.);
#12749 = LINE('',#12750,#12751);
#12750 = CARTESIAN_POINT('',(0.6,-0.625,1.21));
#12751 = VECTOR('',#12752,1.);
#12752 = DIRECTION('',(1.,0.,0.));
#12753 = PLANE('',#12754);
#12754 = AXIS2_PLACEMENT_3D('',#12755,#12756,#12757);
#12755 = CARTESIAN_POINT('',(0.6,-0.625,0.));
#12756 = DIRECTION('',(0.,1.,0.));
#12757 = DIRECTION('',(0.,-0.,1.));
#12758 = ADVANCED_FACE('',(#12759),#12778,.T.);
#12759 = FACE_BOUND('',#12760,.T.);
#12760 = EDGE_LOOP('',(#12761,#12762,#12770,#12777));
#12761 = ORIENTED_EDGE('',*,*,#12655,.T.);
#12762 = ORIENTED_EDGE('',*,*,#12763,.T.);
#12763 = EDGE_CURVE('',#12656,#12764,#12766,.T.);
#12764 = VERTEX_POINT('',#12765);
#12765 = CARTESIAN_POINT('',(1.,-0.585,0.));
#12766 = LINE('',#12767,#12768);
#12767 = CARTESIAN_POINT('',(0.6,-0.585,0.));
#12768 = VECTOR('',#12769,1.);
#12769 = DIRECTION('',(1.,0.,0.));
#12770 = ORIENTED_EDGE('',*,*,#12771,.F.);
#12771 = EDGE_CURVE('',#12732,#12764,#12772,.T.);
#12772 = CIRCLE('',#12773,4.E-02);
#12773 = AXIS2_PLACEMENT_3D('',#12774,#12775,#12776);
#12774 = CARTESIAN_POINT('',(1.,-0.585,4.E-02));
#12775 = DIRECTION('',(1.,0.,-0.));
#12776 = DIRECTION('',(0.,0.,1.));
#12777 = ORIENTED_EDGE('',*,*,#12741,.F.);
#12778 = CYLINDRICAL_SURFACE('',#12779,4.E-02);
#12779 = AXIS2_PLACEMENT_3D('',#12780,#12781,#12782);
#12780 = CARTESIAN_POINT('',(0.6,-0.585,4.E-02));
#12781 = DIRECTION('',(1.,0.,0.));
#12782 = DIRECTION('',(0.,-1.,0.));
#12783 = ADVANCED_FACE('',(#12784),#12803,.T.);
#12784 = FACE_BOUND('',#12785,.T.);
#12785 = EDGE_LOOP('',(#12786,#12787,#12796,#12802));
#12786 = ORIENTED_EDGE('',*,*,#12748,.T.);
#12787 = ORIENTED_EDGE('',*,*,#12788,.T.);
#12788 = EDGE_CURVE('',#12734,#12789,#12791,.T.);
#12789 = VERTEX_POINT('',#12790);
#12790 = CARTESIAN_POINT('',(1.,-0.585,1.25));
#12791 = CIRCLE('',#12792,4.E-02);
#12792 = AXIS2_PLACEMENT_3D('',#12793,#12794,#12795);
#12793 = CARTESIAN_POINT('',(1.,-0.585,1.21));
#12794 = DIRECTION('',(-1.,0.,0.));
#12795 = DIRECTION('',(0.,0.,1.));
#12796 = ORIENTED_EDGE('',*,*,#12797,.F.);
#12797 = EDGE_CURVE('',#12699,#12789,#12798,.T.);
#12798 = LINE('',#12799,#12800);
#12799 = CARTESIAN_POINT('',(0.6,-0.585,1.25));
#12800 = VECTOR('',#12801,1.);
#12801 = DIRECTION('',(1.,0.,0.));
#12802 = ORIENTED_EDGE('',*,*,#12706,.F.);
#12803 = CYLINDRICAL_SURFACE('',#12804,4.E-02);
#12804 = AXIS2_PLACEMENT_3D('',#12805,#12806,#12807);
#12805 = CARTESIAN_POINT('',(0.6,-0.585,1.21));
#12806 = DIRECTION('',(1.,0.,0.));
#12807 = DIRECTION('',(0.,-1.,0.));
#12808 = ADVANCED_FACE('',(#12809),#12827,.F.);
#12809 = FACE_BOUND('',#12810,.F.);
#12810 = EDGE_LOOP('',(#12811,#12812,#12813,#12821));
#12811 = ORIENTED_EDGE('',*,*,#12664,.F.);
#12812 = ORIENTED_EDGE('',*,*,#12763,.T.);
#12813 = ORIENTED_EDGE('',*,*,#12814,.T.);
#12814 = EDGE_CURVE('',#12764,#12815,#12817,.T.);
#12815 = VERTEX_POINT('',#12816);
#12816 = CARTESIAN_POINT('',(1.,0.585,0.));
#12817 = LINE('',#12818,#12819);
#12818 = CARTESIAN_POINT('',(1.,-0.625,0.));
#12819 = VECTOR('',#12820,1.);
#12820 = DIRECTION('',(0.,1.,0.));
#12821 = ORIENTED_EDGE('',*,*,#12822,.F.);
#12822 = EDGE_CURVE('',#12665,#12815,#12823,.T.);
#12823 = LINE('',#12824,#12825);
#12824 = CARTESIAN_POINT('',(0.6,0.585,0.));
#12825 = VECTOR('',#12826,1.);
#12826 = DIRECTION('',(1.,0.,0.));
#12827 = PLANE('',#12828);
#12828 = AXIS2_PLACEMENT_3D('',#12829,#12830,#12831);
#12829 = CARTESIAN_POINT('',(0.6,-0.625,0.));
#12830 = DIRECTION('',(0.,0.,1.));
#12831 = DIRECTION('',(1.,0.,-0.));
#12832 = ADVANCED_FACE('',(#12833),#12851,.T.);
#12833 = FACE_BOUND('',#12834,.T.);
#12834 = EDGE_LOOP('',(#12835,#12836,#12837,#12845));
#12835 = ORIENTED_EDGE('',*,*,#12698,.F.);
#12836 = ORIENTED_EDGE('',*,*,#12797,.T.);
#12837 = ORIENTED_EDGE('',*,*,#12838,.T.);
#12838 = EDGE_CURVE('',#12789,#12839,#12841,.T.);
#12839 = VERTEX_POINT('',#12840);
#12840 = CARTESIAN_POINT('',(1.,0.585,1.25));
#12841 = LINE('',#12842,#12843);
#12842 = CARTESIAN_POINT('',(1.,-0.625,1.25));
#12843 = VECTOR('',#12844,1.);
#12844 = DIRECTION('',(0.,1.,0.));
#12845 = ORIENTED_EDGE('',*,*,#12846,.F.);
#12846 = EDGE_CURVE('',#12690,#12839,#12847,.T.);
#12847 = LINE('',#12848,#12849);
#12848 = CARTESIAN_POINT('',(0.6,0.585,1.25));
#12849 = VECTOR('',#12850,1.);
#12850 = DIRECTION('',(1.,0.,0.));
#12851 = PLANE('',#12852);
#12852 = AXIS2_PLACEMENT_3D('',#12853,#12854,#12855);
#12853 = CARTESIAN_POINT('',(0.6,-0.625,1.25));
#12854 = DIRECTION('',(0.,0.,1.));
#12855 = DIRECTION('',(1.,0.,-0.));
#12856 = ADVANCED_FACE('',(#12857),#12876,.T.);
#12857 = FACE_BOUND('',#12858,.T.);
#12858 = EDGE_LOOP('',(#12859,#12867,#12874,#12875));
#12859 = ORIENTED_EDGE('',*,*,#12860,.T.);
#12860 = EDGE_CURVE('',#12673,#12861,#12863,.T.);
#12861 = VERTEX_POINT('',#12862);
#12862 = CARTESIAN_POINT('',(1.,0.625,4.E-02));
#12863 = LINE('',#12864,#12865);
#12864 = CARTESIAN_POINT('',(0.6,0.625,4.E-02));
#12865 = VECTOR('',#12866,1.);
#12866 = DIRECTION('',(1.,0.,0.));
#12867 = ORIENTED_EDGE('',*,*,#12868,.T.);
#12868 = EDGE_CURVE('',#12861,#12815,#12869,.T.);
#12869 = CIRCLE('',#12870,4.E-02);
#12870 = AXIS2_PLACEMENT_3D('',#12871,#12872,#12873);
#12871 = CARTESIAN_POINT('',(1.,0.585,4.E-02));
#12872 = DIRECTION('',(-1.,0.,0.));
#12873 = DIRECTION('',(0.,0.,1.));
#12874 = ORIENTED_EDGE('',*,*,#12822,.F.);
#12875 = ORIENTED_EDGE('',*,*,#12672,.F.);
#12876 = CYLINDRICAL_SURFACE('',#12877,4.E-02);
#12877 = AXIS2_PLACEMENT_3D('',#12878,#12879,#12880);
#12878 = CARTESIAN_POINT('',(0.6,0.585,4.E-02));
#12879 = DIRECTION('',(1.,0.,0.));
#12880 = DIRECTION('',(-0.,1.,0.));
#12881 = ADVANCED_FACE('',(#12882),#12901,.T.);
#12882 = FACE_BOUND('',#12883,.T.);
#12883 = EDGE_LOOP('',(#12884,#12885,#12886,#12895));
#12884 = ORIENTED_EDGE('',*,*,#12689,.T.);
#12885 = ORIENTED_EDGE('',*,*,#12846,.T.);
#12886 = ORIENTED_EDGE('',*,*,#12887,.F.);
#12887 = EDGE_CURVE('',#12888,#12839,#12890,.T.);
#12888 = VERTEX_POINT('',#12889);
#12889 = CARTESIAN_POINT('',(1.,0.625,1.21));
#12890 = CIRCLE('',#12891,4.E-02);
#12891 = AXIS2_PLACEMENT_3D('',#12892,#12893,#12894);
#12892 = CARTESIAN_POINT('',(1.,0.585,1.21));
#12893 = DIRECTION('',(1.,0.,-0.));
#12894 = DIRECTION('',(0.,0.,1.));
#12895 = ORIENTED_EDGE('',*,*,#12896,.F.);
#12896 = EDGE_CURVE('',#12682,#12888,#12897,.T.);
#12897 = LINE('',#12898,#12899);
#12898 = CARTESIAN_POINT('',(0.6,0.625,1.21));
#12899 = VECTOR('',#12900,1.);
#12900 = DIRECTION('',(1.,0.,0.));
#12901 = CYLINDRICAL_SURFACE('',#12902,4.E-02);
#12902 = AXIS2_PLACEMENT_3D('',#12903,#12904,#12905);
#12903 = CARTESIAN_POINT('',(0.6,0.585,1.21));
#12904 = DIRECTION('',(1.,0.,0.));
#12905 = DIRECTION('',(-0.,1.,0.));
#12906 = ADVANCED_FACE('',(#12907),#12918,.T.);
#12907 = FACE_BOUND('',#12908,.T.);
#12908 = EDGE_LOOP('',(#12909,#12915,#12916,#12917));
#12909 = ORIENTED_EDGE('',*,*,#12910,.F.);
#12910 = EDGE_CURVE('',#12861,#12888,#12911,.T.);
#12911 = LINE('',#12912,#12913);
#12912 = CARTESIAN_POINT('',(1.,0.625,0.));
#12913 = VECTOR('',#12914,1.);
#12914 = DIRECTION('',(0.,0.,1.));
#12915 = ORIENTED_EDGE('',*,*,#12860,.F.);
#12916 = ORIENTED_EDGE('',*,*,#12681,.T.);
#12917 = ORIENTED_EDGE('',*,*,#12896,.T.);
#12918 = PLANE('',#12919);
#12919 = AXIS2_PLACEMENT_3D('',#12920,#12921,#12922);
#12920 = CARTESIAN_POINT('',(0.6,0.625,0.));
#12921 = DIRECTION('',(0.,1.,0.));
#12922 = DIRECTION('',(0.,-0.,1.));
#12923 = ADVANCED_FACE('',(#12924),#12934,.T.);
#12924 = FACE_BOUND('',#12925,.T.);
#12925 = EDGE_LOOP('',(#12926,#12927,#12928,#12929,#12930,#12931,#12932,
    #12933));
#12926 = ORIENTED_EDGE('',*,*,#12731,.F.);
#12927 = ORIENTED_EDGE('',*,*,#12771,.T.);
#12928 = ORIENTED_EDGE('',*,*,#12814,.T.);
#12929 = ORIENTED_EDGE('',*,*,#12868,.F.);
#12930 = ORIENTED_EDGE('',*,*,#12910,.T.);
#12931 = ORIENTED_EDGE('',*,*,#12887,.T.);
#12932 = ORIENTED_EDGE('',*,*,#12838,.F.);
#12933 = ORIENTED_EDGE('',*,*,#12788,.F.);
#12934 = PLANE('',#12935);
#12935 = AXIS2_PLACEMENT_3D('',#12936,#12937,#12938);
#12936 = CARTESIAN_POINT('',(1.,-0.625,0.));
#12937 = DIRECTION('',(1.,0.,0.));
#12938 = DIRECTION('',(0.,0.,1.));
#12939 = ( GEOMETRIC_REPRESENTATION_CONTEXT(3) 
GLOBAL_UNCERTAINTY_ASSIGNED_CONTEXT((#12943)) 
GLOBAL_UNIT_ASSIGNED_CONTEXT((#12940,#12941,#12942)) 
REPRESENTATION_CONTEXT('Context #1',
  '3D Context with UNIT and UNCERTAINTY') );
#12940 = ( LENGTH_UNIT() NAMED_UNIT(*) SI_UNIT(.MILLI.,.METRE.) );
#12941 = ( NAMED_UNIT(*) PLANE_ANGLE_UNIT() SI_UNIT($,.RADIAN.) );
#12942 = ( NAMED_UNIT(*) SI_UNIT($,.STERADIAN.) SOLID_ANGLE_UNIT() );
#12943 = UNCERTAINTY_MEASURE_WITH_UNIT(LENGTH_MEASURE(1.E-07),#12940,
  'distance_accuracy_value','confusion accuracy');
#12944 = CONTEXT_DEPENDENT_SHAPE_REPRESENTATION(#12945,#12947);
#12945 = ( REPRESENTATION_RELATIONSHIP('','',#12084,#10) 
REPRESENTATION_RELATIONSHIP_WITH_TRANSFORMATION(#12946) 
SHAPE_REPRESENTATION_RELATIONSHIP() );
#12946 = ITEM_DEFINED_TRANSFORMATION('','',#11,#79);
#12947 = PRODUCT_DEFINITION_SHAPE('Placement','Placement of an item',
  #12948);
#12948 = NEXT_ASSEMBLY_USAGE_OCCURRENCE('17','L1','',#5,#12079,$);
#12949 = PRODUCT_RELATED_PRODUCT_CATEGORY('part',$,(#12081));
#12950 = CONTEXT_DEPENDENT_SHAPE_REPRESENTATION(#12951,#12953);
#12951 = ( REPRESENTATION_RELATIONSHIP('','',#6213,#10) 
REPRESENTATION_RELATIONSHIP_WITH_TRANSFORMATION(#12952) 
SHAPE_REPRESENTATION_RELATIONSHIP() );
#12952 = ITEM_DEFINED_TRANSFORMATION('','',#11,#83);
#12953 = PRODUCT_DEFINITION_SHAPE('Placement','Placement of an item',
  #12954);
#12954 = NEXT_ASSEMBLY_USAGE_OCCURRENCE('18','R2','',#5,#6208,$);
#12955 = CONTEXT_DEPENDENT_SHAPE_REPRESENTATION(#12956,#12958);
#12956 = ( REPRESENTATION_RELATIONSHIP('','',#6213,#10) 
REPRESENTATION_RELATIONSHIP_WITH_TRANSFORMATION(#12957) 
SHAPE_REPRESENTATION_RELATIONSHIP() );
#12957 = ITEM_DEFINED_TRANSFORMATION('','',#11,#87);
#12958 = PRODUCT_DEFINITION_SHAPE('Placement','Placement of an item',
  #12959);
#12959 = NEXT_ASSEMBLY_USAGE_OCCURRENCE('19','R1','',#5,#6208,$);
#12960 = SHAPE_DEFINITION_REPRESENTATION(#12961,#12967);
#12961 = PRODUCT_DEFINITION_SHAPE('','',#12962);
#12962 = PRODUCT_DEFINITION('design','',#12963,#12966);
#12963 = PRODUCT_DEFINITION_FORMATION('','',#12964);
#12964 = PRODUCT('csa_PCB','csa_PCB','',(#12965));
#12965 = PRODUCT_CONTEXT('',#2,'mechanical');
#12966 = PRODUCT_DEFINITION_CONTEXT('part definition',#2,'design');
#12967 = ADVANCED_BREP_SHAPE_REPRESENTATION('',(#11,#12968),#13703);
#12968 = MANIFOLD_SOLID_BREP('',#12969);
#12969 = CLOSED_SHELL('',(#12970,#13010,#13041,#13072,#13254,#13436,
    #13448,#13465,#13482,#13499,#13516,#13533,#13550,#13567,#13584,
    #13601,#13618,#13635,#13652,#13669,#13686));
#12970 = ADVANCED_FACE('',(#12971),#13005,.T.);
#12971 = FACE_BOUND('',#12972,.T.);
#12972 = EDGE_LOOP('',(#12973,#12983,#12991,#12999));
#12973 = ORIENTED_EDGE('',*,*,#12974,.T.);
#12974 = EDGE_CURVE('',#12975,#12977,#12979,.T.);
#12975 = VERTEX_POINT('',#12976);
#12976 = CARTESIAN_POINT('',(39.5,-48.5,0.));
#12977 = VERTEX_POINT('',#12978);
#12978 = CARTESIAN_POINT('',(39.5,-48.5,1.51));
#12979 = LINE('',#12980,#12981);
#12980 = CARTESIAN_POINT('',(39.5,-48.5,0.));
#12981 = VECTOR('',#12982,1.);
#12982 = DIRECTION('',(0.,0.,1.));
#12983 = ORIENTED_EDGE('',*,*,#12984,.T.);
#12984 = EDGE_CURVE('',#12977,#12985,#12987,.T.);
#12985 = VERTEX_POINT('',#12986);
#12986 = CARTESIAN_POINT('',(17.5,-48.5,1.51));
#12987 = LINE('',#12988,#12989);
#12988 = CARTESIAN_POINT('',(39.5,-48.5,1.51));
#12989 = VECTOR('',#12990,1.);
#12990 = DIRECTION('',(-1.,0.,0.));
#12991 = ORIENTED_EDGE('',*,*,#12992,.F.);
#12992 = EDGE_CURVE('',#12993,#12985,#12995,.T.);
#12993 = VERTEX_POINT('',#12994);
#12994 = CARTESIAN_POINT('',(17.5,-48.5,0.));
#12995 = LINE('',#12996,#12997);
#12996 = CARTESIAN_POINT('',(17.5,-48.5,0.));
#12997 = VECTOR('',#12998,1.);
#12998 = DIRECTION('',(0.,0.,1.));
#12999 = ORIENTED_EDGE('',*,*,#13000,.F.);
#13000 = EDGE_CURVE('',#12975,#12993,#13001,.T.);
#13001 = LINE('',#13002,#13003);
#13002 = CARTESIAN_POINT('',(39.5,-48.5,0.));
#13003 = VECTOR('',#13004,1.);
#13004 = DIRECTION('',(-1.,0.,0.));
#13005 = PLANE('',#13006);
#13006 = AXIS2_PLACEMENT_3D('',#13007,#13008,#13009);
#13007 = CARTESIAN_POINT('',(39.5,-48.5,0.));
#13008 = DIRECTION('',(0.,-1.,0.));
#13009 = DIRECTION('',(-1.,0.,0.));
#13010 = ADVANCED_FACE('',(#13011),#13036,.T.);
#13011 = FACE_BOUND('',#13012,.T.);
#13012 = EDGE_LOOP('',(#13013,#13023,#13029,#13030));
#13013 = ORIENTED_EDGE('',*,*,#13014,.T.);
#13014 = EDGE_CURVE('',#13015,#13017,#13019,.T.);
#13015 = VERTEX_POINT('',#13016);
#13016 = CARTESIAN_POINT('',(39.5,-16.5,0.));
#13017 = VERTEX_POINT('',#13018);
#13018 = CARTESIAN_POINT('',(39.5,-16.5,1.51));
#13019 = LINE('',#13020,#13021);
#13020 = CARTESIAN_POINT('',(39.5,-16.5,0.));
#13021 = VECTOR('',#13022,1.);
#13022 = DIRECTION('',(0.,0.,1.));
#13023 = ORIENTED_EDGE('',*,*,#13024,.T.);
#13024 = EDGE_CURVE('',#13017,#12977,#13025,.T.);
#13025 = LINE('',#13026,#13027);
#13026 = CARTESIAN_POINT('',(39.5,-16.5,1.51));
#13027 = VECTOR('',#13028,1.);
#13028 = DIRECTION('',(0.,-1.,0.));
#13029 = ORIENTED_EDGE('',*,*,#12974,.F.);
#13030 = ORIENTED_EDGE('',*,*,#13031,.F.);
#13031 = EDGE_CURVE('',#13015,#12975,#13032,.T.);
#13032 = LINE('',#13033,#13034);
#13033 = CARTESIAN_POINT('',(39.5,-16.5,0.));
#13034 = VECTOR('',#13035,1.);
#13035 = DIRECTION('',(0.,-1.,0.));
#13036 = PLANE('',#13037);
#13037 = AXIS2_PLACEMENT_3D('',#13038,#13039,#13040);
#13038 = CARTESIAN_POINT('',(39.5,-16.5,0.));
#13039 = DIRECTION('',(1.,0.,-0.));
#13040 = DIRECTION('',(0.,-1.,0.));
#13041 = ADVANCED_FACE('',(#13042),#13067,.T.);
#13042 = FACE_BOUND('',#13043,.T.);
#13043 = EDGE_LOOP('',(#13044,#13045,#13053,#13061));
#13044 = ORIENTED_EDGE('',*,*,#12992,.T.);
#13045 = ORIENTED_EDGE('',*,*,#13046,.T.);
#13046 = EDGE_CURVE('',#12985,#13047,#13049,.T.);
#13047 = VERTEX_POINT('',#13048);
#13048 = CARTESIAN_POINT('',(17.5,-16.5,1.51));
#13049 = LINE('',#13050,#13051);
#13050 = CARTESIAN_POINT('',(17.5,-48.5,1.51));
#13051 = VECTOR('',#13052,1.);
#13052 = DIRECTION('',(0.,1.,0.));
#13053 = ORIENTED_EDGE('',*,*,#13054,.F.);
#13054 = EDGE_CURVE('',#13055,#13047,#13057,.T.);
#13055 = VERTEX_POINT('',#13056);
#13056 = CARTESIAN_POINT('',(17.5,-16.5,0.));
#13057 = LINE('',#13058,#13059);
#13058 = CARTESIAN_POINT('',(17.5,-16.5,0.));
#13059 = VECTOR('',#13060,1.);
#13060 = DIRECTION('',(0.,0.,1.));
#13061 = ORIENTED_EDGE('',*,*,#13062,.F.);
#13062 = EDGE_CURVE('',#12993,#13055,#13063,.T.);
#13063 = LINE('',#13064,#13065);
#13064 = CARTESIAN_POINT('',(17.5,-48.5,0.));
#13065 = VECTOR('',#13066,1.);
#13066 = DIRECTION('',(0.,1.,0.));
#13067 = PLANE('',#13068);
#13068 = AXIS2_PLACEMENT_3D('',#13069,#13070,#13071);
#13069 = CARTESIAN_POINT('',(17.5,-48.5,0.));
#13070 = DIRECTION('',(-1.,0.,0.));
#13071 = DIRECTION('',(0.,1.,0.));
#13072 = ADVANCED_FACE('',(#13073,#13084,#13095,#13106,#13117,#13128,
    #13139,#13150,#13161,#13172,#13183,#13194,#13205,#13216,#13227,
    #13238),#13249,.F.);
#13073 = FACE_BOUND('',#13074,.F.);
#13074 = EDGE_LOOP('',(#13075,#13076,#13077,#13083));
#13075 = ORIENTED_EDGE('',*,*,#13000,.F.);
#13076 = ORIENTED_EDGE('',*,*,#13031,.F.);
#13077 = ORIENTED_EDGE('',*,*,#13078,.F.);
#13078 = EDGE_CURVE('',#13055,#13015,#13079,.T.);
#13079 = LINE('',#13080,#13081);
#13080 = CARTESIAN_POINT('',(17.5,-16.5,0.));
#13081 = VECTOR('',#13082,1.);
#13082 = DIRECTION('',(1.,0.,0.));
#13083 = ORIENTED_EDGE('',*,*,#13062,.F.);
#13084 = FACE_BOUND('',#13085,.F.);
#13085 = EDGE_LOOP('',(#13086));
#13086 = ORIENTED_EDGE('',*,*,#13087,.T.);
#13087 = EDGE_CURVE('',#13088,#13088,#13090,.T.);
#13088 = VERTEX_POINT('',#13089);
#13089 = CARTESIAN_POINT('',(20.42,-47.,0.));
#13090 = CIRCLE('',#13091,0.5);
#13091 = AXIS2_PLACEMENT_3D('',#13092,#13093,#13094);
#13092 = CARTESIAN_POINT('',(20.42,-46.5,0.));
#13093 = DIRECTION('',(-0.,0.,-1.));
#13094 = DIRECTION('',(-0.,-1.,0.));
#13095 = FACE_BOUND('',#13096,.F.);
#13096 = EDGE_LOOP('',(#13097));
#13097 = ORIENTED_EDGE('',*,*,#13098,.T.);
#13098 = EDGE_CURVE('',#13099,#13099,#13101,.T.);
#13099 = VERTEX_POINT('',#13100);
#13100 = CARTESIAN_POINT('',(22.96,-47.,0.));
#13101 = CIRCLE('',#13102,0.5);
#13102 = AXIS2_PLACEMENT_3D('',#13103,#13104,#13105);
#13103 = CARTESIAN_POINT('',(22.96,-46.5,0.));
#13104 = DIRECTION('',(-0.,0.,-1.));
#13105 = DIRECTION('',(-0.,-1.,0.));
#13106 = FACE_BOUND('',#13107,.F.);
#13107 = EDGE_LOOP('',(#13108));
#13108 = ORIENTED_EDGE('',*,*,#13109,.T.);
#13109 = EDGE_CURVE('',#13110,#13110,#13112,.T.);
#13110 = VERTEX_POINT('',#13111);
#13111 = CARTESIAN_POINT('',(25.5,-47.,0.));
#13112 = CIRCLE('',#13113,0.5);
#13113 = AXIS2_PLACEMENT_3D('',#13114,#13115,#13116);
#13114 = CARTESIAN_POINT('',(25.5,-46.5,0.));
#13115 = DIRECTION('',(-0.,0.,-1.));
#13116 = DIRECTION('',(-0.,-1.,0.));
#13117 = FACE_BOUND('',#13118,.F.);
#13118 = EDGE_LOOP('',(#13119));
#13119 = ORIENTED_EDGE('',*,*,#13120,.T.);
#13120 = EDGE_CURVE('',#13121,#13121,#13123,.T.);
#13121 = VERTEX_POINT('',#13122);
#13122 = CARTESIAN_POINT('',(34.,-34.35,0.));
#13123 = CIRCLE('',#13124,0.1);
#13124 = AXIS2_PLACEMENT_3D('',#13125,#13126,#13127);
#13125 = CARTESIAN_POINT('',(34.,-34.25,0.));
#13126 = DIRECTION('',(-0.,0.,-1.));
#13127 = DIRECTION('',(-0.,-1.,0.));
#13128 = FACE_BOUND('',#13129,.F.);
#13129 = EDGE_LOOP('',(#13130));
#13130 = ORIENTED_EDGE('',*,*,#13131,.T.);
#13131 = EDGE_CURVE('',#13132,#13132,#13134,.T.);
#13132 = VERTEX_POINT('',#13133);
#13133 = CARTESIAN_POINT('',(35.,-34.35,0.));
#13134 = CIRCLE('',#13135,0.1);
#13135 = AXIS2_PLACEMENT_3D('',#13136,#13137,#13138);
#13136 = CARTESIAN_POINT('',(35.,-34.25,0.));
#13137 = DIRECTION('',(-0.,0.,-1.));
#13138 = DIRECTION('',(-0.,-1.,0.));
#13139 = FACE_BOUND('',#13140,.F.);
#13140 = EDGE_LOOP('',(#13141));
#13141 = ORIENTED_EDGE('',*,*,#13142,.T.);
#13142 = EDGE_CURVE('',#13143,#13143,#13145,.T.);
#13143 = VERTEX_POINT('',#13144);
#13144 = CARTESIAN_POINT('',(34.,-33.35,0.));
#13145 = CIRCLE('',#13146,0.1);
#13146 = AXIS2_PLACEMENT_3D('',#13147,#13148,#13149);
#13147 = CARTESIAN_POINT('',(34.,-33.25,0.));
#13148 = DIRECTION('',(-0.,0.,-1.));
#13149 = DIRECTION('',(-0.,-1.,0.));
#13150 = FACE_BOUND('',#13151,.F.);
#13151 = EDGE_LOOP('',(#13152));
#13152 = ORIENTED_EDGE('',*,*,#13153,.T.);
#13153 = EDGE_CURVE('',#13154,#13154,#13156,.T.);
#13154 = VERTEX_POINT('',#13155);
#13155 = CARTESIAN_POINT('',(35.,-33.35,0.));
#13156 = CIRCLE('',#13157,0.1);
#13157 = AXIS2_PLACEMENT_3D('',#13158,#13159,#13160);
#13158 = CARTESIAN_POINT('',(35.,-33.25,0.));
#13159 = DIRECTION('',(-0.,0.,-1.));
#13160 = DIRECTION('',(-0.,-1.,0.));
#13161 = FACE_BOUND('',#13162,.F.);
#13162 = EDGE_LOOP('',(#13163));
#13163 = ORIENTED_EDGE('',*,*,#13164,.T.);
#13164 = EDGE_CURVE('',#13165,#13165,#13167,.T.);
#13165 = VERTEX_POINT('',#13166);
#13166 = CARTESIAN_POINT('',(36.,-34.35,0.));
#13167 = CIRCLE('',#13168,0.1);
#13168 = AXIS2_PLACEMENT_3D('',#13169,#13170,#13171);
#13169 = CARTESIAN_POINT('',(36.,-34.25,0.));
#13170 = DIRECTION('',(-0.,0.,-1.));
#13171 = DIRECTION('',(-0.,-1.,0.));
#13172 = FACE_BOUND('',#13173,.F.);
#13173 = EDGE_LOOP('',(#13174));
#13174 = ORIENTED_EDGE('',*,*,#13175,.T.);
#13175 = EDGE_CURVE('',#13176,#13176,#13178,.T.);
#13176 = VERTEX_POINT('',#13177);
#13177 = CARTESIAN_POINT('',(36.,-33.35,0.));
#13178 = CIRCLE('',#13179,0.1);
#13179 = AXIS2_PLACEMENT_3D('',#13180,#13181,#13182);
#13180 = CARTESIAN_POINT('',(36.,-33.25,0.));
#13181 = DIRECTION('',(-0.,0.,-1.));
#13182 = DIRECTION('',(-0.,-1.,0.));
#13183 = FACE_BOUND('',#13184,.F.);
#13184 = EDGE_LOOP('',(#13185));
#13185 = ORIENTED_EDGE('',*,*,#13186,.T.);
#13186 = EDGE_CURVE('',#13187,#13187,#13189,.T.);
#13187 = VERTEX_POINT('',#13188);
#13188 = CARTESIAN_POINT('',(19.5,-24.,0.));
#13189 = CIRCLE('',#13190,0.5);
#13190 = AXIS2_PLACEMENT_3D('',#13191,#13192,#13193);
#13191 = CARTESIAN_POINT('',(19.5,-23.5,0.));
#13192 = DIRECTION('',(-0.,0.,-1.));
#13193 = DIRECTION('',(-0.,-1.,0.));
#13194 = FACE_BOUND('',#13195,.F.);
#13195 = EDGE_LOOP('',(#13196));
#13196 = ORIENTED_EDGE('',*,*,#13197,.T.);
#13197 = EDGE_CURVE('',#13198,#13198,#13200,.T.);
#13198 = VERTEX_POINT('',#13199);
#13199 = CARTESIAN_POINT('',(19.5,-21.46,0.));
#13200 = CIRCLE('',#13201,0.5);
#13201 = AXIS2_PLACEMENT_3D('',#13202,#13203,#13204);
#13202 = CARTESIAN_POINT('',(19.5,-20.96,0.));
#13203 = DIRECTION('',(-0.,0.,-1.));
#13204 = DIRECTION('',(-0.,-1.,0.));
#13205 = FACE_BOUND('',#13206,.F.);
#13206 = EDGE_LOOP('',(#13207));
#13207 = ORIENTED_EDGE('',*,*,#13208,.T.);
#13208 = EDGE_CURVE('',#13209,#13209,#13211,.T.);
#13209 = VERTEX_POINT('',#13210);
#13210 = CARTESIAN_POINT('',(19.5,-18.92,0.));
#13211 = CIRCLE('',#13212,0.5);
#13212 = AXIS2_PLACEMENT_3D('',#13213,#13214,#13215);
#13213 = CARTESIAN_POINT('',(19.5,-18.42,0.));
#13214 = DIRECTION('',(-0.,0.,-1.));
#13215 = DIRECTION('',(-0.,-1.,0.));
#13216 = FACE_BOUND('',#13217,.F.);
#13217 = EDGE_LOOP('',(#13218));
#13218 = ORIENTED_EDGE('',*,*,#13219,.T.);
#13219 = EDGE_CURVE('',#13220,#13220,#13222,.T.);
#13220 = VERTEX_POINT('',#13221);
#13221 = CARTESIAN_POINT('',(34.,-32.35,0.));
#13222 = CIRCLE('',#13223,0.1);
#13223 = AXIS2_PLACEMENT_3D('',#13224,#13225,#13226);
#13224 = CARTESIAN_POINT('',(34.,-32.25,0.));
#13225 = DIRECTION('',(-0.,0.,-1.));
#13226 = DIRECTION('',(-0.,-1.,0.));
#13227 = FACE_BOUND('',#13228,.F.);
#13228 = EDGE_LOOP('',(#13229));
#13229 = ORIENTED_EDGE('',*,*,#13230,.T.);
#13230 = EDGE_CURVE('',#13231,#13231,#13233,.T.);
#13231 = VERTEX_POINT('',#13232);
#13232 = CARTESIAN_POINT('',(35.,-32.35,0.));
#13233 = CIRCLE('',#13234,0.1);
#13234 = AXIS2_PLACEMENT_3D('',#13235,#13236,#13237);
#13235 = CARTESIAN_POINT('',(35.,-32.25,0.));
#13236 = DIRECTION('',(-0.,0.,-1.));
#13237 = DIRECTION('',(-0.,-1.,0.));
#13238 = FACE_BOUND('',#13239,.F.);
#13239 = EDGE_LOOP('',(#13240));
#13240 = ORIENTED_EDGE('',*,*,#13241,.T.);
#13241 = EDGE_CURVE('',#13242,#13242,#13244,.T.);
#13242 = VERTEX_POINT('',#13243);
#13243 = CARTESIAN_POINT('',(36.,-32.35,0.));
#13244 = CIRCLE('',#13245,0.1);
#13245 = AXIS2_PLACEMENT_3D('',#13246,#13247,#13248);
#13246 = CARTESIAN_POINT('',(36.,-32.25,0.));
#13247 = DIRECTION('',(-0.,0.,-1.));
#13248 = DIRECTION('',(-0.,-1.,0.));
#13249 = PLANE('',#13250);
#13250 = AXIS2_PLACEMENT_3D('',#13251,#13252,#13253);
#13251 = CARTESIAN_POINT('',(0.,0.,0.));
#13252 = DIRECTION('',(0.,0.,1.));
#13253 = DIRECTION('',(1.,0.,-0.));
#13254 = ADVANCED_FACE('',(#13255,#13266,#13277,#13288,#13299,#13310,
    #13321,#13332,#13343,#13354,#13365,#13376,#13387,#13398,#13409,
    #13420),#13431,.T.);
#13255 = FACE_BOUND('',#13256,.T.);
#13256 = EDGE_LOOP('',(#13257,#13258,#13259,#13265));
#13257 = ORIENTED_EDGE('',*,*,#12984,.F.);
#13258 = ORIENTED_EDGE('',*,*,#13024,.F.);
#13259 = ORIENTED_EDGE('',*,*,#13260,.F.);
#13260 = EDGE_CURVE('',#13047,#13017,#13261,.T.);
#13261 = LINE('',#13262,#13263);
#13262 = CARTESIAN_POINT('',(17.5,-16.5,1.51));
#13263 = VECTOR('',#13264,1.);
#13264 = DIRECTION('',(1.,0.,0.));
#13265 = ORIENTED_EDGE('',*,*,#13046,.F.);
#13266 = FACE_BOUND('',#13267,.T.);
#13267 = EDGE_LOOP('',(#13268));
#13268 = ORIENTED_EDGE('',*,*,#13269,.T.);
#13269 = EDGE_CURVE('',#13270,#13270,#13272,.T.);
#13270 = VERTEX_POINT('',#13271);
#13271 = CARTESIAN_POINT('',(20.42,-47.,1.51));
#13272 = CIRCLE('',#13273,0.5);
#13273 = AXIS2_PLACEMENT_3D('',#13274,#13275,#13276);
#13274 = CARTESIAN_POINT('',(20.42,-46.5,1.51));
#13275 = DIRECTION('',(-0.,0.,-1.));
#13276 = DIRECTION('',(-0.,-1.,0.));
#13277 = FACE_BOUND('',#13278,.T.);
#13278 = EDGE_LOOP('',(#13279));
#13279 = ORIENTED_EDGE('',*,*,#13280,.T.);
#13280 = EDGE_CURVE('',#13281,#13281,#13283,.T.);
#13281 = VERTEX_POINT('',#13282);
#13282 = CARTESIAN_POINT('',(22.96,-47.,1.51));
#13283 = CIRCLE('',#13284,0.5);
#13284 = AXIS2_PLACEMENT_3D('',#13285,#13286,#13287);
#13285 = CARTESIAN_POINT('',(22.96,-46.5,1.51));
#13286 = DIRECTION('',(-0.,0.,-1.));
#13287 = DIRECTION('',(-0.,-1.,0.));
#13288 = FACE_BOUND('',#13289,.T.);
#13289 = EDGE_LOOP('',(#13290));
#13290 = ORIENTED_EDGE('',*,*,#13291,.T.);
#13291 = EDGE_CURVE('',#13292,#13292,#13294,.T.);
#13292 = VERTEX_POINT('',#13293);
#13293 = CARTESIAN_POINT('',(25.5,-47.,1.51));
#13294 = CIRCLE('',#13295,0.5);
#13295 = AXIS2_PLACEMENT_3D('',#13296,#13297,#13298);
#13296 = CARTESIAN_POINT('',(25.5,-46.5,1.51));
#13297 = DIRECTION('',(-0.,0.,-1.));
#13298 = DIRECTION('',(-0.,-1.,0.));
#13299 = FACE_BOUND('',#13300,.T.);
#13300 = EDGE_LOOP('',(#13301));
#13301 = ORIENTED_EDGE('',*,*,#13302,.T.);
#13302 = EDGE_CURVE('',#13303,#13303,#13305,.T.);
#13303 = VERTEX_POINT('',#13304);
#13304 = CARTESIAN_POINT('',(34.,-34.35,1.51));
#13305 = CIRCLE('',#13306,0.1);
#13306 = AXIS2_PLACEMENT_3D('',#13307,#13308,#13309);
#13307 = CARTESIAN_POINT('',(34.,-34.25,1.51));
#13308 = DIRECTION('',(-0.,0.,-1.));
#13309 = DIRECTION('',(-0.,-1.,0.));
#13310 = FACE_BOUND('',#13311,.T.);
#13311 = EDGE_LOOP('',(#13312));
#13312 = ORIENTED_EDGE('',*,*,#13313,.T.);
#13313 = EDGE_CURVE('',#13314,#13314,#13316,.T.);
#13314 = VERTEX_POINT('',#13315);
#13315 = CARTESIAN_POINT('',(35.,-34.35,1.51));
#13316 = CIRCLE('',#13317,0.1);
#13317 = AXIS2_PLACEMENT_3D('',#13318,#13319,#13320);
#13318 = CARTESIAN_POINT('',(35.,-34.25,1.51));
#13319 = DIRECTION('',(-0.,0.,-1.));
#13320 = DIRECTION('',(-0.,-1.,0.));
#13321 = FACE_BOUND('',#13322,.T.);
#13322 = EDGE_LOOP('',(#13323));
#13323 = ORIENTED_EDGE('',*,*,#13324,.T.);
#13324 = EDGE_CURVE('',#13325,#13325,#13327,.T.);
#13325 = VERTEX_POINT('',#13326);
#13326 = CARTESIAN_POINT('',(34.,-33.35,1.51));
#13327 = CIRCLE('',#13328,0.1);
#13328 = AXIS2_PLACEMENT_3D('',#13329,#13330,#13331);
#13329 = CARTESIAN_POINT('',(34.,-33.25,1.51));
#13330 = DIRECTION('',(-0.,0.,-1.));
#13331 = DIRECTION('',(-0.,-1.,0.));
#13332 = FACE_BOUND('',#13333,.T.);
#13333 = EDGE_LOOP('',(#13334));
#13334 = ORIENTED_EDGE('',*,*,#13335,.T.);
#13335 = EDGE_CURVE('',#13336,#13336,#13338,.T.);
#13336 = VERTEX_POINT('',#13337);
#13337 = CARTESIAN_POINT('',(35.,-33.35,1.51));
#13338 = CIRCLE('',#13339,0.1);
#13339 = AXIS2_PLACEMENT_3D('',#13340,#13341,#13342);
#13340 = CARTESIAN_POINT('',(35.,-33.25,1.51));
#13341 = DIRECTION('',(-0.,0.,-1.));
#13342 = DIRECTION('',(-0.,-1.,0.));
#13343 = FACE_BOUND('',#13344,.T.);
#13344 = EDGE_LOOP('',(#13345));
#13345 = ORIENTED_EDGE('',*,*,#13346,.T.);
#13346 = EDGE_CURVE('',#13347,#13347,#13349,.T.);
#13347 = VERTEX_POINT('',#13348);
#13348 = CARTESIAN_POINT('',(36.,-34.35,1.51));
#13349 = CIRCLE('',#13350,0.1);
#13350 = AXIS2_PLACEMENT_3D('',#13351,#13352,#13353);
#13351 = CARTESIAN_POINT('',(36.,-34.25,1.51));
#13352 = DIRECTION('',(-0.,0.,-1.));
#13353 = DIRECTION('',(-0.,-1.,0.));
#13354 = FACE_BOUND('',#13355,.T.);
#13355 = EDGE_LOOP('',(#13356));
#13356 = ORIENTED_EDGE('',*,*,#13357,.T.);
#13357 = EDGE_CURVE('',#13358,#13358,#13360,.T.);
#13358 = VERTEX_POINT('',#13359);
#13359 = CARTESIAN_POINT('',(36.,-33.35,1.51));
#13360 = CIRCLE('',#13361,0.1);
#13361 = AXIS2_PLACEMENT_3D('',#13362,#13363,#13364);
#13362 = CARTESIAN_POINT('',(36.,-33.25,1.51));
#13363 = DIRECTION('',(-0.,0.,-1.));
#13364 = DIRECTION('',(-0.,-1.,0.));
#13365 = FACE_BOUND('',#13366,.T.);
#13366 = EDGE_LOOP('',(#13367));
#13367 = ORIENTED_EDGE('',*,*,#13368,.T.);
#13368 = EDGE_CURVE('',#13369,#13369,#13371,.T.);
#13369 = VERTEX_POINT('',#13370);
#13370 = CARTESIAN_POINT('',(19.5,-24.,1.51));
#13371 = CIRCLE('',#13372,0.5);
#13372 = AXIS2_PLACEMENT_3D('',#13373,#13374,#13375);
#13373 = CARTESIAN_POINT('',(19.5,-23.5,1.51));
#13374 = DIRECTION('',(-0.,0.,-1.));
#13375 = DIRECTION('',(-0.,-1.,0.));
#13376 = FACE_BOUND('',#13377,.T.);
#13377 = EDGE_LOOP('',(#13378));
#13378 = ORIENTED_EDGE('',*,*,#13379,.T.);
#13379 = EDGE_CURVE('',#13380,#13380,#13382,.T.);
#13380 = VERTEX_POINT('',#13381);
#13381 = CARTESIAN_POINT('',(19.5,-21.46,1.51));
#13382 = CIRCLE('',#13383,0.5);
#13383 = AXIS2_PLACEMENT_3D('',#13384,#13385,#13386);
#13384 = CARTESIAN_POINT('',(19.5,-20.96,1.51));
#13385 = DIRECTION('',(-0.,0.,-1.));
#13386 = DIRECTION('',(-0.,-1.,0.));
#13387 = FACE_BOUND('',#13388,.T.);
#13388 = EDGE_LOOP('',(#13389));
#13389 = ORIENTED_EDGE('',*,*,#13390,.T.);
#13390 = EDGE_CURVE('',#13391,#13391,#13393,.T.);
#13391 = VERTEX_POINT('',#13392);
#13392 = CARTESIAN_POINT('',(19.5,-18.92,1.51));
#13393 = CIRCLE('',#13394,0.5);
#13394 = AXIS2_PLACEMENT_3D('',#13395,#13396,#13397);
#13395 = CARTESIAN_POINT('',(19.5,-18.42,1.51));
#13396 = DIRECTION('',(-0.,0.,-1.));
#13397 = DIRECTION('',(-0.,-1.,0.));
#13398 = FACE_BOUND('',#13399,.T.);
#13399 = EDGE_LOOP('',(#13400));
#13400 = ORIENTED_EDGE('',*,*,#13401,.T.);
#13401 = EDGE_CURVE('',#13402,#13402,#13404,.T.);
#13402 = VERTEX_POINT('',#13403);
#13403 = CARTESIAN_POINT('',(34.,-32.35,1.51));
#13404 = CIRCLE('',#13405,0.1);
#13405 = AXIS2_PLACEMENT_3D('',#13406,#13407,#13408);
#13406 = CARTESIAN_POINT('',(34.,-32.25,1.51));
#13407 = DIRECTION('',(-0.,0.,-1.));
#13408 = DIRECTION('',(-0.,-1.,0.));
#13409 = FACE_BOUND('',#13410,.T.);
#13410 = EDGE_LOOP('',(#13411));
#13411 = ORIENTED_EDGE('',*,*,#13412,.T.);
#13412 = EDGE_CURVE('',#13413,#13413,#13415,.T.);
#13413 = VERTEX_POINT('',#13414);
#13414 = CARTESIAN_POINT('',(35.,-32.35,1.51));
#13415 = CIRCLE('',#13416,0.1);
#13416 = AXIS2_PLACEMENT_3D('',#13417,#13418,#13419);
#13417 = CARTESIAN_POINT('',(35.,-32.25,1.51));
#13418 = DIRECTION('',(-0.,0.,-1.));
#13419 = DIRECTION('',(-0.,-1.,0.));
#13420 = FACE_BOUND('',#13421,.T.);
#13421 = EDGE_LOOP('',(#13422));
#13422 = ORIENTED_EDGE('',*,*,#13423,.T.);
#13423 = EDGE_CURVE('',#13424,#13424,#13426,.T.);
#13424 = VERTEX_POINT('',#13425);
#13425 = CARTESIAN_POINT('',(36.,-32.35,1.51));
#13426 = CIRCLE('',#13427,0.1);
#13427 = AXIS2_PLACEMENT_3D('',#13428,#13429,#13430);
#13428 = CARTESIAN_POINT('',(36.,-32.25,1.51));
#13429 = DIRECTION('',(-0.,0.,-1.));
#13430 = DIRECTION('',(-0.,-1.,0.));
#13431 = PLANE('',#13432);
#13432 = AXIS2_PLACEMENT_3D('',#13433,#13434,#13435);
#13433 = CARTESIAN_POINT('',(0.,0.,1.51));
#13434 = DIRECTION('',(0.,0.,1.));
#13435 = DIRECTION('',(1.,0.,-0.));
#13436 = ADVANCED_FACE('',(#13437),#13443,.T.);
#13437 = FACE_BOUND('',#13438,.T.);
#13438 = EDGE_LOOP('',(#13439,#13440,#13441,#13442));
#13439 = ORIENTED_EDGE('',*,*,#13054,.T.);
#13440 = ORIENTED_EDGE('',*,*,#13260,.T.);
#13441 = ORIENTED_EDGE('',*,*,#13014,.F.);
#13442 = ORIENTED_EDGE('',*,*,#13078,.F.);
#13443 = PLANE('',#13444);
#13444 = AXIS2_PLACEMENT_3D('',#13445,#13446,#13447);
#13445 = CARTESIAN_POINT('',(17.5,-16.5,0.));
#13446 = DIRECTION('',(0.,1.,0.));
#13447 = DIRECTION('',(1.,0.,0.));
#13448 = ADVANCED_FACE('',(#13449),#13460,.F.);
#13449 = FACE_BOUND('',#13450,.T.);
#13450 = EDGE_LOOP('',(#13451,#13452,#13458,#13459));
#13451 = ORIENTED_EDGE('',*,*,#13087,.T.);
#13452 = ORIENTED_EDGE('',*,*,#13453,.T.);
#13453 = EDGE_CURVE('',#13088,#13270,#13454,.T.);
#13454 = LINE('',#13455,#13456);
#13455 = CARTESIAN_POINT('',(20.42,-47.,-4.6E-02));
#13456 = VECTOR('',#13457,1.);
#13457 = DIRECTION('',(0.,0.,1.));
#13458 = ORIENTED_EDGE('',*,*,#13269,.F.);
#13459 = ORIENTED_EDGE('',*,*,#13453,.F.);
#13460 = CYLINDRICAL_SURFACE('',#13461,0.5);
#13461 = AXIS2_PLACEMENT_3D('',#13462,#13463,#13464);
#13462 = CARTESIAN_POINT('',(20.42,-46.5,-4.6E-02));
#13463 = DIRECTION('',(-0.,-0.,-1.));
#13464 = DIRECTION('',(-0.,-1.,0.));
#13465 = ADVANCED_FACE('',(#13466),#13477,.F.);
#13466 = FACE_BOUND('',#13467,.T.);
#13467 = EDGE_LOOP('',(#13468,#13469,#13475,#13476));
#13468 = ORIENTED_EDGE('',*,*,#13098,.T.);
#13469 = ORIENTED_EDGE('',*,*,#13470,.T.);
#13470 = EDGE_CURVE('',#13099,#13281,#13471,.T.);
#13471 = LINE('',#13472,#13473);
#13472 = CARTESIAN_POINT('',(22.96,-47.,-4.6E-02));
#13473 = VECTOR('',#13474,1.);
#13474 = DIRECTION('',(0.,0.,1.));
#13475 = ORIENTED_EDGE('',*,*,#13280,.F.);
#13476 = ORIENTED_EDGE('',*,*,#13470,.F.);
#13477 = CYLINDRICAL_SURFACE('',#13478,0.5);
#13478 = AXIS2_PLACEMENT_3D('',#13479,#13480,#13481);
#13479 = CARTESIAN_POINT('',(22.96,-46.5,-4.6E-02));
#13480 = DIRECTION('',(-0.,-0.,-1.));
#13481 = DIRECTION('',(-0.,-1.,0.));
#13482 = ADVANCED_FACE('',(#13483),#13494,.F.);
#13483 = FACE_BOUND('',#13484,.T.);
#13484 = EDGE_LOOP('',(#13485,#13486,#13492,#13493));
#13485 = ORIENTED_EDGE('',*,*,#13109,.T.);
#13486 = ORIENTED_EDGE('',*,*,#13487,.T.);
#13487 = EDGE_CURVE('',#13110,#13292,#13488,.T.);
#13488 = LINE('',#13489,#13490);
#13489 = CARTESIAN_POINT('',(25.5,-47.,-4.6E-02));
#13490 = VECTOR('',#13491,1.);
#13491 = DIRECTION('',(0.,0.,1.));
#13492 = ORIENTED_EDGE('',*,*,#13291,.F.);
#13493 = ORIENTED_EDGE('',*,*,#13487,.F.);
#13494 = CYLINDRICAL_SURFACE('',#13495,0.5);
#13495 = AXIS2_PLACEMENT_3D('',#13496,#13497,#13498);
#13496 = CARTESIAN_POINT('',(25.5,-46.5,-4.6E-02));
#13497 = DIRECTION('',(-0.,-0.,-1.));
#13498 = DIRECTION('',(-0.,-1.,0.));
#13499 = ADVANCED_FACE('',(#13500),#13511,.F.);
#13500 = FACE_BOUND('',#13501,.T.);
#13501 = EDGE_LOOP('',(#13502,#13503,#13509,#13510));
#13502 = ORIENTED_EDGE('',*,*,#13120,.T.);
#13503 = ORIENTED_EDGE('',*,*,#13504,.T.);
#13504 = EDGE_CURVE('',#13121,#13303,#13505,.T.);
#13505 = LINE('',#13506,#13507);
#13506 = CARTESIAN_POINT('',(34.,-34.35,-4.6E-02));
#13507 = VECTOR('',#13508,1.);
#13508 = DIRECTION('',(0.,0.,1.));
#13509 = ORIENTED_EDGE('',*,*,#13302,.F.);
#13510 = ORIENTED_EDGE('',*,*,#13504,.F.);
#13511 = CYLINDRICAL_SURFACE('',#13512,0.1);
#13512 = AXIS2_PLACEMENT_3D('',#13513,#13514,#13515);
#13513 = CARTESIAN_POINT('',(34.,-34.25,-4.6E-02));
#13514 = DIRECTION('',(-0.,-0.,-1.));
#13515 = DIRECTION('',(-0.,-1.,0.));
#13516 = ADVANCED_FACE('',(#13517),#13528,.F.);
#13517 = FACE_BOUND('',#13518,.T.);
#13518 = EDGE_LOOP('',(#13519,#13520,#13526,#13527));
#13519 = ORIENTED_EDGE('',*,*,#13131,.T.);
#13520 = ORIENTED_EDGE('',*,*,#13521,.T.);
#13521 = EDGE_CURVE('',#13132,#13314,#13522,.T.);
#13522 = LINE('',#13523,#13524);
#13523 = CARTESIAN_POINT('',(35.,-34.35,-4.6E-02));
#13524 = VECTOR('',#13525,1.);
#13525 = DIRECTION('',(0.,0.,1.));
#13526 = ORIENTED_EDGE('',*,*,#13313,.F.);
#13527 = ORIENTED_EDGE('',*,*,#13521,.F.);
#13528 = CYLINDRICAL_SURFACE('',#13529,0.1);
#13529 = AXIS2_PLACEMENT_3D('',#13530,#13531,#13532);
#13530 = CARTESIAN_POINT('',(35.,-34.25,-4.6E-02));
#13531 = DIRECTION('',(-0.,-0.,-1.));
#13532 = DIRECTION('',(-0.,-1.,0.));
#13533 = ADVANCED_FACE('',(#13534),#13545,.F.);
#13534 = FACE_BOUND('',#13535,.T.);
#13535 = EDGE_LOOP('',(#13536,#13537,#13543,#13544));
#13536 = ORIENTED_EDGE('',*,*,#13142,.T.);
#13537 = ORIENTED_EDGE('',*,*,#13538,.T.);
#13538 = EDGE_CURVE('',#13143,#13325,#13539,.T.);
#13539 = LINE('',#13540,#13541);
#13540 = CARTESIAN_POINT('',(34.,-33.35,-4.6E-02));
#13541 = VECTOR('',#13542,1.);
#13542 = DIRECTION('',(0.,0.,1.));
#13543 = ORIENTED_EDGE('',*,*,#13324,.F.);
#13544 = ORIENTED_EDGE('',*,*,#13538,.F.);
#13545 = CYLINDRICAL_SURFACE('',#13546,0.1);
#13546 = AXIS2_PLACEMENT_3D('',#13547,#13548,#13549);
#13547 = CARTESIAN_POINT('',(34.,-33.25,-4.6E-02));
#13548 = DIRECTION('',(-0.,-0.,-1.));
#13549 = DIRECTION('',(-0.,-1.,0.));
#13550 = ADVANCED_FACE('',(#13551),#13562,.F.);
#13551 = FACE_BOUND('',#13552,.T.);
#13552 = EDGE_LOOP('',(#13553,#13554,#13560,#13561));
#13553 = ORIENTED_EDGE('',*,*,#13153,.T.);
#13554 = ORIENTED_EDGE('',*,*,#13555,.T.);
#13555 = EDGE_CURVE('',#13154,#13336,#13556,.T.);
#13556 = LINE('',#13557,#13558);
#13557 = CARTESIAN_POINT('',(35.,-33.35,-4.6E-02));
#13558 = VECTOR('',#13559,1.);
#13559 = DIRECTION('',(0.,0.,1.));
#13560 = ORIENTED_EDGE('',*,*,#13335,.F.);
#13561 = ORIENTED_EDGE('',*,*,#13555,.F.);
#13562 = CYLINDRICAL_SURFACE('',#13563,0.1);
#13563 = AXIS2_PLACEMENT_3D('',#13564,#13565,#13566);
#13564 = CARTESIAN_POINT('',(35.,-33.25,-4.6E-02));
#13565 = DIRECTION('',(-0.,-0.,-1.));
#13566 = DIRECTION('',(-0.,-1.,0.));
#13567 = ADVANCED_FACE('',(#13568),#13579,.F.);
#13568 = FACE_BOUND('',#13569,.T.);
#13569 = EDGE_LOOP('',(#13570,#13571,#13577,#13578));
#13570 = ORIENTED_EDGE('',*,*,#13164,.T.);
#13571 = ORIENTED_EDGE('',*,*,#13572,.T.);
#13572 = EDGE_CURVE('',#13165,#13347,#13573,.T.);
#13573 = LINE('',#13574,#13575);
#13574 = CARTESIAN_POINT('',(36.,-34.35,-4.6E-02));
#13575 = VECTOR('',#13576,1.);
#13576 = DIRECTION('',(0.,0.,1.));
#13577 = ORIENTED_EDGE('',*,*,#13346,.F.);
#13578 = ORIENTED_EDGE('',*,*,#13572,.F.);
#13579 = CYLINDRICAL_SURFACE('',#13580,0.1);
#13580 = AXIS2_PLACEMENT_3D('',#13581,#13582,#13583);
#13581 = CARTESIAN_POINT('',(36.,-34.25,-4.6E-02));
#13582 = DIRECTION('',(-0.,-0.,-1.));
#13583 = DIRECTION('',(-0.,-1.,0.));
#13584 = ADVANCED_FACE('',(#13585),#13596,.F.);
#13585 = FACE_BOUND('',#13586,.T.);
#13586 = EDGE_LOOP('',(#13587,#13588,#13594,#13595));
#13587 = ORIENTED_EDGE('',*,*,#13175,.T.);
#13588 = ORIENTED_EDGE('',*,*,#13589,.T.);
#13589 = EDGE_CURVE('',#13176,#13358,#13590,.T.);
#13590 = LINE('',#13591,#13592);
#13591 = CARTESIAN_POINT('',(36.,-33.35,-4.6E-02));
#13592 = VECTOR('',#13593,1.);
#13593 = DIRECTION('',(0.,0.,1.));
#13594 = ORIENTED_EDGE('',*,*,#13357,.F.);
#13595 = ORIENTED_EDGE('',*,*,#13589,.F.);
#13596 = CYLINDRICAL_SURFACE('',#13597,0.1);
#13597 = AXIS2_PLACEMENT_3D('',#13598,#13599,#13600);
#13598 = CARTESIAN_POINT('',(36.,-33.25,-4.6E-02));
#13599 = DIRECTION('',(-0.,-0.,-1.));
#13600 = DIRECTION('',(-0.,-1.,0.));
#13601 = ADVANCED_FACE('',(#13602),#13613,.F.);
#13602 = FACE_BOUND('',#13603,.T.);
#13603 = EDGE_LOOP('',(#13604,#13605,#13611,#13612));
#13604 = ORIENTED_EDGE('',*,*,#13186,.T.);
#13605 = ORIENTED_EDGE('',*,*,#13606,.T.);
#13606 = EDGE_CURVE('',#13187,#13369,#13607,.T.);
#13607 = LINE('',#13608,#13609);
#13608 = CARTESIAN_POINT('',(19.5,-24.,-4.6E-02));
#13609 = VECTOR('',#13610,1.);
#13610 = DIRECTION('',(0.,0.,1.));
#13611 = ORIENTED_EDGE('',*,*,#13368,.F.);
#13612 = ORIENTED_EDGE('',*,*,#13606,.F.);
#13613 = CYLINDRICAL_SURFACE('',#13614,0.5);
#13614 = AXIS2_PLACEMENT_3D('',#13615,#13616,#13617);
#13615 = CARTESIAN_POINT('',(19.5,-23.5,-4.6E-02));
#13616 = DIRECTION('',(-0.,-0.,-1.));
#13617 = DIRECTION('',(-0.,-1.,0.));
#13618 = ADVANCED_FACE('',(#13619),#13630,.F.);
#13619 = FACE_BOUND('',#13620,.T.);
#13620 = EDGE_LOOP('',(#13621,#13622,#13628,#13629));
#13621 = ORIENTED_EDGE('',*,*,#13197,.T.);
#13622 = ORIENTED_EDGE('',*,*,#13623,.T.);
#13623 = EDGE_CURVE('',#13198,#13380,#13624,.T.);
#13624 = LINE('',#13625,#13626);
#13625 = CARTESIAN_POINT('',(19.5,-21.46,-4.6E-02));
#13626 = VECTOR('',#13627,1.);
#13627 = DIRECTION('',(0.,0.,1.));
#13628 = ORIENTED_EDGE('',*,*,#13379,.F.);
#13629 = ORIENTED_EDGE('',*,*,#13623,.F.);
#13630 = CYLINDRICAL_SURFACE('',#13631,0.5);
#13631 = AXIS2_PLACEMENT_3D('',#13632,#13633,#13634);
#13632 = CARTESIAN_POINT('',(19.5,-20.96,-4.6E-02));
#13633 = DIRECTION('',(-0.,-0.,-1.));
#13634 = DIRECTION('',(-0.,-1.,0.));
#13635 = ADVANCED_FACE('',(#13636),#13647,.F.);
#13636 = FACE_BOUND('',#13637,.T.);
#13637 = EDGE_LOOP('',(#13638,#13639,#13645,#13646));
#13638 = ORIENTED_EDGE('',*,*,#13208,.T.);
#13639 = ORIENTED_EDGE('',*,*,#13640,.T.);
#13640 = EDGE_CURVE('',#13209,#13391,#13641,.T.);
#13641 = LINE('',#13642,#13643);
#13642 = CARTESIAN_POINT('',(19.5,-18.92,-4.6E-02));
#13643 = VECTOR('',#13644,1.);
#13644 = DIRECTION('',(0.,0.,1.));
#13645 = ORIENTED_EDGE('',*,*,#13390,.F.);
#13646 = ORIENTED_EDGE('',*,*,#13640,.F.);
#13647 = CYLINDRICAL_SURFACE('',#13648,0.5);
#13648 = AXIS2_PLACEMENT_3D('',#13649,#13650,#13651);
#13649 = CARTESIAN_POINT('',(19.5,-18.42,-4.6E-02));
#13650 = DIRECTION('',(-0.,-0.,-1.));
#13651 = DIRECTION('',(-0.,-1.,0.));
#13652 = ADVANCED_FACE('',(#13653),#13664,.F.);
#13653 = FACE_BOUND('',#13654,.T.);
#13654 = EDGE_LOOP('',(#13655,#13656,#13662,#13663));
#13655 = ORIENTED_EDGE('',*,*,#13219,.T.);
#13656 = ORIENTED_EDGE('',*,*,#13657,.T.);
#13657 = EDGE_CURVE('',#13220,#13402,#13658,.T.);
#13658 = LINE('',#13659,#13660);
#13659 = CARTESIAN_POINT('',(34.,-32.35,-4.6E-02));
#13660 = VECTOR('',#13661,1.);
#13661 = DIRECTION('',(0.,0.,1.));
#13662 = ORIENTED_EDGE('',*,*,#13401,.F.);
#13663 = ORIENTED_EDGE('',*,*,#13657,.F.);
#13664 = CYLINDRICAL_SURFACE('',#13665,0.1);
#13665 = AXIS2_PLACEMENT_3D('',#13666,#13667,#13668);
#13666 = CARTESIAN_POINT('',(34.,-32.25,-4.6E-02));
#13667 = DIRECTION('',(-0.,-0.,-1.));
#13668 = DIRECTION('',(-0.,-1.,0.));
#13669 = ADVANCED_FACE('',(#13670),#13681,.F.);
#13670 = FACE_BOUND('',#13671,.T.);
#13671 = EDGE_LOOP('',(#13672,#13673,#13679,#13680));
#13672 = ORIENTED_EDGE('',*,*,#13230,.T.);
#13673 = ORIENTED_EDGE('',*,*,#13674,.T.);
#13674 = EDGE_CURVE('',#13231,#13413,#13675,.T.);
#13675 = LINE('',#13676,#13677);
#13676 = CARTESIAN_POINT('',(35.,-32.35,-4.6E-02));
#13677 = VECTOR('',#13678,1.);
#13678 = DIRECTION('',(0.,0.,1.));
#13679 = ORIENTED_EDGE('',*,*,#13412,.F.);
#13680 = ORIENTED_EDGE('',*,*,#13674,.F.);
#13681 = CYLINDRICAL_SURFACE('',#13682,0.1);
#13682 = AXIS2_PLACEMENT_3D('',#13683,#13684,#13685);
#13683 = CARTESIAN_POINT('',(35.,-32.25,-4.6E-02));
#13684 = DIRECTION('',(-0.,-0.,-1.));
#13685 = DIRECTION('',(-0.,-1.,0.));
#13686 = ADVANCED_FACE('',(#13687),#13698,.F.);
#13687 = FACE_BOUND('',#13688,.T.);
#13688 = EDGE_LOOP('',(#13689,#13690,#13696,#13697));
#13689 = ORIENTED_EDGE('',*,*,#13241,.T.);
#13690 = ORIENTED_EDGE('',*,*,#13691,.T.);
#13691 = EDGE_CURVE('',#13242,#13424,#13692,.T.);
#13692 = LINE('',#13693,#13694);
#13693 = CARTESIAN_POINT('',(36.,-32.35,-4.6E-02));
#13694 = VECTOR('',#13695,1.);
#13695 = DIRECTION('',(0.,0.,1.));
#13696 = ORIENTED_EDGE('',*,*,#13423,.F.);
#13697 = ORIENTED_EDGE('',*,*,#13691,.F.);
#13698 = CYLINDRICAL_SURFACE('',#13699,0.1);
#13699 = AXIS2_PLACEMENT_3D('',#13700,#13701,#13702);
#13700 = CARTESIAN_POINT('',(36.,-32.25,-4.6E-02));
#13701 = DIRECTION('',(-0.,-0.,-1.));
#13702 = DIRECTION('',(-0.,-1.,0.));
#13703 = ( GEOMETRIC_REPRESENTATION_CONTEXT(3) 
GLOBAL_UNCERTAINTY_ASSIGNED_CONTEXT((#13707)) 
GLOBAL_UNIT_ASSIGNED_CONTEXT((#13704,#13705,#13706)) 
REPRESENTATION_CONTEXT('Context #1',
  '3D Context with UNIT and UNCERTAINTY') );
#13704 = ( LENGTH_UNIT() NAMED_UNIT(*) SI_UNIT(.MILLI.,.METRE.) );
#13705 = ( NAMED_UNIT(*) PLANE_ANGLE_UNIT() SI_UNIT($,.RADIAN.) );
#13706 = ( NAMED_UNIT(*) SI_UNIT($,.STERADIAN.) SOLID_ANGLE_UNIT() );
#13707 = UNCERTAINTY_MEASURE_WITH_UNIT(LENGTH_MEASURE(1.E-07),#13704,
  'distance_accuracy_value','confusion accuracy');
#13708 = CONTEXT_DEPENDENT_SHAPE_REPRESENTATION(#13709,#13711);
#13709 = ( REPRESENTATION_RELATIONSHIP('','',#12967,#10) 
REPRESENTATION_RELATIONSHIP_WITH_TRANSFORMATION(#13710) 
SHAPE_REPRESENTATION_RELATIONSHIP() );
#13710 = ITEM_DEFINED_TRANSFORMATION('','',#11,#91);
#13711 = PRODUCT_DEFINITION_SHAPE('Placement','Placement of an item',
  #13712);
#13712 = NEXT_ASSEMBLY_USAGE_OCCURRENCE('20','=>[0:1:1:10]','',#5,#12962
  ,$);
#13713 = PRODUCT_RELATED_PRODUCT_CATEGORY('part',$,(#12964));
#13714 = MECHANICAL_DESIGN_GEOMETRIC_PRESENTATION_REPRESENTATION('',(
    #13715,#13725,#13734,#13743,#13753,#13762,#13771,#13780,#13789,
    #13798,#13808,#13817,#13826,#13835,#13844,#13853,#13862,#13871,
    #13880,#13889,#13898,#13907,#13916,#13925,#13934,#13943,#13952,
    #13961,#13970,#13979,#13988,#13997,#14006,#14015,#14024,#14033,
    #14042,#14051,#14060,#14069,#14078,#14087,#14096,#14105,#14114,
    #14123,#14132,#14141,#14150,#14159,#14168,#14177,#14186,#14195,
    #14204,#14213,#14222,#14231,#14240,#14249,#14258,#14267,#14276,
    #14285,#14294,#14303,#14312,#14321,#14330,#14339,#14348,#14357,
    #14366,#14375,#14384,#14393,#14402,#14411,#14420,#14429,#14438,
    #14447,#14456,#14465,#14474,#14483,#14492,#14501,#14510,#14519,
    #14528,#14537,#14546,#14555,#14564,#14573,#14582,#14591,#14600,
    #14609,#14618,#14627,#14636,#14645,#14654,#14663,#14672,#14681,
    #14690,#14699,#14708,#14717,#14726,#14735,#14744,#14753,#14762,
    #14771,#14780,#14789,#14798,#14807,#14816,#14825,#14834,#14843,
    #14852,#14861,#14870,#14879,#14888,#14897,#14906,#14915,#14924),
  #6185);
#13715 = STYLED_ITEM('color',(#13716),#1857);
#13716 = PRESENTATION_STYLE_ASSIGNMENT((#13717,#13723));
#13717 = SURFACE_STYLE_USAGE(.BOTH.,#13718);
#13718 = SURFACE_SIDE_STYLE('',(#13719));
#13719 = SURFACE_STYLE_FILL_AREA(#13720);
#13720 = FILL_AREA_STYLE('',(#13721));
#13721 = FILL_AREA_STYLE_COLOUR('',#13722);
#13722 = COLOUR_RGB('',0.690999998585,0.664000007176,0.597999987832);
#13723 = CURVE_STYLE('',#13724,POSITIVE_LENGTH_MEASURE(0.1),#13722);
#13724 = DRAUGHTING_PRE_DEFINED_CURVE_FONT('continuous');
#13725 = STYLED_ITEM('color',(#13726),#1874);
#13726 = PRESENTATION_STYLE_ASSIGNMENT((#13727,#13732));
#13727 = SURFACE_STYLE_USAGE(.BOTH.,#13728);
#13728 = SURFACE_SIDE_STYLE('',(#13729));
#13729 = SURFACE_STYLE_FILL_AREA(#13730);
#13730 = FILL_AREA_STYLE('',(#13731));
#13731 = FILL_AREA_STYLE_COLOUR('',#13722);
#13732 = CURVE_STYLE('',#13733,POSITIVE_LENGTH_MEASURE(0.1),#13722);
#13733 = DRAUGHTING_PRE_DEFINED_CURVE_FONT('continuous');
#13734 = OVER_RIDING_STYLED_ITEM('overriding color',(#13735),#1888,
  #13725);
#13735 = PRESENTATION_STYLE_ASSIGNMENT((#13736,#13741));
#13736 = SURFACE_STYLE_USAGE(.BOTH.,#13737);
#13737 = SURFACE_SIDE_STYLE('',(#13738));
#13738 = SURFACE_STYLE_FILL_AREA(#13739);
#13739 = FILL_AREA_STYLE('',(#13740));
#13740 = FILL_AREA_STYLE_COLOUR('',#13722);
#13741 = CURVE_STYLE('',#13742,POSITIVE_LENGTH_MEASURE(0.1),#13722);
#13742 = DRAUGHTING_PRE_DEFINED_CURVE_FONT('continuous');
#13743 = STYLED_ITEM('color',(#13744),#1899);
#13744 = PRESENTATION_STYLE_ASSIGNMENT((#13745,#13751));
#13745 = SURFACE_STYLE_USAGE(.BOTH.,#13746);
#13746 = SURFACE_SIDE_STYLE('',(#13747));
#13747 = SURFACE_STYLE_FILL_AREA(#13748);
#13748 = FILL_AREA_STYLE('',(#13749));
#13749 = FILL_AREA_STYLE_COLOUR('',#13750);
#13750 = COLOUR_RGB('',0.147999998088,0.145000001626,0.145000001626);
#13751 = CURVE_STYLE('',#13752,POSITIVE_LENGTH_MEASURE(0.1),#13750);
#13752 = DRAUGHTING_PRE_DEFINED_CURVE_FONT('continuous');
#13753 = STYLED_ITEM('color',(#13754),#1942);
#13754 = PRESENTATION_STYLE_ASSIGNMENT((#13755,#13760));
#13755 = SURFACE_STYLE_USAGE(.BOTH.,#13756);
#13756 = SURFACE_SIDE_STYLE('',(#13757));
#13757 = SURFACE_STYLE_FILL_AREA(#13758);
#13758 = FILL_AREA_STYLE('',(#13759));
#13759 = FILL_AREA_STYLE_COLOUR('',#13750);
#13760 = CURVE_STYLE('',#13761,POSITIVE_LENGTH_MEASURE(0.1),#13750);
#13761 = DRAUGHTING_PRE_DEFINED_CURVE_FONT('continuous');
#13762 = STYLED_ITEM('color',(#13763),#2133);
#13763 = PRESENTATION_STYLE_ASSIGNMENT((#13764,#13769));
#13764 = SURFACE_STYLE_USAGE(.BOTH.,#13765);
#13765 = SURFACE_SIDE_STYLE('',(#13766));
#13766 = SURFACE_STYLE_FILL_AREA(#13767);
#13767 = FILL_AREA_STYLE('',(#13768));
#13768 = FILL_AREA_STYLE_COLOUR('',#13750);
#13769 = CURVE_STYLE('',#13770,POSITIVE_LENGTH_MEASURE(0.1),#13750);
#13770 = DRAUGHTING_PRE_DEFINED_CURVE_FONT('continuous');
#13771 = STYLED_ITEM('color',(#13772),#2317);
#13772 = PRESENTATION_STYLE_ASSIGNMENT((#13773,#13778));
#13773 = SURFACE_STYLE_USAGE(.BOTH.,#13774);
#13774 = SURFACE_SIDE_STYLE('',(#13775));
#13775 = SURFACE_STYLE_FILL_AREA(#13776);
#13776 = FILL_AREA_STYLE('',(#13777));
#13777 = FILL_AREA_STYLE_COLOUR('',#13750);
#13778 = CURVE_STYLE('',#13779,POSITIVE_LENGTH_MEASURE(0.1),#13750);
#13779 = DRAUGHTING_PRE_DEFINED_CURVE_FONT('continuous');
#13780 = STYLED_ITEM('color',(#13781),#2501);
#13781 = PRESENTATION_STYLE_ASSIGNMENT((#13782,#13787));
#13782 = SURFACE_STYLE_USAGE(.BOTH.,#13783);
#13783 = SURFACE_SIDE_STYLE('',(#13784));
#13784 = SURFACE_STYLE_FILL_AREA(#13785);
#13785 = FILL_AREA_STYLE('',(#13786));
#13786 = FILL_AREA_STYLE_COLOUR('',#13750);
#13787 = CURVE_STYLE('',#13788,POSITIVE_LENGTH_MEASURE(0.1),#13750);
#13788 = DRAUGHTING_PRE_DEFINED_CURVE_FONT('continuous');
#13789 = STYLED_ITEM('color',(#13790),#2678);
#13790 = PRESENTATION_STYLE_ASSIGNMENT((#13791,#13796));
#13791 = SURFACE_STYLE_USAGE(.BOTH.,#13792);
#13792 = SURFACE_SIDE_STYLE('',(#13793));
#13793 = SURFACE_STYLE_FILL_AREA(#13794);
#13794 = FILL_AREA_STYLE('',(#13795));
#13795 = FILL_AREA_STYLE_COLOUR('',#13750);
#13796 = CURVE_STYLE('',#13797,POSITIVE_LENGTH_MEASURE(0.1),#13750);
#13797 = DRAUGHTING_PRE_DEFINED_CURVE_FONT('continuous');
#13798 = STYLED_ITEM('color',(#13799),#3192);
#13799 = PRESENTATION_STYLE_ASSIGNMENT((#13800,#13806));
#13800 = SURFACE_STYLE_USAGE(.BOTH.,#13801);
#13801 = SURFACE_SIDE_STYLE('',(#13802));
#13802 = SURFACE_STYLE_FILL_AREA(#13803);
#13803 = FILL_AREA_STYLE('',(#13804));
#13804 = FILL_AREA_STYLE_COLOUR('',#13805);
#13805 = COLOUR_RGB('',0.823999987314,0.819999987296,0.781000009244);
#13806 = CURVE_STYLE('',#13807,POSITIVE_LENGTH_MEASURE(0.1),#13805);
#13807 = DRAUGHTING_PRE_DEFINED_CURVE_FONT('continuous');
#13808 = STYLED_ITEM('color',(#13809),#3232);
#13809 = PRESENTATION_STYLE_ASSIGNMENT((#13810,#13815));
#13810 = SURFACE_STYLE_USAGE(.BOTH.,#13811);
#13811 = SURFACE_SIDE_STYLE('',(#13812));
#13812 = SURFACE_STYLE_FILL_AREA(#13813);
#13813 = FILL_AREA_STYLE('',(#13814));
#13814 = FILL_AREA_STYLE_COLOUR('',#13805);
#13815 = CURVE_STYLE('',#13816,POSITIVE_LENGTH_MEASURE(0.1),#13805);
#13816 = DRAUGHTING_PRE_DEFINED_CURVE_FONT('continuous');
#13817 = STYLED_ITEM('color',(#13818),#3256);
#13818 = PRESENTATION_STYLE_ASSIGNMENT((#13819,#13824));
#13819 = SURFACE_STYLE_USAGE(.BOTH.,#13820);
#13820 = SURFACE_SIDE_STYLE('',(#13821));
#13821 = SURFACE_STYLE_FILL_AREA(#13822);
#13822 = FILL_AREA_STYLE('',(#13823));
#13823 = FILL_AREA_STYLE_COLOUR('',#13805);
#13824 = CURVE_STYLE('',#13825,POSITIVE_LENGTH_MEASURE(0.1),#13805);
#13825 = DRAUGHTING_PRE_DEFINED_CURVE_FONT('continuous');
#13826 = STYLED_ITEM('color',(#13827),#3289);
#13827 = PRESENTATION_STYLE_ASSIGNMENT((#13828,#13833));
#13828 = SURFACE_STYLE_USAGE(.BOTH.,#13829);
#13829 = SURFACE_SIDE_STYLE('',(#13830));
#13830 = SURFACE_STYLE_FILL_AREA(#13831);
#13831 = FILL_AREA_STYLE('',(#13832));
#13832 = FILL_AREA_STYLE_COLOUR('',#13805);
#13833 = CURVE_STYLE('',#13834,POSITIVE_LENGTH_MEASURE(0.1),#13805);
#13834 = DRAUGHTING_PRE_DEFINED_CURVE_FONT('continuous');
#13835 = STYLED_ITEM('color',(#13836),#3329);
#13836 = PRESENTATION_STYLE_ASSIGNMENT((#13837,#13842));
#13837 = SURFACE_STYLE_USAGE(.BOTH.,#13838);
#13838 = SURFACE_SIDE_STYLE('',(#13839));
#13839 = SURFACE_STYLE_FILL_AREA(#13840);
#13840 = FILL_AREA_STYLE('',(#13841));
#13841 = FILL_AREA_STYLE_COLOUR('',#13805);
#13842 = CURVE_STYLE('',#13843,POSITIVE_LENGTH_MEASURE(0.1),#13805);
#13843 = DRAUGHTING_PRE_DEFINED_CURVE_FONT('continuous');
#13844 = STYLED_ITEM('color',(#13845),#3353);
#13845 = PRESENTATION_STYLE_ASSIGNMENT((#13846,#13851));
#13846 = SURFACE_STYLE_USAGE(.BOTH.,#13847);
#13847 = SURFACE_SIDE_STYLE('',(#13848));
#13848 = SURFACE_STYLE_FILL_AREA(#13849);
#13849 = FILL_AREA_STYLE('',(#13850));
#13850 = FILL_AREA_STYLE_COLOUR('',#13805);
#13851 = CURVE_STYLE('',#13852,POSITIVE_LENGTH_MEASURE(0.1),#13805);
#13852 = DRAUGHTING_PRE_DEFINED_CURVE_FONT('continuous');
#13853 = STYLED_ITEM('color',(#13854),#3386);
#13854 = PRESENTATION_STYLE_ASSIGNMENT((#13855,#13860));
#13855 = SURFACE_STYLE_USAGE(.BOTH.,#13856);
#13856 = SURFACE_SIDE_STYLE('',(#13857));
#13857 = SURFACE_STYLE_FILL_AREA(#13858);
#13858 = FILL_AREA_STYLE('',(#13859));
#13859 = FILL_AREA_STYLE_COLOUR('',#13805);
#13860 = CURVE_STYLE('',#13861,POSITIVE_LENGTH_MEASURE(0.1),#13805);
#13861 = DRAUGHTING_PRE_DEFINED_CURVE_FONT('continuous');
#13862 = STYLED_ITEM('color',(#13863),#3426);
#13863 = PRESENTATION_STYLE_ASSIGNMENT((#13864,#13869));
#13864 = SURFACE_STYLE_USAGE(.BOTH.,#13865);
#13865 = SURFACE_SIDE_STYLE('',(#13866));
#13866 = SURFACE_STYLE_FILL_AREA(#13867);
#13867 = FILL_AREA_STYLE('',(#13868));
#13868 = FILL_AREA_STYLE_COLOUR('',#13805);
#13869 = CURVE_STYLE('',#13870,POSITIVE_LENGTH_MEASURE(0.1),#13805);
#13870 = DRAUGHTING_PRE_DEFINED_CURVE_FONT('continuous');
#13871 = STYLED_ITEM('color',(#13872),#3450);
#13872 = PRESENTATION_STYLE_ASSIGNMENT((#13873,#13878));
#13873 = SURFACE_STYLE_USAGE(.BOTH.,#13874);
#13874 = SURFACE_SIDE_STYLE('',(#13875));
#13875 = SURFACE_STYLE_FILL_AREA(#13876);
#13876 = FILL_AREA_STYLE('',(#13877));
#13877 = FILL_AREA_STYLE_COLOUR('',#13805);
#13878 = CURVE_STYLE('',#13879,POSITIVE_LENGTH_MEASURE(0.1),#13805);
#13879 = DRAUGHTING_PRE_DEFINED_CURVE_FONT('continuous');
#13880 = STYLED_ITEM('color',(#13881),#3483);
#13881 = PRESENTATION_STYLE_ASSIGNMENT((#13882,#13887));
#13882 = SURFACE_STYLE_USAGE(.BOTH.,#13883);
#13883 = SURFACE_SIDE_STYLE('',(#13884));
#13884 = SURFACE_STYLE_FILL_AREA(#13885);
#13885 = FILL_AREA_STYLE('',(#13886));
#13886 = FILL_AREA_STYLE_COLOUR('',#13805);
#13887 = CURVE_STYLE('',#13888,POSITIVE_LENGTH_MEASURE(0.1),#13805);
#13888 = DRAUGHTING_PRE_DEFINED_CURVE_FONT('continuous');
#13889 = STYLED_ITEM('color',(#13890),#3523);
#13890 = PRESENTATION_STYLE_ASSIGNMENT((#13891,#13896));
#13891 = SURFACE_STYLE_USAGE(.BOTH.,#13892);
#13892 = SURFACE_SIDE_STYLE('',(#13893));
#13893 = SURFACE_STYLE_FILL_AREA(#13894);
#13894 = FILL_AREA_STYLE('',(#13895));
#13895 = FILL_AREA_STYLE_COLOUR('',#13805);
#13896 = CURVE_STYLE('',#13897,POSITIVE_LENGTH_MEASURE(0.1),#13805);
#13897 = DRAUGHTING_PRE_DEFINED_CURVE_FONT('continuous');
#13898 = STYLED_ITEM('color',(#13899),#3547);
#13899 = PRESENTATION_STYLE_ASSIGNMENT((#13900,#13905));
#13900 = SURFACE_STYLE_USAGE(.BOTH.,#13901);
#13901 = SURFACE_SIDE_STYLE('',(#13902));
#13902 = SURFACE_STYLE_FILL_AREA(#13903);
#13903 = FILL_AREA_STYLE('',(#13904));
#13904 = FILL_AREA_STYLE_COLOUR('',#13805);
#13905 = CURVE_STYLE('',#13906,POSITIVE_LENGTH_MEASURE(0.1),#13805);
#13906 = DRAUGHTING_PRE_DEFINED_CURVE_FONT('continuous');
#13907 = STYLED_ITEM('color',(#13908),#3580);
#13908 = PRESENTATION_STYLE_ASSIGNMENT((#13909,#13914));
#13909 = SURFACE_STYLE_USAGE(.BOTH.,#13910);
#13910 = SURFACE_SIDE_STYLE('',(#13911));
#13911 = SURFACE_STYLE_FILL_AREA(#13912);
#13912 = FILL_AREA_STYLE('',(#13913));
#13913 = FILL_AREA_STYLE_COLOUR('',#13805);
#13914 = CURVE_STYLE('',#13915,POSITIVE_LENGTH_MEASURE(0.1),#13805);
#13915 = DRAUGHTING_PRE_DEFINED_CURVE_FONT('continuous');
#13916 = STYLED_ITEM('color',(#13917),#3620);
#13917 = PRESENTATION_STYLE_ASSIGNMENT((#13918,#13923));
#13918 = SURFACE_STYLE_USAGE(.BOTH.,#13919);
#13919 = SURFACE_SIDE_STYLE('',(#13920));
#13920 = SURFACE_STYLE_FILL_AREA(#13921);
#13921 = FILL_AREA_STYLE('',(#13922));
#13922 = FILL_AREA_STYLE_COLOUR('',#13805);
#13923 = CURVE_STYLE('',#13924,POSITIVE_LENGTH_MEASURE(0.1),#13805);
#13924 = DRAUGHTING_PRE_DEFINED_CURVE_FONT('continuous');
#13925 = STYLED_ITEM('color',(#13926),#3644);
#13926 = PRESENTATION_STYLE_ASSIGNMENT((#13927,#13932));
#13927 = SURFACE_STYLE_USAGE(.BOTH.,#13928);
#13928 = SURFACE_SIDE_STYLE('',(#13929));
#13929 = SURFACE_STYLE_FILL_AREA(#13930);
#13930 = FILL_AREA_STYLE('',(#13931));
#13931 = FILL_AREA_STYLE_COLOUR('',#13805);
#13932 = CURVE_STYLE('',#13933,POSITIVE_LENGTH_MEASURE(0.1),#13805);
#13933 = DRAUGHTING_PRE_DEFINED_CURVE_FONT('continuous');
#13934 = STYLED_ITEM('color',(#13935),#3677);
#13935 = PRESENTATION_STYLE_ASSIGNMENT((#13936,#13941));
#13936 = SURFACE_STYLE_USAGE(.BOTH.,#13937);
#13937 = SURFACE_SIDE_STYLE('',(#13938));
#13938 = SURFACE_STYLE_FILL_AREA(#13939);
#13939 = FILL_AREA_STYLE('',(#13940));
#13940 = FILL_AREA_STYLE_COLOUR('',#13805);
#13941 = CURVE_STYLE('',#13942,POSITIVE_LENGTH_MEASURE(0.1),#13805);
#13942 = DRAUGHTING_PRE_DEFINED_CURVE_FONT('continuous');
#13943 = STYLED_ITEM('color',(#13944),#3717);
#13944 = PRESENTATION_STYLE_ASSIGNMENT((#13945,#13950));
#13945 = SURFACE_STYLE_USAGE(.BOTH.,#13946);
#13946 = SURFACE_SIDE_STYLE('',(#13947));
#13947 = SURFACE_STYLE_FILL_AREA(#13948);
#13948 = FILL_AREA_STYLE('',(#13949));
#13949 = FILL_AREA_STYLE_COLOUR('',#13805);
#13950 = CURVE_STYLE('',#13951,POSITIVE_LENGTH_MEASURE(0.1),#13805);
#13951 = DRAUGHTING_PRE_DEFINED_CURVE_FONT('continuous');
#13952 = STYLED_ITEM('color',(#13953),#3741);
#13953 = PRESENTATION_STYLE_ASSIGNMENT((#13954,#13959));
#13954 = SURFACE_STYLE_USAGE(.BOTH.,#13955);
#13955 = SURFACE_SIDE_STYLE('',(#13956));
#13956 = SURFACE_STYLE_FILL_AREA(#13957);
#13957 = FILL_AREA_STYLE('',(#13958));
#13958 = FILL_AREA_STYLE_COLOUR('',#13805);
#13959 = CURVE_STYLE('',#13960,POSITIVE_LENGTH_MEASURE(0.1),#13805);
#13960 = DRAUGHTING_PRE_DEFINED_CURVE_FONT('continuous');
#13961 = STYLED_ITEM('color',(#13962),#3774);
#13962 = PRESENTATION_STYLE_ASSIGNMENT((#13963,#13968));
#13963 = SURFACE_STYLE_USAGE(.BOTH.,#13964);
#13964 = SURFACE_SIDE_STYLE('',(#13965));
#13965 = SURFACE_STYLE_FILL_AREA(#13966);
#13966 = FILL_AREA_STYLE('',(#13967));
#13967 = FILL_AREA_STYLE_COLOUR('',#13805);
#13968 = CURVE_STYLE('',#13969,POSITIVE_LENGTH_MEASURE(0.1),#13805);
#13969 = DRAUGHTING_PRE_DEFINED_CURVE_FONT('continuous');
#13970 = STYLED_ITEM('color',(#13971),#3814);
#13971 = PRESENTATION_STYLE_ASSIGNMENT((#13972,#13977));
#13972 = SURFACE_STYLE_USAGE(.BOTH.,#13973);
#13973 = SURFACE_SIDE_STYLE('',(#13974));
#13974 = SURFACE_STYLE_FILL_AREA(#13975);
#13975 = FILL_AREA_STYLE('',(#13976));
#13976 = FILL_AREA_STYLE_COLOUR('',#13805);
#13977 = CURVE_STYLE('',#13978,POSITIVE_LENGTH_MEASURE(0.1),#13805);
#13978 = DRAUGHTING_PRE_DEFINED_CURVE_FONT('continuous');
#13979 = STYLED_ITEM('color',(#13980),#3838);
#13980 = PRESENTATION_STYLE_ASSIGNMENT((#13981,#13986));
#13981 = SURFACE_STYLE_USAGE(.BOTH.,#13982);
#13982 = SURFACE_SIDE_STYLE('',(#13983));
#13983 = SURFACE_STYLE_FILL_AREA(#13984);
#13984 = FILL_AREA_STYLE('',(#13985));
#13985 = FILL_AREA_STYLE_COLOUR('',#13805);
#13986 = CURVE_STYLE('',#13987,POSITIVE_LENGTH_MEASURE(0.1),#13805);
#13987 = DRAUGHTING_PRE_DEFINED_CURVE_FONT('continuous');
#13988 = STYLED_ITEM('color',(#13989),#3871);
#13989 = PRESENTATION_STYLE_ASSIGNMENT((#13990,#13995));
#13990 = SURFACE_STYLE_USAGE(.BOTH.,#13991);
#13991 = SURFACE_SIDE_STYLE('',(#13992));
#13992 = SURFACE_STYLE_FILL_AREA(#13993);
#13993 = FILL_AREA_STYLE('',(#13994));
#13994 = FILL_AREA_STYLE_COLOUR('',#13805);
#13995 = CURVE_STYLE('',#13996,POSITIVE_LENGTH_MEASURE(0.1),#13805);
#13996 = DRAUGHTING_PRE_DEFINED_CURVE_FONT('continuous');
#13997 = STYLED_ITEM('color',(#13998),#3911);
#13998 = PRESENTATION_STYLE_ASSIGNMENT((#13999,#14004));
#13999 = SURFACE_STYLE_USAGE(.BOTH.,#14000);
#14000 = SURFACE_SIDE_STYLE('',(#14001));
#14001 = SURFACE_STYLE_FILL_AREA(#14002);
#14002 = FILL_AREA_STYLE('',(#14003));
#14003 = FILL_AREA_STYLE_COLOUR('',#13805);
#14004 = CURVE_STYLE('',#14005,POSITIVE_LENGTH_MEASURE(0.1),#13805);
#14005 = DRAUGHTING_PRE_DEFINED_CURVE_FONT('continuous');
#14006 = STYLED_ITEM('color',(#14007),#3935);
#14007 = PRESENTATION_STYLE_ASSIGNMENT((#14008,#14013));
#14008 = SURFACE_STYLE_USAGE(.BOTH.,#14009);
#14009 = SURFACE_SIDE_STYLE('',(#14010));
#14010 = SURFACE_STYLE_FILL_AREA(#14011);
#14011 = FILL_AREA_STYLE('',(#14012));
#14012 = FILL_AREA_STYLE_COLOUR('',#13805);
#14013 = CURVE_STYLE('',#14014,POSITIVE_LENGTH_MEASURE(0.1),#13805);
#14014 = DRAUGHTING_PRE_DEFINED_CURVE_FONT('continuous');
#14015 = STYLED_ITEM('color',(#14016),#3968);
#14016 = PRESENTATION_STYLE_ASSIGNMENT((#14017,#14022));
#14017 = SURFACE_STYLE_USAGE(.BOTH.,#14018);
#14018 = SURFACE_SIDE_STYLE('',(#14019));
#14019 = SURFACE_STYLE_FILL_AREA(#14020);
#14020 = FILL_AREA_STYLE('',(#14021));
#14021 = FILL_AREA_STYLE_COLOUR('',#13805);
#14022 = CURVE_STYLE('',#14023,POSITIVE_LENGTH_MEASURE(0.1),#13805);
#14023 = DRAUGHTING_PRE_DEFINED_CURVE_FONT('continuous');
#14024 = STYLED_ITEM('color',(#14025),#4008);
#14025 = PRESENTATION_STYLE_ASSIGNMENT((#14026,#14031));
#14026 = SURFACE_STYLE_USAGE(.BOTH.,#14027);
#14027 = SURFACE_SIDE_STYLE('',(#14028));
#14028 = SURFACE_STYLE_FILL_AREA(#14029);
#14029 = FILL_AREA_STYLE('',(#14030));
#14030 = FILL_AREA_STYLE_COLOUR('',#13805);
#14031 = CURVE_STYLE('',#14032,POSITIVE_LENGTH_MEASURE(0.1),#13805);
#14032 = DRAUGHTING_PRE_DEFINED_CURVE_FONT('continuous');
#14033 = STYLED_ITEM('color',(#14034),#4032);
#14034 = PRESENTATION_STYLE_ASSIGNMENT((#14035,#14040));
#14035 = SURFACE_STYLE_USAGE(.BOTH.,#14036);
#14036 = SURFACE_SIDE_STYLE('',(#14037));
#14037 = SURFACE_STYLE_FILL_AREA(#14038);
#14038 = FILL_AREA_STYLE('',(#14039));
#14039 = FILL_AREA_STYLE_COLOUR('',#13805);
#14040 = CURVE_STYLE('',#14041,POSITIVE_LENGTH_MEASURE(0.1),#13805);
#14041 = DRAUGHTING_PRE_DEFINED_CURVE_FONT('continuous');
#14042 = STYLED_ITEM('color',(#14043),#4065);
#14043 = PRESENTATION_STYLE_ASSIGNMENT((#14044,#14049));
#14044 = SURFACE_STYLE_USAGE(.BOTH.,#14045);
#14045 = SURFACE_SIDE_STYLE('',(#14046));
#14046 = SURFACE_STYLE_FILL_AREA(#14047);
#14047 = FILL_AREA_STYLE('',(#14048));
#14048 = FILL_AREA_STYLE_COLOUR('',#13805);
#14049 = CURVE_STYLE('',#14050,POSITIVE_LENGTH_MEASURE(0.1),#13805);
#14050 = DRAUGHTING_PRE_DEFINED_CURVE_FONT('continuous');
#14051 = STYLED_ITEM('color',(#14052),#4105);
#14052 = PRESENTATION_STYLE_ASSIGNMENT((#14053,#14058));
#14053 = SURFACE_STYLE_USAGE(.BOTH.,#14054);
#14054 = SURFACE_SIDE_STYLE('',(#14055));
#14055 = SURFACE_STYLE_FILL_AREA(#14056);
#14056 = FILL_AREA_STYLE('',(#14057));
#14057 = FILL_AREA_STYLE_COLOUR('',#13805);
#14058 = CURVE_STYLE('',#14059,POSITIVE_LENGTH_MEASURE(0.1),#13805);
#14059 = DRAUGHTING_PRE_DEFINED_CURVE_FONT('continuous');
#14060 = STYLED_ITEM('color',(#14061),#4129);
#14061 = PRESENTATION_STYLE_ASSIGNMENT((#14062,#14067));
#14062 = SURFACE_STYLE_USAGE(.BOTH.,#14063);
#14063 = SURFACE_SIDE_STYLE('',(#14064));
#14064 = SURFACE_STYLE_FILL_AREA(#14065);
#14065 = FILL_AREA_STYLE('',(#14066));
#14066 = FILL_AREA_STYLE_COLOUR('',#13805);
#14067 = CURVE_STYLE('',#14068,POSITIVE_LENGTH_MEASURE(0.1),#13805);
#14068 = DRAUGHTING_PRE_DEFINED_CURVE_FONT('continuous');
#14069 = STYLED_ITEM('color',(#14070),#4162);
#14070 = PRESENTATION_STYLE_ASSIGNMENT((#14071,#14076));
#14071 = SURFACE_STYLE_USAGE(.BOTH.,#14072);
#14072 = SURFACE_SIDE_STYLE('',(#14073));
#14073 = SURFACE_STYLE_FILL_AREA(#14074);
#14074 = FILL_AREA_STYLE('',(#14075));
#14075 = FILL_AREA_STYLE_COLOUR('',#13805);
#14076 = CURVE_STYLE('',#14077,POSITIVE_LENGTH_MEASURE(0.1),#13805);
#14077 = DRAUGHTING_PRE_DEFINED_CURVE_FONT('continuous');
#14078 = STYLED_ITEM('color',(#14079),#4202);
#14079 = PRESENTATION_STYLE_ASSIGNMENT((#14080,#14085));
#14080 = SURFACE_STYLE_USAGE(.BOTH.,#14081);
#14081 = SURFACE_SIDE_STYLE('',(#14082));
#14082 = SURFACE_STYLE_FILL_AREA(#14083);
#14083 = FILL_AREA_STYLE('',(#14084));
#14084 = FILL_AREA_STYLE_COLOUR('',#13805);
#14085 = CURVE_STYLE('',#14086,POSITIVE_LENGTH_MEASURE(0.1),#13805);
#14086 = DRAUGHTING_PRE_DEFINED_CURVE_FONT('continuous');
#14087 = STYLED_ITEM('color',(#14088),#4226);
#14088 = PRESENTATION_STYLE_ASSIGNMENT((#14089,#14094));
#14089 = SURFACE_STYLE_USAGE(.BOTH.,#14090);
#14090 = SURFACE_SIDE_STYLE('',(#14091));
#14091 = SURFACE_STYLE_FILL_AREA(#14092);
#14092 = FILL_AREA_STYLE('',(#14093));
#14093 = FILL_AREA_STYLE_COLOUR('',#13805);
#14094 = CURVE_STYLE('',#14095,POSITIVE_LENGTH_MEASURE(0.1),#13805);
#14095 = DRAUGHTING_PRE_DEFINED_CURVE_FONT('continuous');
#14096 = STYLED_ITEM('color',(#14097),#4259);
#14097 = PRESENTATION_STYLE_ASSIGNMENT((#14098,#14103));
#14098 = SURFACE_STYLE_USAGE(.BOTH.,#14099);
#14099 = SURFACE_SIDE_STYLE('',(#14100));
#14100 = SURFACE_STYLE_FILL_AREA(#14101);
#14101 = FILL_AREA_STYLE('',(#14102));
#14102 = FILL_AREA_STYLE_COLOUR('',#13805);
#14103 = CURVE_STYLE('',#14104,POSITIVE_LENGTH_MEASURE(0.1),#13805);
#14104 = DRAUGHTING_PRE_DEFINED_CURVE_FONT('continuous');
#14105 = STYLED_ITEM('color',(#14106),#4299);
#14106 = PRESENTATION_STYLE_ASSIGNMENT((#14107,#14112));
#14107 = SURFACE_STYLE_USAGE(.BOTH.,#14108);
#14108 = SURFACE_SIDE_STYLE('',(#14109));
#14109 = SURFACE_STYLE_FILL_AREA(#14110);
#14110 = FILL_AREA_STYLE('',(#14111));
#14111 = FILL_AREA_STYLE_COLOUR('',#13805);
#14112 = CURVE_STYLE('',#14113,POSITIVE_LENGTH_MEASURE(0.1),#13805);
#14113 = DRAUGHTING_PRE_DEFINED_CURVE_FONT('continuous');
#14114 = STYLED_ITEM('color',(#14115),#4323);
#14115 = PRESENTATION_STYLE_ASSIGNMENT((#14116,#14121));
#14116 = SURFACE_STYLE_USAGE(.BOTH.,#14117);
#14117 = SURFACE_SIDE_STYLE('',(#14118));
#14118 = SURFACE_STYLE_FILL_AREA(#14119);
#14119 = FILL_AREA_STYLE('',(#14120));
#14120 = FILL_AREA_STYLE_COLOUR('',#13805);
#14121 = CURVE_STYLE('',#14122,POSITIVE_LENGTH_MEASURE(0.1),#13805);
#14122 = DRAUGHTING_PRE_DEFINED_CURVE_FONT('continuous');
#14123 = STYLED_ITEM('color',(#14124),#4356);
#14124 = PRESENTATION_STYLE_ASSIGNMENT((#14125,#14130));
#14125 = SURFACE_STYLE_USAGE(.BOTH.,#14126);
#14126 = SURFACE_SIDE_STYLE('',(#14127));
#14127 = SURFACE_STYLE_FILL_AREA(#14128);
#14128 = FILL_AREA_STYLE('',(#14129));
#14129 = FILL_AREA_STYLE_COLOUR('',#13805);
#14130 = CURVE_STYLE('',#14131,POSITIVE_LENGTH_MEASURE(0.1),#13805);
#14131 = DRAUGHTING_PRE_DEFINED_CURVE_FONT('continuous');
#14132 = STYLED_ITEM('color',(#14133),#4396);
#14133 = PRESENTATION_STYLE_ASSIGNMENT((#14134,#14139));
#14134 = SURFACE_STYLE_USAGE(.BOTH.,#14135);
#14135 = SURFACE_SIDE_STYLE('',(#14136));
#14136 = SURFACE_STYLE_FILL_AREA(#14137);
#14137 = FILL_AREA_STYLE('',(#14138));
#14138 = FILL_AREA_STYLE_COLOUR('',#13805);
#14139 = CURVE_STYLE('',#14140,POSITIVE_LENGTH_MEASURE(0.1),#13805);
#14140 = DRAUGHTING_PRE_DEFINED_CURVE_FONT('continuous');
#14141 = STYLED_ITEM('color',(#14142),#4420);
#14142 = PRESENTATION_STYLE_ASSIGNMENT((#14143,#14148));
#14143 = SURFACE_STYLE_USAGE(.BOTH.,#14144);
#14144 = SURFACE_SIDE_STYLE('',(#14145));
#14145 = SURFACE_STYLE_FILL_AREA(#14146);
#14146 = FILL_AREA_STYLE('',(#14147));
#14147 = FILL_AREA_STYLE_COLOUR('',#13805);
#14148 = CURVE_STYLE('',#14149,POSITIVE_LENGTH_MEASURE(0.1),#13805);
#14149 = DRAUGHTING_PRE_DEFINED_CURVE_FONT('continuous');
#14150 = STYLED_ITEM('color',(#14151),#4453);
#14151 = PRESENTATION_STYLE_ASSIGNMENT((#14152,#14157));
#14152 = SURFACE_STYLE_USAGE(.BOTH.,#14153);
#14153 = SURFACE_SIDE_STYLE('',(#14154));
#14154 = SURFACE_STYLE_FILL_AREA(#14155);
#14155 = FILL_AREA_STYLE('',(#14156));
#14156 = FILL_AREA_STYLE_COLOUR('',#13805);
#14157 = CURVE_STYLE('',#14158,POSITIVE_LENGTH_MEASURE(0.1),#13805);
#14158 = DRAUGHTING_PRE_DEFINED_CURVE_FONT('continuous');
#14159 = STYLED_ITEM('color',(#14160),#4493);
#14160 = PRESENTATION_STYLE_ASSIGNMENT((#14161,#14166));
#14161 = SURFACE_STYLE_USAGE(.BOTH.,#14162);
#14162 = SURFACE_SIDE_STYLE('',(#14163));
#14163 = SURFACE_STYLE_FILL_AREA(#14164);
#14164 = FILL_AREA_STYLE('',(#14165));
#14165 = FILL_AREA_STYLE_COLOUR('',#13805);
#14166 = CURVE_STYLE('',#14167,POSITIVE_LENGTH_MEASURE(0.1),#13805);
#14167 = DRAUGHTING_PRE_DEFINED_CURVE_FONT('continuous');
#14168 = STYLED_ITEM('color',(#14169),#4517);
#14169 = PRESENTATION_STYLE_ASSIGNMENT((#14170,#14175));
#14170 = SURFACE_STYLE_USAGE(.BOTH.,#14171);
#14171 = SURFACE_SIDE_STYLE('',(#14172));
#14172 = SURFACE_STYLE_FILL_AREA(#14173);
#14173 = FILL_AREA_STYLE('',(#14174));
#14174 = FILL_AREA_STYLE_COLOUR('',#13805);
#14175 = CURVE_STYLE('',#14176,POSITIVE_LENGTH_MEASURE(0.1),#13805);
#14176 = DRAUGHTING_PRE_DEFINED_CURVE_FONT('continuous');
#14177 = STYLED_ITEM('color',(#14178),#4550);
#14178 = PRESENTATION_STYLE_ASSIGNMENT((#14179,#14184));
#14179 = SURFACE_STYLE_USAGE(.BOTH.,#14180);
#14180 = SURFACE_SIDE_STYLE('',(#14181));
#14181 = SURFACE_STYLE_FILL_AREA(#14182);
#14182 = FILL_AREA_STYLE('',(#14183));
#14183 = FILL_AREA_STYLE_COLOUR('',#13805);
#14184 = CURVE_STYLE('',#14185,POSITIVE_LENGTH_MEASURE(0.1),#13805);
#14185 = DRAUGHTING_PRE_DEFINED_CURVE_FONT('continuous');
#14186 = STYLED_ITEM('color',(#14187),#4590);
#14187 = PRESENTATION_STYLE_ASSIGNMENT((#14188,#14193));
#14188 = SURFACE_STYLE_USAGE(.BOTH.,#14189);
#14189 = SURFACE_SIDE_STYLE('',(#14190));
#14190 = SURFACE_STYLE_FILL_AREA(#14191);
#14191 = FILL_AREA_STYLE('',(#14192));
#14192 = FILL_AREA_STYLE_COLOUR('',#13805);
#14193 = CURVE_STYLE('',#14194,POSITIVE_LENGTH_MEASURE(0.1),#13805);
#14194 = DRAUGHTING_PRE_DEFINED_CURVE_FONT('continuous');
#14195 = STYLED_ITEM('color',(#14196),#4614);
#14196 = PRESENTATION_STYLE_ASSIGNMENT((#14197,#14202));
#14197 = SURFACE_STYLE_USAGE(.BOTH.,#14198);
#14198 = SURFACE_SIDE_STYLE('',(#14199));
#14199 = SURFACE_STYLE_FILL_AREA(#14200);
#14200 = FILL_AREA_STYLE('',(#14201));
#14201 = FILL_AREA_STYLE_COLOUR('',#13805);
#14202 = CURVE_STYLE('',#14203,POSITIVE_LENGTH_MEASURE(0.1),#13805);
#14203 = DRAUGHTING_PRE_DEFINED_CURVE_FONT('continuous');
#14204 = STYLED_ITEM('color',(#14205),#4647);
#14205 = PRESENTATION_STYLE_ASSIGNMENT((#14206,#14211));
#14206 = SURFACE_STYLE_USAGE(.BOTH.,#14207);
#14207 = SURFACE_SIDE_STYLE('',(#14208));
#14208 = SURFACE_STYLE_FILL_AREA(#14209);
#14209 = FILL_AREA_STYLE('',(#14210));
#14210 = FILL_AREA_STYLE_COLOUR('',#13805);
#14211 = CURVE_STYLE('',#14212,POSITIVE_LENGTH_MEASURE(0.1),#13805);
#14212 = DRAUGHTING_PRE_DEFINED_CURVE_FONT('continuous');
#14213 = STYLED_ITEM('color',(#14214),#4687);
#14214 = PRESENTATION_STYLE_ASSIGNMENT((#14215,#14220));
#14215 = SURFACE_STYLE_USAGE(.BOTH.,#14216);
#14216 = SURFACE_SIDE_STYLE('',(#14217));
#14217 = SURFACE_STYLE_FILL_AREA(#14218);
#14218 = FILL_AREA_STYLE('',(#14219));
#14219 = FILL_AREA_STYLE_COLOUR('',#13805);
#14220 = CURVE_STYLE('',#14221,POSITIVE_LENGTH_MEASURE(0.1),#13805);
#14221 = DRAUGHTING_PRE_DEFINED_CURVE_FONT('continuous');
#14222 = STYLED_ITEM('color',(#14223),#4711);
#14223 = PRESENTATION_STYLE_ASSIGNMENT((#14224,#14229));
#14224 = SURFACE_STYLE_USAGE(.BOTH.,#14225);
#14225 = SURFACE_SIDE_STYLE('',(#14226));
#14226 = SURFACE_STYLE_FILL_AREA(#14227);
#14227 = FILL_AREA_STYLE('',(#14228));
#14228 = FILL_AREA_STYLE_COLOUR('',#13805);
#14229 = CURVE_STYLE('',#14230,POSITIVE_LENGTH_MEASURE(0.1),#13805);
#14230 = DRAUGHTING_PRE_DEFINED_CURVE_FONT('continuous');
#14231 = STYLED_ITEM('color',(#14232),#4744);
#14232 = PRESENTATION_STYLE_ASSIGNMENT((#14233,#14238));
#14233 = SURFACE_STYLE_USAGE(.BOTH.,#14234);
#14234 = SURFACE_SIDE_STYLE('',(#14235));
#14235 = SURFACE_STYLE_FILL_AREA(#14236);
#14236 = FILL_AREA_STYLE('',(#14237));
#14237 = FILL_AREA_STYLE_COLOUR('',#13805);
#14238 = CURVE_STYLE('',#14239,POSITIVE_LENGTH_MEASURE(0.1),#13805);
#14239 = DRAUGHTING_PRE_DEFINED_CURVE_FONT('continuous');
#14240 = STYLED_ITEM('color',(#14241),#4784);
#14241 = PRESENTATION_STYLE_ASSIGNMENT((#14242,#14247));
#14242 = SURFACE_STYLE_USAGE(.BOTH.,#14243);
#14243 = SURFACE_SIDE_STYLE('',(#14244));
#14244 = SURFACE_STYLE_FILL_AREA(#14245);
#14245 = FILL_AREA_STYLE('',(#14246));
#14246 = FILL_AREA_STYLE_COLOUR('',#13805);
#14247 = CURVE_STYLE('',#14248,POSITIVE_LENGTH_MEASURE(0.1),#13805);
#14248 = DRAUGHTING_PRE_DEFINED_CURVE_FONT('continuous');
#14249 = STYLED_ITEM('color',(#14250),#4808);
#14250 = PRESENTATION_STYLE_ASSIGNMENT((#14251,#14256));
#14251 = SURFACE_STYLE_USAGE(.BOTH.,#14252);
#14252 = SURFACE_SIDE_STYLE('',(#14253));
#14253 = SURFACE_STYLE_FILL_AREA(#14254);
#14254 = FILL_AREA_STYLE('',(#14255));
#14255 = FILL_AREA_STYLE_COLOUR('',#13805);
#14256 = CURVE_STYLE('',#14257,POSITIVE_LENGTH_MEASURE(0.1),#13805);
#14257 = DRAUGHTING_PRE_DEFINED_CURVE_FONT('continuous');
#14258 = STYLED_ITEM('color',(#14259),#4841);
#14259 = PRESENTATION_STYLE_ASSIGNMENT((#14260,#14265));
#14260 = SURFACE_STYLE_USAGE(.BOTH.,#14261);
#14261 = SURFACE_SIDE_STYLE('',(#14262));
#14262 = SURFACE_STYLE_FILL_AREA(#14263);
#14263 = FILL_AREA_STYLE('',(#14264));
#14264 = FILL_AREA_STYLE_COLOUR('',#13805);
#14265 = CURVE_STYLE('',#14266,POSITIVE_LENGTH_MEASURE(0.1),#13805);
#14266 = DRAUGHTING_PRE_DEFINED_CURVE_FONT('continuous');
#14267 = STYLED_ITEM('color',(#14268),#4881);
#14268 = PRESENTATION_STYLE_ASSIGNMENT((#14269,#14274));
#14269 = SURFACE_STYLE_USAGE(.BOTH.,#14270);
#14270 = SURFACE_SIDE_STYLE('',(#14271));
#14271 = SURFACE_STYLE_FILL_AREA(#14272);
#14272 = FILL_AREA_STYLE('',(#14273));
#14273 = FILL_AREA_STYLE_COLOUR('',#13805);
#14274 = CURVE_STYLE('',#14275,POSITIVE_LENGTH_MEASURE(0.1),#13805);
#14275 = DRAUGHTING_PRE_DEFINED_CURVE_FONT('continuous');
#14276 = STYLED_ITEM('color',(#14277),#4905);
#14277 = PRESENTATION_STYLE_ASSIGNMENT((#14278,#14283));
#14278 = SURFACE_STYLE_USAGE(.BOTH.,#14279);
#14279 = SURFACE_SIDE_STYLE('',(#14280));
#14280 = SURFACE_STYLE_FILL_AREA(#14281);
#14281 = FILL_AREA_STYLE('',(#14282));
#14282 = FILL_AREA_STYLE_COLOUR('',#13805);
#14283 = CURVE_STYLE('',#14284,POSITIVE_LENGTH_MEASURE(0.1),#13805);
#14284 = DRAUGHTING_PRE_DEFINED_CURVE_FONT('continuous');
#14285 = STYLED_ITEM('color',(#14286),#4938);
#14286 = PRESENTATION_STYLE_ASSIGNMENT((#14287,#14292));
#14287 = SURFACE_STYLE_USAGE(.BOTH.,#14288);
#14288 = SURFACE_SIDE_STYLE('',(#14289));
#14289 = SURFACE_STYLE_FILL_AREA(#14290);
#14290 = FILL_AREA_STYLE('',(#14291));
#14291 = FILL_AREA_STYLE_COLOUR('',#13805);
#14292 = CURVE_STYLE('',#14293,POSITIVE_LENGTH_MEASURE(0.1),#13805);
#14293 = DRAUGHTING_PRE_DEFINED_CURVE_FONT('continuous');
#14294 = STYLED_ITEM('color',(#14295),#4978);
#14295 = PRESENTATION_STYLE_ASSIGNMENT((#14296,#14301));
#14296 = SURFACE_STYLE_USAGE(.BOTH.,#14297);
#14297 = SURFACE_SIDE_STYLE('',(#14298));
#14298 = SURFACE_STYLE_FILL_AREA(#14299);
#14299 = FILL_AREA_STYLE('',(#14300));
#14300 = FILL_AREA_STYLE_COLOUR('',#13805);
#14301 = CURVE_STYLE('',#14302,POSITIVE_LENGTH_MEASURE(0.1),#13805);
#14302 = DRAUGHTING_PRE_DEFINED_CURVE_FONT('continuous');
#14303 = STYLED_ITEM('color',(#14304),#5002);
#14304 = PRESENTATION_STYLE_ASSIGNMENT((#14305,#14310));
#14305 = SURFACE_STYLE_USAGE(.BOTH.,#14306);
#14306 = SURFACE_SIDE_STYLE('',(#14307));
#14307 = SURFACE_STYLE_FILL_AREA(#14308);
#14308 = FILL_AREA_STYLE('',(#14309));
#14309 = FILL_AREA_STYLE_COLOUR('',#13805);
#14310 = CURVE_STYLE('',#14311,POSITIVE_LENGTH_MEASURE(0.1),#13805);
#14311 = DRAUGHTING_PRE_DEFINED_CURVE_FONT('continuous');
#14312 = STYLED_ITEM('color',(#14313),#5035);
#14313 = PRESENTATION_STYLE_ASSIGNMENT((#14314,#14319));
#14314 = SURFACE_STYLE_USAGE(.BOTH.,#14315);
#14315 = SURFACE_SIDE_STYLE('',(#14316));
#14316 = SURFACE_STYLE_FILL_AREA(#14317);
#14317 = FILL_AREA_STYLE('',(#14318));
#14318 = FILL_AREA_STYLE_COLOUR('',#13805);
#14319 = CURVE_STYLE('',#14320,POSITIVE_LENGTH_MEASURE(0.1),#13805);
#14320 = DRAUGHTING_PRE_DEFINED_CURVE_FONT('continuous');
#14321 = STYLED_ITEM('color',(#14322),#5075);
#14322 = PRESENTATION_STYLE_ASSIGNMENT((#14323,#14328));
#14323 = SURFACE_STYLE_USAGE(.BOTH.,#14324);
#14324 = SURFACE_SIDE_STYLE('',(#14325));
#14325 = SURFACE_STYLE_FILL_AREA(#14326);
#14326 = FILL_AREA_STYLE('',(#14327));
#14327 = FILL_AREA_STYLE_COLOUR('',#13805);
#14328 = CURVE_STYLE('',#14329,POSITIVE_LENGTH_MEASURE(0.1),#13805);
#14329 = DRAUGHTING_PRE_DEFINED_CURVE_FONT('continuous');
#14330 = STYLED_ITEM('color',(#14331),#5099);
#14331 = PRESENTATION_STYLE_ASSIGNMENT((#14332,#14337));
#14332 = SURFACE_STYLE_USAGE(.BOTH.,#14333);
#14333 = SURFACE_SIDE_STYLE('',(#14334));
#14334 = SURFACE_STYLE_FILL_AREA(#14335);
#14335 = FILL_AREA_STYLE('',(#14336));
#14336 = FILL_AREA_STYLE_COLOUR('',#13805);
#14337 = CURVE_STYLE('',#14338,POSITIVE_LENGTH_MEASURE(0.1),#13805);
#14338 = DRAUGHTING_PRE_DEFINED_CURVE_FONT('continuous');
#14339 = STYLED_ITEM('color',(#14340),#5132);
#14340 = PRESENTATION_STYLE_ASSIGNMENT((#14341,#14346));
#14341 = SURFACE_STYLE_USAGE(.BOTH.,#14342);
#14342 = SURFACE_SIDE_STYLE('',(#14343));
#14343 = SURFACE_STYLE_FILL_AREA(#14344);
#14344 = FILL_AREA_STYLE('',(#14345));
#14345 = FILL_AREA_STYLE_COLOUR('',#13805);
#14346 = CURVE_STYLE('',#14347,POSITIVE_LENGTH_MEASURE(0.1),#13805);
#14347 = DRAUGHTING_PRE_DEFINED_CURVE_FONT('continuous');
#14348 = STYLED_ITEM('color',(#14349),#5149);
#14349 = PRESENTATION_STYLE_ASSIGNMENT((#14350,#14355));
#14350 = SURFACE_STYLE_USAGE(.BOTH.,#14351);
#14351 = SURFACE_SIDE_STYLE('',(#14352));
#14352 = SURFACE_STYLE_FILL_AREA(#14353);
#14353 = FILL_AREA_STYLE('',(#14354));
#14354 = FILL_AREA_STYLE_COLOUR('',#13805);
#14355 = CURVE_STYLE('',#14356,POSITIVE_LENGTH_MEASURE(0.1),#13805);
#14356 = DRAUGHTING_PRE_DEFINED_CURVE_FONT('continuous');
#14357 = STYLED_ITEM('color',(#14358),#5166);
#14358 = PRESENTATION_STYLE_ASSIGNMENT((#14359,#14364));
#14359 = SURFACE_STYLE_USAGE(.BOTH.,#14360);
#14360 = SURFACE_SIDE_STYLE('',(#14361));
#14361 = SURFACE_STYLE_FILL_AREA(#14362);
#14362 = FILL_AREA_STYLE('',(#14363));
#14363 = FILL_AREA_STYLE_COLOUR('',#13805);
#14364 = CURVE_STYLE('',#14365,POSITIVE_LENGTH_MEASURE(0.1),#13805);
#14365 = DRAUGHTING_PRE_DEFINED_CURVE_FONT('continuous');
#14366 = STYLED_ITEM('color',(#14367),#5183);
#14367 = PRESENTATION_STYLE_ASSIGNMENT((#14368,#14373));
#14368 = SURFACE_STYLE_USAGE(.BOTH.,#14369);
#14369 = SURFACE_SIDE_STYLE('',(#14370));
#14370 = SURFACE_STYLE_FILL_AREA(#14371);
#14371 = FILL_AREA_STYLE('',(#14372));
#14372 = FILL_AREA_STYLE_COLOUR('',#13805);
#14373 = CURVE_STYLE('',#14374,POSITIVE_LENGTH_MEASURE(0.1),#13805);
#14374 = DRAUGHTING_PRE_DEFINED_CURVE_FONT('continuous');
#14375 = STYLED_ITEM('color',(#14376),#5200);
#14376 = PRESENTATION_STYLE_ASSIGNMENT((#14377,#14382));
#14377 = SURFACE_STYLE_USAGE(.BOTH.,#14378);
#14378 = SURFACE_SIDE_STYLE('',(#14379));
#14379 = SURFACE_STYLE_FILL_AREA(#14380);
#14380 = FILL_AREA_STYLE('',(#14381));
#14381 = FILL_AREA_STYLE_COLOUR('',#13805);
#14382 = CURVE_STYLE('',#14383,POSITIVE_LENGTH_MEASURE(0.1),#13805);
#14383 = DRAUGHTING_PRE_DEFINED_CURVE_FONT('continuous');
#14384 = STYLED_ITEM('color',(#14385),#5217);
#14385 = PRESENTATION_STYLE_ASSIGNMENT((#14386,#14391));
#14386 = SURFACE_STYLE_USAGE(.BOTH.,#14387);
#14387 = SURFACE_SIDE_STYLE('',(#14388));
#14388 = SURFACE_STYLE_FILL_AREA(#14389);
#14389 = FILL_AREA_STYLE('',(#14390));
#14390 = FILL_AREA_STYLE_COLOUR('',#13805);
#14391 = CURVE_STYLE('',#14392,POSITIVE_LENGTH_MEASURE(0.1),#13805);
#14392 = DRAUGHTING_PRE_DEFINED_CURVE_FONT('continuous');
#14393 = STYLED_ITEM('color',(#14394),#5234);
#14394 = PRESENTATION_STYLE_ASSIGNMENT((#14395,#14400));
#14395 = SURFACE_STYLE_USAGE(.BOTH.,#14396);
#14396 = SURFACE_SIDE_STYLE('',(#14397));
#14397 = SURFACE_STYLE_FILL_AREA(#14398);
#14398 = FILL_AREA_STYLE('',(#14399));
#14399 = FILL_AREA_STYLE_COLOUR('',#13805);
#14400 = CURVE_STYLE('',#14401,POSITIVE_LENGTH_MEASURE(0.1),#13805);
#14401 = DRAUGHTING_PRE_DEFINED_CURVE_FONT('continuous');
#14402 = STYLED_ITEM('color',(#14403),#5251);
#14403 = PRESENTATION_STYLE_ASSIGNMENT((#14404,#14409));
#14404 = SURFACE_STYLE_USAGE(.BOTH.,#14405);
#14405 = SURFACE_SIDE_STYLE('',(#14406));
#14406 = SURFACE_STYLE_FILL_AREA(#14407);
#14407 = FILL_AREA_STYLE('',(#14408));
#14408 = FILL_AREA_STYLE_COLOUR('',#13805);
#14409 = CURVE_STYLE('',#14410,POSITIVE_LENGTH_MEASURE(0.1),#13805);
#14410 = DRAUGHTING_PRE_DEFINED_CURVE_FONT('continuous');
#14411 = STYLED_ITEM('color',(#14412),#5268);
#14412 = PRESENTATION_STYLE_ASSIGNMENT((#14413,#14418));
#14413 = SURFACE_STYLE_USAGE(.BOTH.,#14414);
#14414 = SURFACE_SIDE_STYLE('',(#14415));
#14415 = SURFACE_STYLE_FILL_AREA(#14416);
#14416 = FILL_AREA_STYLE('',(#14417));
#14417 = FILL_AREA_STYLE_COLOUR('',#13805);
#14418 = CURVE_STYLE('',#14419,POSITIVE_LENGTH_MEASURE(0.1),#13805);
#14419 = DRAUGHTING_PRE_DEFINED_CURVE_FONT('continuous');
#14420 = STYLED_ITEM('color',(#14421),#5285);
#14421 = PRESENTATION_STYLE_ASSIGNMENT((#14422,#14427));
#14422 = SURFACE_STYLE_USAGE(.BOTH.,#14423);
#14423 = SURFACE_SIDE_STYLE('',(#14424));
#14424 = SURFACE_STYLE_FILL_AREA(#14425);
#14425 = FILL_AREA_STYLE('',(#14426));
#14426 = FILL_AREA_STYLE_COLOUR('',#13805);
#14427 = CURVE_STYLE('',#14428,POSITIVE_LENGTH_MEASURE(0.1),#13805);
#14428 = DRAUGHTING_PRE_DEFINED_CURVE_FONT('continuous');
#14429 = STYLED_ITEM('color',(#14430),#5302);
#14430 = PRESENTATION_STYLE_ASSIGNMENT((#14431,#14436));
#14431 = SURFACE_STYLE_USAGE(.BOTH.,#14432);
#14432 = SURFACE_SIDE_STYLE('',(#14433));
#14433 = SURFACE_STYLE_FILL_AREA(#14434);
#14434 = FILL_AREA_STYLE('',(#14435));
#14435 = FILL_AREA_STYLE_COLOUR('',#13805);
#14436 = CURVE_STYLE('',#14437,POSITIVE_LENGTH_MEASURE(0.1),#13805);
#14437 = DRAUGHTING_PRE_DEFINED_CURVE_FONT('continuous');
#14438 = STYLED_ITEM('color',(#14439),#5319);
#14439 = PRESENTATION_STYLE_ASSIGNMENT((#14440,#14445));
#14440 = SURFACE_STYLE_USAGE(.BOTH.,#14441);
#14441 = SURFACE_SIDE_STYLE('',(#14442));
#14442 = SURFACE_STYLE_FILL_AREA(#14443);
#14443 = FILL_AREA_STYLE('',(#14444));
#14444 = FILL_AREA_STYLE_COLOUR('',#13805);
#14445 = CURVE_STYLE('',#14446,POSITIVE_LENGTH_MEASURE(0.1),#13805);
#14446 = DRAUGHTING_PRE_DEFINED_CURVE_FONT('continuous');
#14447 = STYLED_ITEM('color',(#14448),#5336);
#14448 = PRESENTATION_STYLE_ASSIGNMENT((#14449,#14454));
#14449 = SURFACE_STYLE_USAGE(.BOTH.,#14450);
#14450 = SURFACE_SIDE_STYLE('',(#14451));
#14451 = SURFACE_STYLE_FILL_AREA(#14452);
#14452 = FILL_AREA_STYLE('',(#14453));
#14453 = FILL_AREA_STYLE_COLOUR('',#13805);
#14454 = CURVE_STYLE('',#14455,POSITIVE_LENGTH_MEASURE(0.1),#13805);
#14455 = DRAUGHTING_PRE_DEFINED_CURVE_FONT('continuous');
#14456 = STYLED_ITEM('color',(#14457),#5353);
#14457 = PRESENTATION_STYLE_ASSIGNMENT((#14458,#14463));
#14458 = SURFACE_STYLE_USAGE(.BOTH.,#14459);
#14459 = SURFACE_SIDE_STYLE('',(#14460));
#14460 = SURFACE_STYLE_FILL_AREA(#14461);
#14461 = FILL_AREA_STYLE('',(#14462));
#14462 = FILL_AREA_STYLE_COLOUR('',#13805);
#14463 = CURVE_STYLE('',#14464,POSITIVE_LENGTH_MEASURE(0.1),#13805);
#14464 = DRAUGHTING_PRE_DEFINED_CURVE_FONT('continuous');
#14465 = STYLED_ITEM('color',(#14466),#5370);
#14466 = PRESENTATION_STYLE_ASSIGNMENT((#14467,#14472));
#14467 = SURFACE_STYLE_USAGE(.BOTH.,#14468);
#14468 = SURFACE_SIDE_STYLE('',(#14469));
#14469 = SURFACE_STYLE_FILL_AREA(#14470);
#14470 = FILL_AREA_STYLE('',(#14471));
#14471 = FILL_AREA_STYLE_COLOUR('',#13805);
#14472 = CURVE_STYLE('',#14473,POSITIVE_LENGTH_MEASURE(0.1),#13805);
#14473 = DRAUGHTING_PRE_DEFINED_CURVE_FONT('continuous');
#14474 = STYLED_ITEM('color',(#14475),#5387);
#14475 = PRESENTATION_STYLE_ASSIGNMENT((#14476,#14481));
#14476 = SURFACE_STYLE_USAGE(.BOTH.,#14477);
#14477 = SURFACE_SIDE_STYLE('',(#14478));
#14478 = SURFACE_STYLE_FILL_AREA(#14479);
#14479 = FILL_AREA_STYLE('',(#14480));
#14480 = FILL_AREA_STYLE_COLOUR('',#13805);
#14481 = CURVE_STYLE('',#14482,POSITIVE_LENGTH_MEASURE(0.1),#13805);
#14482 = DRAUGHTING_PRE_DEFINED_CURVE_FONT('continuous');
#14483 = STYLED_ITEM('color',(#14484),#5404);
#14484 = PRESENTATION_STYLE_ASSIGNMENT((#14485,#14490));
#14485 = SURFACE_STYLE_USAGE(.BOTH.,#14486);
#14486 = SURFACE_SIDE_STYLE('',(#14487));
#14487 = SURFACE_STYLE_FILL_AREA(#14488);
#14488 = FILL_AREA_STYLE('',(#14489));
#14489 = FILL_AREA_STYLE_COLOUR('',#13805);
#14490 = CURVE_STYLE('',#14491,POSITIVE_LENGTH_MEASURE(0.1),#13805);
#14491 = DRAUGHTING_PRE_DEFINED_CURVE_FONT('continuous');
#14492 = STYLED_ITEM('color',(#14493),#5421);
#14493 = PRESENTATION_STYLE_ASSIGNMENT((#14494,#14499));
#14494 = SURFACE_STYLE_USAGE(.BOTH.,#14495);
#14495 = SURFACE_SIDE_STYLE('',(#14496));
#14496 = SURFACE_STYLE_FILL_AREA(#14497);
#14497 = FILL_AREA_STYLE('',(#14498));
#14498 = FILL_AREA_STYLE_COLOUR('',#13805);
#14499 = CURVE_STYLE('',#14500,POSITIVE_LENGTH_MEASURE(0.1),#13805);
#14500 = DRAUGHTING_PRE_DEFINED_CURVE_FONT('continuous');
#14501 = STYLED_ITEM('color',(#14502),#5438);
#14502 = PRESENTATION_STYLE_ASSIGNMENT((#14503,#14508));
#14503 = SURFACE_STYLE_USAGE(.BOTH.,#14504);
#14504 = SURFACE_SIDE_STYLE('',(#14505));
#14505 = SURFACE_STYLE_FILL_AREA(#14506);
#14506 = FILL_AREA_STYLE('',(#14507));
#14507 = FILL_AREA_STYLE_COLOUR('',#13805);
#14508 = CURVE_STYLE('',#14509,POSITIVE_LENGTH_MEASURE(0.1),#13805);
#14509 = DRAUGHTING_PRE_DEFINED_CURVE_FONT('continuous');
#14510 = STYLED_ITEM('color',(#14511),#5455);
#14511 = PRESENTATION_STYLE_ASSIGNMENT((#14512,#14517));
#14512 = SURFACE_STYLE_USAGE(.BOTH.,#14513);
#14513 = SURFACE_SIDE_STYLE('',(#14514));
#14514 = SURFACE_STYLE_FILL_AREA(#14515);
#14515 = FILL_AREA_STYLE('',(#14516));
#14516 = FILL_AREA_STYLE_COLOUR('',#13805);
#14517 = CURVE_STYLE('',#14518,POSITIVE_LENGTH_MEASURE(0.1),#13805);
#14518 = DRAUGHTING_PRE_DEFINED_CURVE_FONT('continuous');
#14519 = STYLED_ITEM('color',(#14520),#5472);
#14520 = PRESENTATION_STYLE_ASSIGNMENT((#14521,#14526));
#14521 = SURFACE_STYLE_USAGE(.BOTH.,#14522);
#14522 = SURFACE_SIDE_STYLE('',(#14523));
#14523 = SURFACE_STYLE_FILL_AREA(#14524);
#14524 = FILL_AREA_STYLE('',(#14525));
#14525 = FILL_AREA_STYLE_COLOUR('',#13805);
#14526 = CURVE_STYLE('',#14527,POSITIVE_LENGTH_MEASURE(0.1),#13805);
#14527 = DRAUGHTING_PRE_DEFINED_CURVE_FONT('continuous');
#14528 = STYLED_ITEM('color',(#14529),#5503);
#14529 = PRESENTATION_STYLE_ASSIGNMENT((#14530,#14535));
#14530 = SURFACE_STYLE_USAGE(.BOTH.,#14531);
#14531 = SURFACE_SIDE_STYLE('',(#14532));
#14532 = SURFACE_STYLE_FILL_AREA(#14533);
#14533 = FILL_AREA_STYLE('',(#14534));
#14534 = FILL_AREA_STYLE_COLOUR('',#13805);
#14535 = CURVE_STYLE('',#14536,POSITIVE_LENGTH_MEASURE(0.1),#13805);
#14536 = DRAUGHTING_PRE_DEFINED_CURVE_FONT('continuous');
#14537 = STYLED_ITEM('color',(#14538),#5527);
#14538 = PRESENTATION_STYLE_ASSIGNMENT((#14539,#14544));
#14539 = SURFACE_STYLE_USAGE(.BOTH.,#14540);
#14540 = SURFACE_SIDE_STYLE('',(#14541));
#14541 = SURFACE_STYLE_FILL_AREA(#14542);
#14542 = FILL_AREA_STYLE('',(#14543));
#14543 = FILL_AREA_STYLE_COLOUR('',#13805);
#14544 = CURVE_STYLE('',#14545,POSITIVE_LENGTH_MEASURE(0.1),#13805);
#14545 = DRAUGHTING_PRE_DEFINED_CURVE_FONT('continuous');
#14546 = STYLED_ITEM('color',(#14547),#5551);
#14547 = PRESENTATION_STYLE_ASSIGNMENT((#14548,#14553));
#14548 = SURFACE_STYLE_USAGE(.BOTH.,#14549);
#14549 = SURFACE_SIDE_STYLE('',(#14550));
#14550 = SURFACE_STYLE_FILL_AREA(#14551);
#14551 = FILL_AREA_STYLE('',(#14552));
#14552 = FILL_AREA_STYLE_COLOUR('',#13805);
#14553 = CURVE_STYLE('',#14554,POSITIVE_LENGTH_MEASURE(0.1),#13805);
#14554 = DRAUGHTING_PRE_DEFINED_CURVE_FONT('continuous');
#14555 = STYLED_ITEM('color',(#14556),#5575);
#14556 = PRESENTATION_STYLE_ASSIGNMENT((#14557,#14562));
#14557 = SURFACE_STYLE_USAGE(.BOTH.,#14558);
#14558 = SURFACE_SIDE_STYLE('',(#14559));
#14559 = SURFACE_STYLE_FILL_AREA(#14560);
#14560 = FILL_AREA_STYLE('',(#14561));
#14561 = FILL_AREA_STYLE_COLOUR('',#13805);
#14562 = CURVE_STYLE('',#14563,POSITIVE_LENGTH_MEASURE(0.1),#13805);
#14563 = DRAUGHTING_PRE_DEFINED_CURVE_FONT('continuous');
#14564 = STYLED_ITEM('color',(#14565),#5592);
#14565 = PRESENTATION_STYLE_ASSIGNMENT((#14566,#14571));
#14566 = SURFACE_STYLE_USAGE(.BOTH.,#14567);
#14567 = SURFACE_SIDE_STYLE('',(#14568));
#14568 = SURFACE_STYLE_FILL_AREA(#14569);
#14569 = FILL_AREA_STYLE('',(#14570));
#14570 = FILL_AREA_STYLE_COLOUR('',#13805);
#14571 = CURVE_STYLE('',#14572,POSITIVE_LENGTH_MEASURE(0.1),#13805);
#14572 = DRAUGHTING_PRE_DEFINED_CURVE_FONT('continuous');
#14573 = STYLED_ITEM('color',(#14574),#5609);
#14574 = PRESENTATION_STYLE_ASSIGNMENT((#14575,#14580));
#14575 = SURFACE_STYLE_USAGE(.BOTH.,#14576);
#14576 = SURFACE_SIDE_STYLE('',(#14577));
#14577 = SURFACE_STYLE_FILL_AREA(#14578);
#14578 = FILL_AREA_STYLE('',(#14579));
#14579 = FILL_AREA_STYLE_COLOUR('',#13805);
#14580 = CURVE_STYLE('',#14581,POSITIVE_LENGTH_MEASURE(0.1),#13805);
#14581 = DRAUGHTING_PRE_DEFINED_CURVE_FONT('continuous');
#14582 = STYLED_ITEM('color',(#14583),#5621);
#14583 = PRESENTATION_STYLE_ASSIGNMENT((#14584,#14589));
#14584 = SURFACE_STYLE_USAGE(.BOTH.,#14585);
#14585 = SURFACE_SIDE_STYLE('',(#14586));
#14586 = SURFACE_STYLE_FILL_AREA(#14587);
#14587 = FILL_AREA_STYLE('',(#14588));
#14588 = FILL_AREA_STYLE_COLOUR('',#13805);
#14589 = CURVE_STYLE('',#14590,POSITIVE_LENGTH_MEASURE(0.1),#13805);
#14590 = DRAUGHTING_PRE_DEFINED_CURVE_FONT('continuous');
#14591 = STYLED_ITEM('color',(#14592),#5638);
#14592 = PRESENTATION_STYLE_ASSIGNMENT((#14593,#14598));
#14593 = SURFACE_STYLE_USAGE(.BOTH.,#14594);
#14594 = SURFACE_SIDE_STYLE('',(#14595));
#14595 = SURFACE_STYLE_FILL_AREA(#14596);
#14596 = FILL_AREA_STYLE('',(#14597));
#14597 = FILL_AREA_STYLE_COLOUR('',#13805);
#14598 = CURVE_STYLE('',#14599,POSITIVE_LENGTH_MEASURE(0.1),#13805);
#14599 = DRAUGHTING_PRE_DEFINED_CURVE_FONT('continuous');
#14600 = STYLED_ITEM('color',(#14601),#5650);
#14601 = PRESENTATION_STYLE_ASSIGNMENT((#14602,#14607));
#14602 = SURFACE_STYLE_USAGE(.BOTH.,#14603);
#14603 = SURFACE_SIDE_STYLE('',(#14604));
#14604 = SURFACE_STYLE_FILL_AREA(#14605);
#14605 = FILL_AREA_STYLE('',(#14606));
#14606 = FILL_AREA_STYLE_COLOUR('',#13805);
#14607 = CURVE_STYLE('',#14608,POSITIVE_LENGTH_MEASURE(0.1),#13805);
#14608 = DRAUGHTING_PRE_DEFINED_CURVE_FONT('continuous');
#14609 = STYLED_ITEM('color',(#14610),#5667);
#14610 = PRESENTATION_STYLE_ASSIGNMENT((#14611,#14616));
#14611 = SURFACE_STYLE_USAGE(.BOTH.,#14612);
#14612 = SURFACE_SIDE_STYLE('',(#14613));
#14613 = SURFACE_STYLE_FILL_AREA(#14614);
#14614 = FILL_AREA_STYLE('',(#14615));
#14615 = FILL_AREA_STYLE_COLOUR('',#13805);
#14616 = CURVE_STYLE('',#14617,POSITIVE_LENGTH_MEASURE(0.1),#13805);
#14617 = DRAUGHTING_PRE_DEFINED_CURVE_FONT('continuous');
#14618 = STYLED_ITEM('color',(#14619),#5679);
#14619 = PRESENTATION_STYLE_ASSIGNMENT((#14620,#14625));
#14620 = SURFACE_STYLE_USAGE(.BOTH.,#14621);
#14621 = SURFACE_SIDE_STYLE('',(#14622));
#14622 = SURFACE_STYLE_FILL_AREA(#14623);
#14623 = FILL_AREA_STYLE('',(#14624));
#14624 = FILL_AREA_STYLE_COLOUR('',#13805);
#14625 = CURVE_STYLE('',#14626,POSITIVE_LENGTH_MEASURE(0.1),#13805);
#14626 = DRAUGHTING_PRE_DEFINED_CURVE_FONT('continuous');
#14627 = STYLED_ITEM('color',(#14628),#5696);
#14628 = PRESENTATION_STYLE_ASSIGNMENT((#14629,#14634));
#14629 = SURFACE_STYLE_USAGE(.BOTH.,#14630);
#14630 = SURFACE_SIDE_STYLE('',(#14631));
#14631 = SURFACE_STYLE_FILL_AREA(#14632);
#14632 = FILL_AREA_STYLE('',(#14633));
#14633 = FILL_AREA_STYLE_COLOUR('',#13805);
#14634 = CURVE_STYLE('',#14635,POSITIVE_LENGTH_MEASURE(0.1),#13805);
#14635 = DRAUGHTING_PRE_DEFINED_CURVE_FONT('continuous');
#14636 = STYLED_ITEM('color',(#14637),#5708);
#14637 = PRESENTATION_STYLE_ASSIGNMENT((#14638,#14643));
#14638 = SURFACE_STYLE_USAGE(.BOTH.,#14639);
#14639 = SURFACE_SIDE_STYLE('',(#14640));
#14640 = SURFACE_STYLE_FILL_AREA(#14641);
#14641 = FILL_AREA_STYLE('',(#14642));
#14642 = FILL_AREA_STYLE_COLOUR('',#13805);
#14643 = CURVE_STYLE('',#14644,POSITIVE_LENGTH_MEASURE(0.1),#13805);
#14644 = DRAUGHTING_PRE_DEFINED_CURVE_FONT('continuous');
#14645 = STYLED_ITEM('color',(#14646),#5725);
#14646 = PRESENTATION_STYLE_ASSIGNMENT((#14647,#14652));
#14647 = SURFACE_STYLE_USAGE(.BOTH.,#14648);
#14648 = SURFACE_SIDE_STYLE('',(#14649));
#14649 = SURFACE_STYLE_FILL_AREA(#14650);
#14650 = FILL_AREA_STYLE('',(#14651));
#14651 = FILL_AREA_STYLE_COLOUR('',#13805);
#14652 = CURVE_STYLE('',#14653,POSITIVE_LENGTH_MEASURE(0.1),#13805);
#14653 = DRAUGHTING_PRE_DEFINED_CURVE_FONT('continuous');
#14654 = STYLED_ITEM('color',(#14655),#5737);
#14655 = PRESENTATION_STYLE_ASSIGNMENT((#14656,#14661));
#14656 = SURFACE_STYLE_USAGE(.BOTH.,#14657);
#14657 = SURFACE_SIDE_STYLE('',(#14658));
#14658 = SURFACE_STYLE_FILL_AREA(#14659);
#14659 = FILL_AREA_STYLE('',(#14660));
#14660 = FILL_AREA_STYLE_COLOUR('',#13805);
#14661 = CURVE_STYLE('',#14662,POSITIVE_LENGTH_MEASURE(0.1),#13805);
#14662 = DRAUGHTING_PRE_DEFINED_CURVE_FONT('continuous');
#14663 = STYLED_ITEM('color',(#14664),#5754);
#14664 = PRESENTATION_STYLE_ASSIGNMENT((#14665,#14670));
#14665 = SURFACE_STYLE_USAGE(.BOTH.,#14666);
#14666 = SURFACE_SIDE_STYLE('',(#14667));
#14667 = SURFACE_STYLE_FILL_AREA(#14668);
#14668 = FILL_AREA_STYLE('',(#14669));
#14669 = FILL_AREA_STYLE_COLOUR('',#13805);
#14670 = CURVE_STYLE('',#14671,POSITIVE_LENGTH_MEASURE(0.1),#13805);
#14671 = DRAUGHTING_PRE_DEFINED_CURVE_FONT('continuous');
#14672 = STYLED_ITEM('color',(#14673),#5766);
#14673 = PRESENTATION_STYLE_ASSIGNMENT((#14674,#14679));
#14674 = SURFACE_STYLE_USAGE(.BOTH.,#14675);
#14675 = SURFACE_SIDE_STYLE('',(#14676));
#14676 = SURFACE_STYLE_FILL_AREA(#14677);
#14677 = FILL_AREA_STYLE('',(#14678));
#14678 = FILL_AREA_STYLE_COLOUR('',#13805);
#14679 = CURVE_STYLE('',#14680,POSITIVE_LENGTH_MEASURE(0.1),#13805);
#14680 = DRAUGHTING_PRE_DEFINED_CURVE_FONT('continuous');
#14681 = STYLED_ITEM('color',(#14682),#5783);
#14682 = PRESENTATION_STYLE_ASSIGNMENT((#14683,#14688));
#14683 = SURFACE_STYLE_USAGE(.BOTH.,#14684);
#14684 = SURFACE_SIDE_STYLE('',(#14685));
#14685 = SURFACE_STYLE_FILL_AREA(#14686);
#14686 = FILL_AREA_STYLE('',(#14687));
#14687 = FILL_AREA_STYLE_COLOUR('',#13805);
#14688 = CURVE_STYLE('',#14689,POSITIVE_LENGTH_MEASURE(0.1),#13805);
#14689 = DRAUGHTING_PRE_DEFINED_CURVE_FONT('continuous');
#14690 = STYLED_ITEM('color',(#14691),#5795);
#14691 = PRESENTATION_STYLE_ASSIGNMENT((#14692,#14697));
#14692 = SURFACE_STYLE_USAGE(.BOTH.,#14693);
#14693 = SURFACE_SIDE_STYLE('',(#14694));
#14694 = SURFACE_STYLE_FILL_AREA(#14695);
#14695 = FILL_AREA_STYLE('',(#14696));
#14696 = FILL_AREA_STYLE_COLOUR('',#13805);
#14697 = CURVE_STYLE('',#14698,POSITIVE_LENGTH_MEASURE(0.1),#13805);
#14698 = DRAUGHTING_PRE_DEFINED_CURVE_FONT('continuous');
#14699 = STYLED_ITEM('color',(#14700),#5812);
#14700 = PRESENTATION_STYLE_ASSIGNMENT((#14701,#14706));
#14701 = SURFACE_STYLE_USAGE(.BOTH.,#14702);
#14702 = SURFACE_SIDE_STYLE('',(#14703));
#14703 = SURFACE_STYLE_FILL_AREA(#14704);
#14704 = FILL_AREA_STYLE('',(#14705));
#14705 = FILL_AREA_STYLE_COLOUR('',#13805);
#14706 = CURVE_STYLE('',#14707,POSITIVE_LENGTH_MEASURE(0.1),#13805);
#14707 = DRAUGHTING_PRE_DEFINED_CURVE_FONT('continuous');
#14708 = STYLED_ITEM('color',(#14709),#5824);
#14709 = PRESENTATION_STYLE_ASSIGNMENT((#14710,#14715));
#14710 = SURFACE_STYLE_USAGE(.BOTH.,#14711);
#14711 = SURFACE_SIDE_STYLE('',(#14712));
#14712 = SURFACE_STYLE_FILL_AREA(#14713);
#14713 = FILL_AREA_STYLE('',(#14714));
#14714 = FILL_AREA_STYLE_COLOUR('',#13805);
#14715 = CURVE_STYLE('',#14716,POSITIVE_LENGTH_MEASURE(0.1),#13805);
#14716 = DRAUGHTING_PRE_DEFINED_CURVE_FONT('continuous');
#14717 = STYLED_ITEM('color',(#14718),#5841);
#14718 = PRESENTATION_STYLE_ASSIGNMENT((#14719,#14724));
#14719 = SURFACE_STYLE_USAGE(.BOTH.,#14720);
#14720 = SURFACE_SIDE_STYLE('',(#14721));
#14721 = SURFACE_STYLE_FILL_AREA(#14722);
#14722 = FILL_AREA_STYLE('',(#14723));
#14723 = FILL_AREA_STYLE_COLOUR('',#13805);
#14724 = CURVE_STYLE('',#14725,POSITIVE_LENGTH_MEASURE(0.1),#13805);
#14725 = DRAUGHTING_PRE_DEFINED_CURVE_FONT('continuous');
#14726 = STYLED_ITEM('color',(#14727),#5853);
#14727 = PRESENTATION_STYLE_ASSIGNMENT((#14728,#14733));
#14728 = SURFACE_STYLE_USAGE(.BOTH.,#14729);
#14729 = SURFACE_SIDE_STYLE('',(#14730));
#14730 = SURFACE_STYLE_FILL_AREA(#14731);
#14731 = FILL_AREA_STYLE('',(#14732));
#14732 = FILL_AREA_STYLE_COLOUR('',#13805);
#14733 = CURVE_STYLE('',#14734,POSITIVE_LENGTH_MEASURE(0.1),#13805);
#14734 = DRAUGHTING_PRE_DEFINED_CURVE_FONT('continuous');
#14735 = STYLED_ITEM('color',(#14736),#5870);
#14736 = PRESENTATION_STYLE_ASSIGNMENT((#14737,#14742));
#14737 = SURFACE_STYLE_USAGE(.BOTH.,#14738);
#14738 = SURFACE_SIDE_STYLE('',(#14739));
#14739 = SURFACE_STYLE_FILL_AREA(#14740);
#14740 = FILL_AREA_STYLE('',(#14741));
#14741 = FILL_AREA_STYLE_COLOUR('',#13805);
#14742 = CURVE_STYLE('',#14743,POSITIVE_LENGTH_MEASURE(0.1),#13805);
#14743 = DRAUGHTING_PRE_DEFINED_CURVE_FONT('continuous');
#14744 = STYLED_ITEM('color',(#14745),#5882);
#14745 = PRESENTATION_STYLE_ASSIGNMENT((#14746,#14751));
#14746 = SURFACE_STYLE_USAGE(.BOTH.,#14747);
#14747 = SURFACE_SIDE_STYLE('',(#14748));
#14748 = SURFACE_STYLE_FILL_AREA(#14749);
#14749 = FILL_AREA_STYLE('',(#14750));
#14750 = FILL_AREA_STYLE_COLOUR('',#13805);
#14751 = CURVE_STYLE('',#14752,POSITIVE_LENGTH_MEASURE(0.1),#13805);
#14752 = DRAUGHTING_PRE_DEFINED_CURVE_FONT('continuous');
#14753 = STYLED_ITEM('color',(#14754),#5899);
#14754 = PRESENTATION_STYLE_ASSIGNMENT((#14755,#14760));
#14755 = SURFACE_STYLE_USAGE(.BOTH.,#14756);
#14756 = SURFACE_SIDE_STYLE('',(#14757));
#14757 = SURFACE_STYLE_FILL_AREA(#14758);
#14758 = FILL_AREA_STYLE('',(#14759));
#14759 = FILL_AREA_STYLE_COLOUR('',#13805);
#14760 = CURVE_STYLE('',#14761,POSITIVE_LENGTH_MEASURE(0.1),#13805);
#14761 = DRAUGHTING_PRE_DEFINED_CURVE_FONT('continuous');
#14762 = STYLED_ITEM('color',(#14763),#5911);
#14763 = PRESENTATION_STYLE_ASSIGNMENT((#14764,#14769));
#14764 = SURFACE_STYLE_USAGE(.BOTH.,#14765);
#14765 = SURFACE_SIDE_STYLE('',(#14766));
#14766 = SURFACE_STYLE_FILL_AREA(#14767);
#14767 = FILL_AREA_STYLE('',(#14768));
#14768 = FILL_AREA_STYLE_COLOUR('',#13805);
#14769 = CURVE_STYLE('',#14770,POSITIVE_LENGTH_MEASURE(0.1),#13805);
#14770 = DRAUGHTING_PRE_DEFINED_CURVE_FONT('continuous');
#14771 = STYLED_ITEM('color',(#14772),#5928);
#14772 = PRESENTATION_STYLE_ASSIGNMENT((#14773,#14778));
#14773 = SURFACE_STYLE_USAGE(.BOTH.,#14774);
#14774 = SURFACE_SIDE_STYLE('',(#14775));
#14775 = SURFACE_STYLE_FILL_AREA(#14776);
#14776 = FILL_AREA_STYLE('',(#14777));
#14777 = FILL_AREA_STYLE_COLOUR('',#13805);
#14778 = CURVE_STYLE('',#14779,POSITIVE_LENGTH_MEASURE(0.1),#13805);
#14779 = DRAUGHTING_PRE_DEFINED_CURVE_FONT('continuous');
#14780 = STYLED_ITEM('color',(#14781),#5940);
#14781 = PRESENTATION_STYLE_ASSIGNMENT((#14782,#14787));
#14782 = SURFACE_STYLE_USAGE(.BOTH.,#14783);
#14783 = SURFACE_SIDE_STYLE('',(#14784));
#14784 = SURFACE_STYLE_FILL_AREA(#14785);
#14785 = FILL_AREA_STYLE('',(#14786));
#14786 = FILL_AREA_STYLE_COLOUR('',#13805);
#14787 = CURVE_STYLE('',#14788,POSITIVE_LENGTH_MEASURE(0.1),#13805);
#14788 = DRAUGHTING_PRE_DEFINED_CURVE_FONT('continuous');
#14789 = STYLED_ITEM('color',(#14790),#5957);
#14790 = PRESENTATION_STYLE_ASSIGNMENT((#14791,#14796));
#14791 = SURFACE_STYLE_USAGE(.BOTH.,#14792);
#14792 = SURFACE_SIDE_STYLE('',(#14793));
#14793 = SURFACE_STYLE_FILL_AREA(#14794);
#14794 = FILL_AREA_STYLE('',(#14795));
#14795 = FILL_AREA_STYLE_COLOUR('',#13805);
#14796 = CURVE_STYLE('',#14797,POSITIVE_LENGTH_MEASURE(0.1),#13805);
#14797 = DRAUGHTING_PRE_DEFINED_CURVE_FONT('continuous');
#14798 = STYLED_ITEM('color',(#14799),#5969);
#14799 = PRESENTATION_STYLE_ASSIGNMENT((#14800,#14805));
#14800 = SURFACE_STYLE_USAGE(.BOTH.,#14801);
#14801 = SURFACE_SIDE_STYLE('',(#14802));
#14802 = SURFACE_STYLE_FILL_AREA(#14803);
#14803 = FILL_AREA_STYLE('',(#14804));
#14804 = FILL_AREA_STYLE_COLOUR('',#13805);
#14805 = CURVE_STYLE('',#14806,POSITIVE_LENGTH_MEASURE(0.1),#13805);
#14806 = DRAUGHTING_PRE_DEFINED_CURVE_FONT('continuous');
#14807 = STYLED_ITEM('color',(#14808),#5986);
#14808 = PRESENTATION_STYLE_ASSIGNMENT((#14809,#14814));
#14809 = SURFACE_STYLE_USAGE(.BOTH.,#14810);
#14810 = SURFACE_SIDE_STYLE('',(#14811));
#14811 = SURFACE_STYLE_FILL_AREA(#14812);
#14812 = FILL_AREA_STYLE('',(#14813));
#14813 = FILL_AREA_STYLE_COLOUR('',#13805);
#14814 = CURVE_STYLE('',#14815,POSITIVE_LENGTH_MEASURE(0.1),#13805);
#14815 = DRAUGHTING_PRE_DEFINED_CURVE_FONT('continuous');
#14816 = STYLED_ITEM('color',(#14817),#5998);
#14817 = PRESENTATION_STYLE_ASSIGNMENT((#14818,#14823));
#14818 = SURFACE_STYLE_USAGE(.BOTH.,#14819);
#14819 = SURFACE_SIDE_STYLE('',(#14820));
#14820 = SURFACE_STYLE_FILL_AREA(#14821);
#14821 = FILL_AREA_STYLE('',(#14822));
#14822 = FILL_AREA_STYLE_COLOUR('',#13805);
#14823 = CURVE_STYLE('',#14824,POSITIVE_LENGTH_MEASURE(0.1),#13805);
#14824 = DRAUGHTING_PRE_DEFINED_CURVE_FONT('continuous');
#14825 = STYLED_ITEM('color',(#14826),#6015);
#14826 = PRESENTATION_STYLE_ASSIGNMENT((#14827,#14832));
#14827 = SURFACE_STYLE_USAGE(.BOTH.,#14828);
#14828 = SURFACE_SIDE_STYLE('',(#14829));
#14829 = SURFACE_STYLE_FILL_AREA(#14830);
#14830 = FILL_AREA_STYLE('',(#14831));
#14831 = FILL_AREA_STYLE_COLOUR('',#13805);
#14832 = CURVE_STYLE('',#14833,POSITIVE_LENGTH_MEASURE(0.1),#13805);
#14833 = DRAUGHTING_PRE_DEFINED_CURVE_FONT('continuous');
#14834 = STYLED_ITEM('color',(#14835),#6027);
#14835 = PRESENTATION_STYLE_ASSIGNMENT((#14836,#14841));
#14836 = SURFACE_STYLE_USAGE(.BOTH.,#14837);
#14837 = SURFACE_SIDE_STYLE('',(#14838));
#14838 = SURFACE_STYLE_FILL_AREA(#14839);
#14839 = FILL_AREA_STYLE('',(#14840));
#14840 = FILL_AREA_STYLE_COLOUR('',#13805);
#14841 = CURVE_STYLE('',#14842,POSITIVE_LENGTH_MEASURE(0.1),#13805);
#14842 = DRAUGHTING_PRE_DEFINED_CURVE_FONT('continuous');
#14843 = STYLED_ITEM('color',(#14844),#6044);
#14844 = PRESENTATION_STYLE_ASSIGNMENT((#14845,#14850));
#14845 = SURFACE_STYLE_USAGE(.BOTH.,#14846);
#14846 = SURFACE_SIDE_STYLE('',(#14847));
#14847 = SURFACE_STYLE_FILL_AREA(#14848);
#14848 = FILL_AREA_STYLE('',(#14849));
#14849 = FILL_AREA_STYLE_COLOUR('',#13805);
#14850 = CURVE_STYLE('',#14851,POSITIVE_LENGTH_MEASURE(0.1),#13805);
#14851 = DRAUGHTING_PRE_DEFINED_CURVE_FONT('continuous');
#14852 = STYLED_ITEM('color',(#14853),#6056);
#14853 = PRESENTATION_STYLE_ASSIGNMENT((#14854,#14859));
#14854 = SURFACE_STYLE_USAGE(.BOTH.,#14855);
#14855 = SURFACE_SIDE_STYLE('',(#14856));
#14856 = SURFACE_STYLE_FILL_AREA(#14857);
#14857 = FILL_AREA_STYLE('',(#14858));
#14858 = FILL_AREA_STYLE_COLOUR('',#13805);
#14859 = CURVE_STYLE('',#14860,POSITIVE_LENGTH_MEASURE(0.1),#13805);
#14860 = DRAUGHTING_PRE_DEFINED_CURVE_FONT('continuous');
#14861 = STYLED_ITEM('color',(#14862),#6073);
#14862 = PRESENTATION_STYLE_ASSIGNMENT((#14863,#14868));
#14863 = SURFACE_STYLE_USAGE(.BOTH.,#14864);
#14864 = SURFACE_SIDE_STYLE('',(#14865));
#14865 = SURFACE_STYLE_FILL_AREA(#14866);
#14866 = FILL_AREA_STYLE('',(#14867));
#14867 = FILL_AREA_STYLE_COLOUR('',#13805);
#14868 = CURVE_STYLE('',#14869,POSITIVE_LENGTH_MEASURE(0.1),#13805);
#14869 = DRAUGHTING_PRE_DEFINED_CURVE_FONT('continuous');
#14870 = STYLED_ITEM('color',(#14871),#6085);
#14871 = PRESENTATION_STYLE_ASSIGNMENT((#14872,#14877));
#14872 = SURFACE_STYLE_USAGE(.BOTH.,#14873);
#14873 = SURFACE_SIDE_STYLE('',(#14874));
#14874 = SURFACE_STYLE_FILL_AREA(#14875);
#14875 = FILL_AREA_STYLE('',(#14876));
#14876 = FILL_AREA_STYLE_COLOUR('',#13805);
#14877 = CURVE_STYLE('',#14878,POSITIVE_LENGTH_MEASURE(0.1),#13805);
#14878 = DRAUGHTING_PRE_DEFINED_CURVE_FONT('continuous');
#14879 = STYLED_ITEM('color',(#14880),#6102);
#14880 = PRESENTATION_STYLE_ASSIGNMENT((#14881,#14886));
#14881 = SURFACE_STYLE_USAGE(.BOTH.,#14882);
#14882 = SURFACE_SIDE_STYLE('',(#14883));
#14883 = SURFACE_STYLE_FILL_AREA(#14884);
#14884 = FILL_AREA_STYLE('',(#14885));
#14885 = FILL_AREA_STYLE_COLOUR('',#13805);
#14886 = CURVE_STYLE('',#14887,POSITIVE_LENGTH_MEASURE(0.1),#13805);
#14887 = DRAUGHTING_PRE_DEFINED_CURVE_FONT('continuous');
#14888 = STYLED_ITEM('color',(#14889),#6114);
#14889 = PRESENTATION_STYLE_ASSIGNMENT((#14890,#14895));
#14890 = SURFACE_STYLE_USAGE(.BOTH.,#14891);
#14891 = SURFACE_SIDE_STYLE('',(#14892));
#14892 = SURFACE_STYLE_FILL_AREA(#14893);
#14893 = FILL_AREA_STYLE('',(#14894));
#14894 = FILL_AREA_STYLE_COLOUR('',#13805);
#14895 = CURVE_STYLE('',#14896,POSITIVE_LENGTH_MEASURE(0.1),#13805);
#14896 = DRAUGHTING_PRE_DEFINED_CURVE_FONT('continuous');
#14897 = STYLED_ITEM('color',(#14898),#6131);
#14898 = PRESENTATION_STYLE_ASSIGNMENT((#14899,#14904));
#14899 = SURFACE_STYLE_USAGE(.BOTH.,#14900);
#14900 = SURFACE_SIDE_STYLE('',(#14901));
#14901 = SURFACE_STYLE_FILL_AREA(#14902);
#14902 = FILL_AREA_STYLE('',(#14903));
#14903 = FILL_AREA_STYLE_COLOUR('',#13805);
#14904 = CURVE_STYLE('',#14905,POSITIVE_LENGTH_MEASURE(0.1),#13805);
#14905 = DRAUGHTING_PRE_DEFINED_CURVE_FONT('continuous');
#14906 = STYLED_ITEM('color',(#14907),#6143);
#14907 = PRESENTATION_STYLE_ASSIGNMENT((#14908,#14913));
#14908 = SURFACE_STYLE_USAGE(.BOTH.,#14909);
#14909 = SURFACE_SIDE_STYLE('',(#14910));
#14910 = SURFACE_STYLE_FILL_AREA(#14911);
#14911 = FILL_AREA_STYLE('',(#14912));
#14912 = FILL_AREA_STYLE_COLOUR('',#13805);
#14913 = CURVE_STYLE('',#14914,POSITIVE_LENGTH_MEASURE(0.1),#13805);
#14914 = DRAUGHTING_PRE_DEFINED_CURVE_FONT('continuous');
#14915 = STYLED_ITEM('color',(#14916),#6160);
#14916 = PRESENTATION_STYLE_ASSIGNMENT((#14917,#14922));
#14917 = SURFACE_STYLE_USAGE(.BOTH.,#14918);
#14918 = SURFACE_SIDE_STYLE('',(#14919));
#14919 = SURFACE_STYLE_FILL_AREA(#14920);
#14920 = FILL_AREA_STYLE('',(#14921));
#14921 = FILL_AREA_STYLE_COLOUR('',#13805);
#14922 = CURVE_STYLE('',#14923,POSITIVE_LENGTH_MEASURE(0.1),#13805);
#14923 = DRAUGHTING_PRE_DEFINED_CURVE_FONT('continuous');
#14924 = STYLED_ITEM('color',(#14925),#6172);
#14925 = PRESENTATION_STYLE_ASSIGNMENT((#14926,#14931));
#14926 = SURFACE_STYLE_USAGE(.BOTH.,#14927);
#14927 = SURFACE_SIDE_STYLE('',(#14928));
#14928 = SURFACE_STYLE_FILL_AREA(#14929);
#14929 = FILL_AREA_STYLE('',(#14930));
#14930 = FILL_AREA_STYLE_COLOUR('',#13805);
#14931 = CURVE_STYLE('',#14932,POSITIVE_LENGTH_MEASURE(0.1),#13805);
#14932 = DRAUGHTING_PRE_DEFINED_CURVE_FONT('continuous');
#14933 = MECHANICAL_DESIGN_GEOMETRIC_PRESENTATION_REPRESENTATION('',(
    #14934,#14941,#14948,#14955,#14962,#14969,#14976,#14983,#14990,
    #14997,#15004,#15012,#15019,#15026,#15033,#15040,#15047,#15054,
    #15061,#15068,#15075,#15082,#15089,#15096,#15103,#15110,#15117,
    #15124),#963);
#14934 = STYLED_ITEM('color',(#14935),#111);
#14935 = PRESENTATION_STYLE_ASSIGNMENT((#14936));
#14936 = SURFACE_STYLE_USAGE(.BOTH.,#14937);
#14937 = SURFACE_SIDE_STYLE('',(#14938));
#14938 = SURFACE_STYLE_FILL_AREA(#14939);
#14939 = FILL_AREA_STYLE('',(#14940));
#14940 = FILL_AREA_STYLE_COLOUR('',#13805);
#14941 = STYLED_ITEM('color',(#14942),#187);
#14942 = PRESENTATION_STYLE_ASSIGNMENT((#14943));
#14943 = SURFACE_STYLE_USAGE(.BOTH.,#14944);
#14944 = SURFACE_SIDE_STYLE('',(#14945));
#14945 = SURFACE_STYLE_FILL_AREA(#14946);
#14946 = FILL_AREA_STYLE('',(#14947));
#14947 = FILL_AREA_STYLE_COLOUR('',#13805);
#14948 = STYLED_ITEM('color',(#14949),#218);
#14949 = PRESENTATION_STYLE_ASSIGNMENT((#14950));
#14950 = SURFACE_STYLE_USAGE(.BOTH.,#14951);
#14951 = SURFACE_SIDE_STYLE('',(#14952));
#14952 = SURFACE_STYLE_FILL_AREA(#14953);
#14953 = FILL_AREA_STYLE('',(#14954));
#14954 = FILL_AREA_STYLE_COLOUR('',#13805);
#14955 = STYLED_ITEM('color',(#14956),#243);
#14956 = PRESENTATION_STYLE_ASSIGNMENT((#14957));
#14957 = SURFACE_STYLE_USAGE(.BOTH.,#14958);
#14958 = SURFACE_SIDE_STYLE('',(#14959));
#14959 = SURFACE_STYLE_FILL_AREA(#14960);
#14960 = FILL_AREA_STYLE('',(#14961));
#14961 = FILL_AREA_STYLE_COLOUR('',#13805);
#14962 = STYLED_ITEM('color',(#14963),#268);
#14963 = PRESENTATION_STYLE_ASSIGNMENT((#14964));
#14964 = SURFACE_STYLE_USAGE(.BOTH.,#14965);
#14965 = SURFACE_SIDE_STYLE('',(#14966));
#14966 = SURFACE_STYLE_FILL_AREA(#14967);
#14967 = FILL_AREA_STYLE('',(#14968));
#14968 = FILL_AREA_STYLE_COLOUR('',#13805);
#14969 = STYLED_ITEM('color',(#14970),#292);
#14970 = PRESENTATION_STYLE_ASSIGNMENT((#14971));
#14971 = SURFACE_STYLE_USAGE(.BOTH.,#14972);
#14972 = SURFACE_SIDE_STYLE('',(#14973));
#14973 = SURFACE_STYLE_FILL_AREA(#14974);
#14974 = FILL_AREA_STYLE('',(#14975));
#14975 = FILL_AREA_STYLE_COLOUR('',#13805);
#14976 = STYLED_ITEM('color',(#14977),#316);
#14977 = PRESENTATION_STYLE_ASSIGNMENT((#14978));
#14978 = SURFACE_STYLE_USAGE(.BOTH.,#14979);
#14979 = SURFACE_SIDE_STYLE('',(#14980));
#14980 = SURFACE_STYLE_FILL_AREA(#14981);
#14981 = FILL_AREA_STYLE('',(#14982));
#14982 = FILL_AREA_STYLE_COLOUR('',#13805);
#14983 = STYLED_ITEM('color',(#14984),#341);
#14984 = PRESENTATION_STYLE_ASSIGNMENT((#14985));
#14985 = SURFACE_STYLE_USAGE(.BOTH.,#14986);
#14986 = SURFACE_SIDE_STYLE('',(#14987));
#14987 = SURFACE_STYLE_FILL_AREA(#14988);
#14988 = FILL_AREA_STYLE('',(#14989));
#14989 = FILL_AREA_STYLE_COLOUR('',#13805);
#14990 = STYLED_ITEM('color',(#14991),#366);
#14991 = PRESENTATION_STYLE_ASSIGNMENT((#14992));
#14992 = SURFACE_STYLE_USAGE(.BOTH.,#14993);
#14993 = SURFACE_SIDE_STYLE('',(#14994));
#14994 = SURFACE_STYLE_FILL_AREA(#14995);
#14995 = FILL_AREA_STYLE('',(#14996));
#14996 = FILL_AREA_STYLE_COLOUR('',#13805);
#14997 = STYLED_ITEM('color',(#14998),#383);
#14998 = PRESENTATION_STYLE_ASSIGNMENT((#14999));
#14999 = SURFACE_STYLE_USAGE(.BOTH.,#15000);
#15000 = SURFACE_SIDE_STYLE('',(#15001));
#15001 = SURFACE_STYLE_FILL_AREA(#15002);
#15002 = FILL_AREA_STYLE('',(#15003));
#15003 = FILL_AREA_STYLE_COLOUR('',#13805);
#15004 = STYLED_ITEM('color',(#15005),#469);
#15005 = PRESENTATION_STYLE_ASSIGNMENT((#15006));
#15006 = SURFACE_STYLE_USAGE(.BOTH.,#15007);
#15007 = SURFACE_SIDE_STYLE('',(#15008));
#15008 = SURFACE_STYLE_FILL_AREA(#15009);
#15009 = FILL_AREA_STYLE('',(#15010));
#15010 = FILL_AREA_STYLE_COLOUR('',#15011);
#15011 = COLOUR_RGB('',0.379000005575,0.270000008848,0.214999999939);
#15012 = STYLED_ITEM('color',(#15013),#501);
#15013 = PRESENTATION_STYLE_ASSIGNMENT((#15014));
#15014 = SURFACE_STYLE_USAGE(.BOTH.,#15015);
#15015 = SURFACE_SIDE_STYLE('',(#15016));
#15016 = SURFACE_STYLE_FILL_AREA(#15017);
#15017 = FILL_AREA_STYLE('',(#15018));
#15018 = FILL_AREA_STYLE_COLOUR('',#15011);
#15019 = STYLED_ITEM('color',(#15020),#525);
#15020 = PRESENTATION_STYLE_ASSIGNMENT((#15021));
#15021 = SURFACE_STYLE_USAGE(.BOTH.,#15022);
#15022 = SURFACE_SIDE_STYLE('',(#15023));
#15023 = SURFACE_STYLE_FILL_AREA(#15024);
#15024 = FILL_AREA_STYLE('',(#15025));
#15025 = FILL_AREA_STYLE_COLOUR('',#15011);
#15026 = STYLED_ITEM('color',(#15027),#550);
#15027 = PRESENTATION_STYLE_ASSIGNMENT((#15028));
#15028 = SURFACE_STYLE_USAGE(.BOTH.,#15029);
#15029 = SURFACE_SIDE_STYLE('',(#15030));
#15030 = SURFACE_STYLE_FILL_AREA(#15031);
#15031 = FILL_AREA_STYLE('',(#15032));
#15032 = FILL_AREA_STYLE_COLOUR('',#15011);
#15033 = STYLED_ITEM('color',(#15034),#574);
#15034 = PRESENTATION_STYLE_ASSIGNMENT((#15035));
#15035 = SURFACE_STYLE_USAGE(.BOTH.,#15036);
#15036 = SURFACE_SIDE_STYLE('',(#15037));
#15037 = SURFACE_STYLE_FILL_AREA(#15038);
#15038 = FILL_AREA_STYLE('',(#15039));
#15039 = FILL_AREA_STYLE_COLOUR('',#15011);
#15040 = STYLED_ITEM('color',(#15041),#599);
#15041 = PRESENTATION_STYLE_ASSIGNMENT((#15042));
#15042 = SURFACE_STYLE_USAGE(.BOTH.,#15043);
#15043 = SURFACE_SIDE_STYLE('',(#15044));
#15044 = SURFACE_STYLE_FILL_AREA(#15045);
#15045 = FILL_AREA_STYLE('',(#15046));
#15046 = FILL_AREA_STYLE_COLOUR('',#15011);
#15047 = STYLED_ITEM('color',(#15048),#623);
#15048 = PRESENTATION_STYLE_ASSIGNMENT((#15049));
#15049 = SURFACE_STYLE_USAGE(.BOTH.,#15050);
#15050 = SURFACE_SIDE_STYLE('',(#15051));
#15051 = SURFACE_STYLE_FILL_AREA(#15052);
#15052 = FILL_AREA_STYLE('',(#15053));
#15053 = FILL_AREA_STYLE_COLOUR('',#15011);
#15054 = STYLED_ITEM('color',(#15055),#648);
#15055 = PRESENTATION_STYLE_ASSIGNMENT((#15056));
#15056 = SURFACE_STYLE_USAGE(.BOTH.,#15057);
#15057 = SURFACE_SIDE_STYLE('',(#15058));
#15058 = SURFACE_STYLE_FILL_AREA(#15059);
#15059 = FILL_AREA_STYLE('',(#15060));
#15060 = FILL_AREA_STYLE_COLOUR('',#15011);
#15061 = STYLED_ITEM('color',(#15062),#665);
#15062 = PRESENTATION_STYLE_ASSIGNMENT((#15063));
#15063 = SURFACE_STYLE_USAGE(.BOTH.,#15064);
#15064 = SURFACE_SIDE_STYLE('',(#15065));
#15065 = SURFACE_STYLE_FILL_AREA(#15066);
#15066 = FILL_AREA_STYLE('',(#15067));
#15067 = FILL_AREA_STYLE_COLOUR('',#13805);
#15068 = STYLED_ITEM('color',(#15069),#751);
#15069 = PRESENTATION_STYLE_ASSIGNMENT((#15070));
#15070 = SURFACE_STYLE_USAGE(.BOTH.,#15071);
#15071 = SURFACE_SIDE_STYLE('',(#15072));
#15072 = SURFACE_STYLE_FILL_AREA(#15073);
#15073 = FILL_AREA_STYLE('',(#15074));
#15074 = FILL_AREA_STYLE_COLOUR('',#13805);
#15075 = STYLED_ITEM('color',(#15076),#782);
#15076 = PRESENTATION_STYLE_ASSIGNMENT((#15077));
#15077 = SURFACE_STYLE_USAGE(.BOTH.,#15078);
#15078 = SURFACE_SIDE_STYLE('',(#15079));
#15079 = SURFACE_STYLE_FILL_AREA(#15080);
#15080 = FILL_AREA_STYLE('',(#15081));
#15081 = FILL_AREA_STYLE_COLOUR('',#13805);
#15082 = STYLED_ITEM('color',(#15083),#807);
#15083 = PRESENTATION_STYLE_ASSIGNMENT((#15084));
#15084 = SURFACE_STYLE_USAGE(.BOTH.,#15085);
#15085 = SURFACE_SIDE_STYLE('',(#15086));
#15086 = SURFACE_STYLE_FILL_AREA(#15087);
#15087 = FILL_AREA_STYLE('',(#15088));
#15088 = FILL_AREA_STYLE_COLOUR('',#13805);
#15089 = STYLED_ITEM('color',(#15090),#832);
#15090 = PRESENTATION_STYLE_ASSIGNMENT((#15091));
#15091 = SURFACE_STYLE_USAGE(.BOTH.,#15092);
#15092 = SURFACE_SIDE_STYLE('',(#15093));
#15093 = SURFACE_STYLE_FILL_AREA(#15094);
#15094 = FILL_AREA_STYLE('',(#15095));
#15095 = FILL_AREA_STYLE_COLOUR('',#13805);
#15096 = STYLED_ITEM('color',(#15097),#856);
#15097 = PRESENTATION_STYLE_ASSIGNMENT((#15098));
#15098 = SURFACE_STYLE_USAGE(.BOTH.,#15099);
#15099 = SURFACE_SIDE_STYLE('',(#15100));
#15100 = SURFACE_STYLE_FILL_AREA(#15101);
#15101 = FILL_AREA_STYLE('',(#15102));
#15102 = FILL_AREA_STYLE_COLOUR('',#13805);
#15103 = STYLED_ITEM('color',(#15104),#880);
#15104 = PRESENTATION_STYLE_ASSIGNMENT((#15105));
#15105 = SURFACE_STYLE_USAGE(.BOTH.,#15106);
#15106 = SURFACE_SIDE_STYLE('',(#15107));
#15107 = SURFACE_STYLE_FILL_AREA(#15108);
#15108 = FILL_AREA_STYLE('',(#15109));
#15109 = FILL_AREA_STYLE_COLOUR('',#13805);
#15110 = STYLED_ITEM('color',(#15111),#905);
#15111 = PRESENTATION_STYLE_ASSIGNMENT((#15112));
#15112 = SURFACE_STYLE_USAGE(.BOTH.,#15113);
#15113 = SURFACE_SIDE_STYLE('',(#15114));
#15114 = SURFACE_STYLE_FILL_AREA(#15115);
#15115 = FILL_AREA_STYLE('',(#15116));
#15116 = FILL_AREA_STYLE_COLOUR('',#13805);
#15117 = STYLED_ITEM('color',(#15118),#930);
#15118 = PRESENTATION_STYLE_ASSIGNMENT((#15119));
#15119 = SURFACE_STYLE_USAGE(.BOTH.,#15120);
#15120 = SURFACE_SIDE_STYLE('',(#15121));
#15121 = SURFACE_STYLE_FILL_AREA(#15122);
#15122 = FILL_AREA_STYLE('',(#15123));
#15123 = FILL_AREA_STYLE_COLOUR('',#13805);
#15124 = STYLED_ITEM('color',(#15125),#947);
#15125 = PRESENTATION_STYLE_ASSIGNMENT((#15126));
#15126 = SURFACE_STYLE_USAGE(.BOTH.,#15127);
#15127 = SURFACE_SIDE_STYLE('',(#15128));
#15128 = SURFACE_STYLE_FILL_AREA(#15129);
#15129 = FILL_AREA_STYLE('',(#15130));
#15130 = FILL_AREA_STYLE_COLOUR('',#13805);
#15131 = MECHANICAL_DESIGN_GEOMETRIC_PRESENTATION_REPRESENTATION('',(
    #15132,#15139,#15146,#15153,#15160,#15167,#15174,#15181,#15189,
    #15196,#15203,#15210,#15217,#15224,#15232,#15239,#15246,#15253,
    #15260,#15267,#15274,#15281,#15288,#15295,#15302,#15309),#7818);
#15132 = STYLED_ITEM('color',(#15133),#7030);
#15133 = PRESENTATION_STYLE_ASSIGNMENT((#15134));
#15134 = SURFACE_STYLE_USAGE(.BOTH.,#15135);
#15135 = SURFACE_SIDE_STYLE('',(#15136));
#15136 = SURFACE_STYLE_FILL_AREA(#15137);
#15137 = FILL_AREA_STYLE('',(#15138));
#15138 = FILL_AREA_STYLE_COLOUR('',#13805);
#15139 = STYLED_ITEM('color',(#15140),#7070);
#15140 = PRESENTATION_STYLE_ASSIGNMENT((#15141));
#15141 = SURFACE_STYLE_USAGE(.BOTH.,#15142);
#15142 = SURFACE_SIDE_STYLE('',(#15143));
#15143 = SURFACE_STYLE_FILL_AREA(#15144);
#15144 = FILL_AREA_STYLE('',(#15145));
#15145 = FILL_AREA_STYLE_COLOUR('',#13805);
#15146 = STYLED_ITEM('color',(#15147),#7153);
#15147 = PRESENTATION_STYLE_ASSIGNMENT((#15148));
#15148 = SURFACE_STYLE_USAGE(.BOTH.,#15149);
#15149 = SURFACE_SIDE_STYLE('',(#15150));
#15150 = SURFACE_STYLE_FILL_AREA(#15151);
#15151 = FILL_AREA_STYLE('',(#15152));
#15152 = FILL_AREA_STYLE_COLOUR('',#13805);
#15153 = STYLED_ITEM('color',(#15154),#7178);
#15154 = PRESENTATION_STYLE_ASSIGNMENT((#15155));
#15155 = SURFACE_STYLE_USAGE(.BOTH.,#15156);
#15156 = SURFACE_SIDE_STYLE('',(#15157));
#15157 = SURFACE_STYLE_FILL_AREA(#15158);
#15158 = FILL_AREA_STYLE('',(#15159));
#15159 = FILL_AREA_STYLE_COLOUR('',#13805);
#15160 = STYLED_ITEM('color',(#15161),#7203);
#15161 = PRESENTATION_STYLE_ASSIGNMENT((#15162));
#15162 = SURFACE_STYLE_USAGE(.BOTH.,#15163);
#15163 = SURFACE_SIDE_STYLE('',(#15164));
#15164 = SURFACE_STYLE_FILL_AREA(#15165);
#15165 = FILL_AREA_STYLE('',(#15166));
#15166 = FILL_AREA_STYLE_COLOUR('',#13805);
#15167 = STYLED_ITEM('color',(#15168),#7270);
#15168 = PRESENTATION_STYLE_ASSIGNMENT((#15169));
#15169 = SURFACE_STYLE_USAGE(.BOTH.,#15170);
#15170 = SURFACE_SIDE_STYLE('',(#15171));
#15171 = SURFACE_STYLE_FILL_AREA(#15172);
#15172 = FILL_AREA_STYLE('',(#15173));
#15173 = FILL_AREA_STYLE_COLOUR('',#13805);
#15174 = STYLED_ITEM('color',(#15175),#7287);
#15175 = PRESENTATION_STYLE_ASSIGNMENT((#15176));
#15176 = SURFACE_STYLE_USAGE(.BOTH.,#15177);
#15177 = SURFACE_SIDE_STYLE('',(#15178));
#15178 = SURFACE_STYLE_FILL_AREA(#15179);
#15179 = FILL_AREA_STYLE('',(#15180));
#15180 = FILL_AREA_STYLE_COLOUR('',#13805);
#15181 = STYLED_ITEM('color',(#15182),#7304);
#15182 = PRESENTATION_STYLE_ASSIGNMENT((#15183));
#15183 = SURFACE_STYLE_USAGE(.BOTH.,#15184);
#15184 = SURFACE_SIDE_STYLE('',(#15185));
#15185 = SURFACE_STYLE_FILL_AREA(#15186);
#15186 = FILL_AREA_STYLE('',(#15187));
#15187 = FILL_AREA_STYLE_COLOUR('',#15188);
#15188 = COLOUR_RGB('',0.894999966383,0.890999961016,0.813000030345);
#15189 = STYLED_ITEM('color',(#15190),#7353);
#15190 = PRESENTATION_STYLE_ASSIGNMENT((#15191));
#15191 = SURFACE_STYLE_USAGE(.BOTH.,#15192);
#15192 = SURFACE_SIDE_STYLE('',(#15193));
#15193 = SURFACE_STYLE_FILL_AREA(#15194);
#15194 = FILL_AREA_STYLE('',(#15195));
#15195 = FILL_AREA_STYLE_COLOUR('',#13805);
#15196 = STYLED_ITEM('color',(#15197),#7370);
#15197 = PRESENTATION_STYLE_ASSIGNMENT((#15198));
#15198 = SURFACE_STYLE_USAGE(.BOTH.,#15199);
#15199 = SURFACE_SIDE_STYLE('',(#15200));
#15200 = SURFACE_STYLE_FILL_AREA(#15201);
#15201 = FILL_AREA_STYLE('',(#15202));
#15202 = FILL_AREA_STYLE_COLOUR('',#13805);
#15203 = STYLED_ITEM('color',(#15204),#7387);
#15204 = PRESENTATION_STYLE_ASSIGNMENT((#15205));
#15205 = SURFACE_STYLE_USAGE(.BOTH.,#15206);
#15206 = SURFACE_SIDE_STYLE('',(#15207));
#15207 = SURFACE_STYLE_FILL_AREA(#15208);
#15208 = FILL_AREA_STYLE('',(#15209));
#15209 = FILL_AREA_STYLE_COLOUR('',#15188);
#15210 = STYLED_ITEM('color',(#15211),#7436);
#15211 = PRESENTATION_STYLE_ASSIGNMENT((#15212));
#15212 = SURFACE_STYLE_USAGE(.BOTH.,#15213);
#15213 = SURFACE_SIDE_STYLE('',(#15214));
#15214 = SURFACE_STYLE_FILL_AREA(#15215);
#15215 = FILL_AREA_STYLE('',(#15216));
#15216 = FILL_AREA_STYLE_COLOUR('',#15188);
#15217 = STYLED_ITEM('color',(#15218),#7453);
#15218 = PRESENTATION_STYLE_ASSIGNMENT((#15219));
#15219 = SURFACE_STYLE_USAGE(.BOTH.,#15220);
#15220 = SURFACE_SIDE_STYLE('',(#15221));
#15221 = SURFACE_STYLE_FILL_AREA(#15222);
#15222 = FILL_AREA_STYLE('',(#15223));
#15223 = FILL_AREA_STYLE_COLOUR('',#13805);
#15224 = STYLED_ITEM('color',(#15225),#7522);
#15225 = PRESENTATION_STYLE_ASSIGNMENT((#15226));
#15226 = SURFACE_STYLE_USAGE(.BOTH.,#15227);
#15227 = SURFACE_SIDE_STYLE('',(#15228));
#15228 = SURFACE_STYLE_FILL_AREA(#15229);
#15229 = FILL_AREA_STYLE('',(#15230));
#15230 = FILL_AREA_STYLE_COLOUR('',#15231);
#15231 = COLOUR_RGB('',8.200000279077E-02,8.600000121357E-02,
  9.399999706163E-02);
#15232 = STYLED_ITEM('color',(#15233),#7553);
#15233 = PRESENTATION_STYLE_ASSIGNMENT((#15234));
#15234 = SURFACE_STYLE_USAGE(.BOTH.,#15235);
#15235 = SURFACE_SIDE_STYLE('',(#15236));
#15236 = SURFACE_STYLE_FILL_AREA(#15237);
#15237 = FILL_AREA_STYLE('',(#15238));
#15238 = FILL_AREA_STYLE_COLOUR('',#15231);
#15239 = STYLED_ITEM('color',(#15240),#7577);
#15240 = PRESENTATION_STYLE_ASSIGNMENT((#15241));
#15241 = SURFACE_STYLE_USAGE(.BOTH.,#15242);
#15242 = SURFACE_SIDE_STYLE('',(#15243));
#15243 = SURFACE_STYLE_FILL_AREA(#15244);
#15244 = FILL_AREA_STYLE('',(#15245));
#15245 = FILL_AREA_STYLE_COLOUR('',#13805);
#15246 = STYLED_ITEM('color',(#15247),#7646);
#15247 = PRESENTATION_STYLE_ASSIGNMENT((#15248));
#15248 = SURFACE_STYLE_USAGE(.BOTH.,#15249);
#15249 = SURFACE_SIDE_STYLE('',(#15250));
#15250 = SURFACE_STYLE_FILL_AREA(#15251);
#15251 = FILL_AREA_STYLE('',(#15252));
#15252 = FILL_AREA_STYLE_COLOUR('',#15231);
#15253 = STYLED_ITEM('color',(#15254),#7670);
#15254 = PRESENTATION_STYLE_ASSIGNMENT((#15255));
#15255 = SURFACE_STYLE_USAGE(.BOTH.,#15256);
#15256 = SURFACE_SIDE_STYLE('',(#15257));
#15257 = SURFACE_STYLE_FILL_AREA(#15258);
#15258 = FILL_AREA_STYLE('',(#15259));
#15259 = FILL_AREA_STYLE_COLOUR('',#13805);
#15260 = STYLED_ITEM('color',(#15261),#7687);
#15261 = PRESENTATION_STYLE_ASSIGNMENT((#15262));
#15262 = SURFACE_STYLE_USAGE(.BOTH.,#15263);
#15263 = SURFACE_SIDE_STYLE('',(#15264));
#15264 = SURFACE_STYLE_FILL_AREA(#15265);
#15265 = FILL_AREA_STYLE('',(#15266));
#15266 = FILL_AREA_STYLE_COLOUR('',#13805);
#15267 = STYLED_ITEM('color',(#15268),#7704);
#15268 = PRESENTATION_STYLE_ASSIGNMENT((#15269));
#15269 = SURFACE_STYLE_USAGE(.BOTH.,#15270);
#15270 = SURFACE_SIDE_STYLE('',(#15271));
#15271 = SURFACE_STYLE_FILL_AREA(#15272);
#15272 = FILL_AREA_STYLE('',(#15273));
#15273 = FILL_AREA_STYLE_COLOUR('',#13805);
#15274 = STYLED_ITEM('color',(#15275),#7721);
#15275 = PRESENTATION_STYLE_ASSIGNMENT((#15276));
#15276 = SURFACE_STYLE_USAGE(.BOTH.,#15277);
#15277 = SURFACE_SIDE_STYLE('',(#15278));
#15278 = SURFACE_STYLE_FILL_AREA(#15279);
#15279 = FILL_AREA_STYLE('',(#15280));
#15280 = FILL_AREA_STYLE_COLOUR('',#13805);
#15281 = STYLED_ITEM('color',(#15282),#7738);
#15282 = PRESENTATION_STYLE_ASSIGNMENT((#15283));
#15283 = SURFACE_STYLE_USAGE(.BOTH.,#15284);
#15284 = SURFACE_SIDE_STYLE('',(#15285));
#15285 = SURFACE_STYLE_FILL_AREA(#15286);
#15286 = FILL_AREA_STYLE('',(#15287));
#15287 = FILL_AREA_STYLE_COLOUR('',#13805);
#15288 = STYLED_ITEM('color',(#15289),#7755);
#15289 = PRESENTATION_STYLE_ASSIGNMENT((#15290));
#15290 = SURFACE_STYLE_USAGE(.BOTH.,#15291);
#15291 = SURFACE_SIDE_STYLE('',(#15292));
#15292 = SURFACE_STYLE_FILL_AREA(#15293);
#15293 = FILL_AREA_STYLE('',(#15294));
#15294 = FILL_AREA_STYLE_COLOUR('',#13805);
#15295 = STYLED_ITEM('color',(#15296),#7772);
#15296 = PRESENTATION_STYLE_ASSIGNMENT((#15297));
#15297 = SURFACE_STYLE_USAGE(.BOTH.,#15298);
#15298 = SURFACE_SIDE_STYLE('',(#15299));
#15299 = SURFACE_STYLE_FILL_AREA(#15300);
#15300 = FILL_AREA_STYLE('',(#15301));
#15301 = FILL_AREA_STYLE_COLOUR('',#13805);
#15302 = STYLED_ITEM('color',(#15303),#7789);
#15303 = PRESENTATION_STYLE_ASSIGNMENT((#15304));
#15304 = SURFACE_STYLE_USAGE(.BOTH.,#15305);
#15305 = SURFACE_SIDE_STYLE('',(#15306));
#15306 = SURFACE_STYLE_FILL_AREA(#15307);
#15307 = FILL_AREA_STYLE('',(#15308));
#15308 = FILL_AREA_STYLE_COLOUR('',#15231);
#15309 = STYLED_ITEM('color',(#15310),#7806);
#15310 = PRESENTATION_STYLE_ASSIGNMENT((#15311));
#15311 = SURFACE_STYLE_USAGE(.BOTH.,#15312);
#15312 = SURFACE_SIDE_STYLE('',(#15313));
#15313 = SURFACE_STYLE_FILL_AREA(#15314);
#15314 = FILL_AREA_STYLE('',(#15315));
#15315 = FILL_AREA_STYLE_COLOUR('',#15231);
#15316 = MECHANICAL_DESIGN_GEOMETRIC_PRESENTATION_REPRESENTATION('',(
    #15317,#15325,#15332,#15339,#15346,#15353,#15360,#15367,#15374,
    #15381,#15388,#15395,#15402,#15409,#15416,#15423,#15430,#15437,
    #15444,#15451,#15458,#15465,#15472,#15480,#15487,#15494,#15501,
    #15508,#15515,#15522,#15529,#15536,#15543,#15550,#15557,#15564,
    #15571,#15578,#15585,#15592,#15599,#15606,#15613,#15620,#15627,
    #15634,#15641,#15648,#15655,#15662,#15669,#15676,#15683,#15690,
    #15697,#15704,#15711,#15718,#15725,#15732,#15739,#15746,#15753,
    #15760,#15767,#15774,#15781,#15788,#15795,#15802,#15809,#15816,
    #15823,#15830,#15837,#15844),#9948);
#15317 = STYLED_ITEM('color',(#15318),#7844);
#15318 = PRESENTATION_STYLE_ASSIGNMENT((#15319));
#15319 = SURFACE_STYLE_USAGE(.BOTH.,#15320);
#15320 = SURFACE_SIDE_STYLE('',(#15321));
#15321 = SURFACE_STYLE_FILL_AREA(#15322);
#15322 = FILL_AREA_STYLE('',(#15323));
#15323 = FILL_AREA_STYLE_COLOUR('',#15324);
#15324 = COLOUR_RGB('',0.147999998088,0.144999993226,0.144999993226);
#15325 = STYLED_ITEM('color',(#15326),#7884);
#15326 = PRESENTATION_STYLE_ASSIGNMENT((#15327));
#15327 = SURFACE_STYLE_USAGE(.BOTH.,#15328);
#15328 = SURFACE_SIDE_STYLE('',(#15329));
#15329 = SURFACE_STYLE_FILL_AREA(#15330);
#15330 = FILL_AREA_STYLE('',(#15331));
#15331 = FILL_AREA_STYLE_COLOUR('',#15324);
#15332 = STYLED_ITEM('color',(#15333),#7915);
#15333 = PRESENTATION_STYLE_ASSIGNMENT((#15334));
#15334 = SURFACE_STYLE_USAGE(.BOTH.,#15335);
#15335 = SURFACE_SIDE_STYLE('',(#15336));
#15336 = SURFACE_STYLE_FILL_AREA(#15337);
#15337 = FILL_AREA_STYLE('',(#15338));
#15338 = FILL_AREA_STYLE_COLOUR('',#15324);
#15339 = STYLED_ITEM('color',(#15340),#7946);
#15340 = PRESENTATION_STYLE_ASSIGNMENT((#15341));
#15341 = SURFACE_STYLE_USAGE(.BOTH.,#15342);
#15342 = SURFACE_SIDE_STYLE('',(#15343));
#15343 = SURFACE_STYLE_FILL_AREA(#15344);
#15344 = FILL_AREA_STYLE('',(#15345));
#15345 = FILL_AREA_STYLE_COLOUR('',#15324);
#15346 = STYLED_ITEM('color',(#15347),#8193);
#15347 = PRESENTATION_STYLE_ASSIGNMENT((#15348));
#15348 = SURFACE_STYLE_USAGE(.BOTH.,#15349);
#15349 = SURFACE_SIDE_STYLE('',(#15350));
#15350 = SURFACE_STYLE_FILL_AREA(#15351);
#15351 = FILL_AREA_STYLE('',(#15352));
#15352 = FILL_AREA_STYLE_COLOUR('',#15324);
#15353 = STYLED_ITEM('color',(#15354),#8440);
#15354 = PRESENTATION_STYLE_ASSIGNMENT((#15355));
#15355 = SURFACE_STYLE_USAGE(.BOTH.,#15356);
#15356 = SURFACE_SIDE_STYLE('',(#15357));
#15357 = SURFACE_STYLE_FILL_AREA(#15358);
#15358 = FILL_AREA_STYLE('',(#15359));
#15359 = FILL_AREA_STYLE_COLOUR('',#15324);
#15360 = STYLED_ITEM('color',(#15361),#8457);
#15361 = PRESENTATION_STYLE_ASSIGNMENT((#15362));
#15362 = SURFACE_STYLE_USAGE(.BOTH.,#15363);
#15363 = SURFACE_SIDE_STYLE('',(#15364));
#15364 = SURFACE_STYLE_FILL_AREA(#15365);
#15365 = FILL_AREA_STYLE('',(#15366));
#15366 = FILL_AREA_STYLE_COLOUR('',#15324);
#15367 = STYLED_ITEM('color',(#15368),#8474);
#15368 = PRESENTATION_STYLE_ASSIGNMENT((#15369));
#15369 = SURFACE_STYLE_USAGE(.BOTH.,#15370);
#15370 = SURFACE_SIDE_STYLE('',(#15371));
#15371 = SURFACE_STYLE_FILL_AREA(#15372);
#15372 = FILL_AREA_STYLE('',(#15373));
#15373 = FILL_AREA_STYLE_COLOUR('',#15324);
#15374 = STYLED_ITEM('color',(#15375),#8491);
#15375 = PRESENTATION_STYLE_ASSIGNMENT((#15376));
#15376 = SURFACE_STYLE_USAGE(.BOTH.,#15377);
#15377 = SURFACE_SIDE_STYLE('',(#15378));
#15378 = SURFACE_STYLE_FILL_AREA(#15379);
#15379 = FILL_AREA_STYLE('',(#15380));
#15380 = FILL_AREA_STYLE_COLOUR('',#15324);
#15381 = STYLED_ITEM('color',(#15382),#8508);
#15382 = PRESENTATION_STYLE_ASSIGNMENT((#15383));
#15383 = SURFACE_STYLE_USAGE(.BOTH.,#15384);
#15384 = SURFACE_SIDE_STYLE('',(#15385));
#15385 = SURFACE_STYLE_FILL_AREA(#15386);
#15386 = FILL_AREA_STYLE('',(#15387));
#15387 = FILL_AREA_STYLE_COLOUR('',#15324);
#15388 = STYLED_ITEM('color',(#15389),#8525);
#15389 = PRESENTATION_STYLE_ASSIGNMENT((#15390));
#15390 = SURFACE_STYLE_USAGE(.BOTH.,#15391);
#15391 = SURFACE_SIDE_STYLE('',(#15392));
#15392 = SURFACE_STYLE_FILL_AREA(#15393);
#15393 = FILL_AREA_STYLE('',(#15394));
#15394 = FILL_AREA_STYLE_COLOUR('',#15324);
#15395 = STYLED_ITEM('color',(#15396),#8542);
#15396 = PRESENTATION_STYLE_ASSIGNMENT((#15397));
#15397 = SURFACE_STYLE_USAGE(.BOTH.,#15398);
#15398 = SURFACE_SIDE_STYLE('',(#15399));
#15399 = SURFACE_STYLE_FILL_AREA(#15400);
#15400 = FILL_AREA_STYLE('',(#15401));
#15401 = FILL_AREA_STYLE_COLOUR('',#15324);
#15402 = STYLED_ITEM('color',(#15403),#8559);
#15403 = PRESENTATION_STYLE_ASSIGNMENT((#15404));
#15404 = SURFACE_STYLE_USAGE(.BOTH.,#15405);
#15405 = SURFACE_SIDE_STYLE('',(#15406));
#15406 = SURFACE_STYLE_FILL_AREA(#15407);
#15407 = FILL_AREA_STYLE('',(#15408));
#15408 = FILL_AREA_STYLE_COLOUR('',#15324);
#15409 = STYLED_ITEM('color',(#15410),#8576);
#15410 = PRESENTATION_STYLE_ASSIGNMENT((#15411));
#15411 = SURFACE_STYLE_USAGE(.BOTH.,#15412);
#15412 = SURFACE_SIDE_STYLE('',(#15413));
#15413 = SURFACE_STYLE_FILL_AREA(#15414);
#15414 = FILL_AREA_STYLE('',(#15415));
#15415 = FILL_AREA_STYLE_COLOUR('',#15324);
#15416 = STYLED_ITEM('color',(#15417),#8593);
#15417 = PRESENTATION_STYLE_ASSIGNMENT((#15418));
#15418 = SURFACE_STYLE_USAGE(.BOTH.,#15419);
#15419 = SURFACE_SIDE_STYLE('',(#15420));
#15420 = SURFACE_STYLE_FILL_AREA(#15421);
#15421 = FILL_AREA_STYLE('',(#15422));
#15422 = FILL_AREA_STYLE_COLOUR('',#15324);
#15423 = STYLED_ITEM('color',(#15424),#8610);
#15424 = PRESENTATION_STYLE_ASSIGNMENT((#15425));
#15425 = SURFACE_STYLE_USAGE(.BOTH.,#15426);
#15426 = SURFACE_SIDE_STYLE('',(#15427));
#15427 = SURFACE_STYLE_FILL_AREA(#15428);
#15428 = FILL_AREA_STYLE('',(#15429));
#15429 = FILL_AREA_STYLE_COLOUR('',#15324);
#15430 = STYLED_ITEM('color',(#15431),#8627);
#15431 = PRESENTATION_STYLE_ASSIGNMENT((#15432));
#15432 = SURFACE_STYLE_USAGE(.BOTH.,#15433);
#15433 = SURFACE_SIDE_STYLE('',(#15434));
#15434 = SURFACE_STYLE_FILL_AREA(#15435);
#15435 = FILL_AREA_STYLE('',(#15436));
#15436 = FILL_AREA_STYLE_COLOUR('',#15324);
#15437 = STYLED_ITEM('color',(#15438),#8644);
#15438 = PRESENTATION_STYLE_ASSIGNMENT((#15439));
#15439 = SURFACE_STYLE_USAGE(.BOTH.,#15440);
#15440 = SURFACE_SIDE_STYLE('',(#15441));
#15441 = SURFACE_STYLE_FILL_AREA(#15442);
#15442 = FILL_AREA_STYLE('',(#15443));
#15443 = FILL_AREA_STYLE_COLOUR('',#15324);
#15444 = STYLED_ITEM('color',(#15445),#8661);
#15445 = PRESENTATION_STYLE_ASSIGNMENT((#15446));
#15446 = SURFACE_STYLE_USAGE(.BOTH.,#15447);
#15447 = SURFACE_SIDE_STYLE('',(#15448));
#15448 = SURFACE_STYLE_FILL_AREA(#15449);
#15449 = FILL_AREA_STYLE('',(#15450));
#15450 = FILL_AREA_STYLE_COLOUR('',#15324);
#15451 = STYLED_ITEM('color',(#15452),#8678);
#15452 = PRESENTATION_STYLE_ASSIGNMENT((#15453));
#15453 = SURFACE_STYLE_USAGE(.BOTH.,#15454);
#15454 = SURFACE_SIDE_STYLE('',(#15455));
#15455 = SURFACE_STYLE_FILL_AREA(#15456);
#15456 = FILL_AREA_STYLE('',(#15457));
#15457 = FILL_AREA_STYLE_COLOUR('',#15324);
#15458 = STYLED_ITEM('color',(#15459),#8695);
#15459 = PRESENTATION_STYLE_ASSIGNMENT((#15460));
#15460 = SURFACE_STYLE_USAGE(.BOTH.,#15461);
#15461 = SURFACE_SIDE_STYLE('',(#15462));
#15462 = SURFACE_STYLE_FILL_AREA(#15463);
#15463 = FILL_AREA_STYLE('',(#15464));
#15464 = FILL_AREA_STYLE_COLOUR('',#15324);
#15465 = STYLED_ITEM('color',(#15466),#8712);
#15466 = PRESENTATION_STYLE_ASSIGNMENT((#15467));
#15467 = SURFACE_STYLE_USAGE(.BOTH.,#15468);
#15468 = SURFACE_SIDE_STYLE('',(#15469));
#15469 = SURFACE_STYLE_FILL_AREA(#15470);
#15470 = FILL_AREA_STYLE('',(#15471));
#15471 = FILL_AREA_STYLE_COLOUR('',#15324);
#15472 = STYLED_ITEM('color',(#15473),#8724);
#15473 = PRESENTATION_STYLE_ASSIGNMENT((#15474));
#15474 = SURFACE_STYLE_USAGE(.BOTH.,#15475);
#15475 = SURFACE_SIDE_STYLE('',(#15476));
#15476 = SURFACE_STYLE_FILL_AREA(#15477);
#15477 = FILL_AREA_STYLE('',(#15478));
#15478 = FILL_AREA_STYLE_COLOUR('',#15479);
#15479 = COLOUR_RGB('',0.859000020776,0.737999965183,0.495999988746);
#15480 = STYLED_ITEM('color',(#15481),#8755);
#15481 = PRESENTATION_STYLE_ASSIGNMENT((#15482));
#15482 = SURFACE_STYLE_USAGE(.BOTH.,#15483);
#15483 = SURFACE_SIDE_STYLE('',(#15484));
#15484 = SURFACE_STYLE_FILL_AREA(#15485);
#15485 = FILL_AREA_STYLE('',(#15486));
#15486 = FILL_AREA_STYLE_COLOUR('',#15479);
#15487 = STYLED_ITEM('color',(#15488),#8779);
#15488 = PRESENTATION_STYLE_ASSIGNMENT((#15489));
#15489 = SURFACE_STYLE_USAGE(.BOTH.,#15490);
#15490 = SURFACE_SIDE_STYLE('',(#15491));
#15491 = SURFACE_STYLE_FILL_AREA(#15492);
#15492 = FILL_AREA_STYLE('',(#15493));
#15493 = FILL_AREA_STYLE_COLOUR('',#15479);
#15494 = STYLED_ITEM('color',(#15495),#8803);
#15495 = PRESENTATION_STYLE_ASSIGNMENT((#15496));
#15496 = SURFACE_STYLE_USAGE(.BOTH.,#15497);
#15497 = SURFACE_SIDE_STYLE('',(#15498));
#15498 = SURFACE_STYLE_FILL_AREA(#15499);
#15499 = FILL_AREA_STYLE('',(#15500));
#15500 = FILL_AREA_STYLE_COLOUR('',#15479);
#15501 = STYLED_ITEM('color',(#15502),#8820);
#15502 = PRESENTATION_STYLE_ASSIGNMENT((#15503));
#15503 = SURFACE_STYLE_USAGE(.BOTH.,#15504);
#15504 = SURFACE_SIDE_STYLE('',(#15505));
#15505 = SURFACE_STYLE_FILL_AREA(#15506);
#15506 = FILL_AREA_STYLE('',(#15507));
#15507 = FILL_AREA_STYLE_COLOUR('',#15479);
#15508 = STYLED_ITEM('color',(#15509),#8851);
#15509 = PRESENTATION_STYLE_ASSIGNMENT((#15510));
#15510 = SURFACE_STYLE_USAGE(.BOTH.,#15511);
#15511 = SURFACE_SIDE_STYLE('',(#15512));
#15512 = SURFACE_STYLE_FILL_AREA(#15513);
#15513 = FILL_AREA_STYLE('',(#15514));
#15514 = FILL_AREA_STYLE_COLOUR('',#15479);
#15515 = STYLED_ITEM('color',(#15516),#8875);
#15516 = PRESENTATION_STYLE_ASSIGNMENT((#15517));
#15517 = SURFACE_STYLE_USAGE(.BOTH.,#15518);
#15518 = SURFACE_SIDE_STYLE('',(#15519));
#15519 = SURFACE_STYLE_FILL_AREA(#15520);
#15520 = FILL_AREA_STYLE('',(#15521));
#15521 = FILL_AREA_STYLE_COLOUR('',#15479);
#15522 = STYLED_ITEM('color',(#15523),#8899);
#15523 = PRESENTATION_STYLE_ASSIGNMENT((#15524));
#15524 = SURFACE_STYLE_USAGE(.BOTH.,#15525);
#15525 = SURFACE_SIDE_STYLE('',(#15526));
#15526 = SURFACE_STYLE_FILL_AREA(#15527);
#15527 = FILL_AREA_STYLE('',(#15528));
#15528 = FILL_AREA_STYLE_COLOUR('',#15479);
#15529 = STYLED_ITEM('color',(#15530),#8916);
#15530 = PRESENTATION_STYLE_ASSIGNMENT((#15531));
#15531 = SURFACE_STYLE_USAGE(.BOTH.,#15532);
#15532 = SURFACE_SIDE_STYLE('',(#15533));
#15533 = SURFACE_STYLE_FILL_AREA(#15534);
#15534 = FILL_AREA_STYLE('',(#15535));
#15535 = FILL_AREA_STYLE_COLOUR('',#15479);
#15536 = STYLED_ITEM('color',(#15537),#8947);
#15537 = PRESENTATION_STYLE_ASSIGNMENT((#15538));
#15538 = SURFACE_STYLE_USAGE(.BOTH.,#15539);
#15539 = SURFACE_SIDE_STYLE('',(#15540));
#15540 = SURFACE_STYLE_FILL_AREA(#15541);
#15541 = FILL_AREA_STYLE('',(#15542));
#15542 = FILL_AREA_STYLE_COLOUR('',#15479);
#15543 = STYLED_ITEM('color',(#15544),#8971);
#15544 = PRESENTATION_STYLE_ASSIGNMENT((#15545));
#15545 = SURFACE_STYLE_USAGE(.BOTH.,#15546);
#15546 = SURFACE_SIDE_STYLE('',(#15547));
#15547 = SURFACE_STYLE_FILL_AREA(#15548);
#15548 = FILL_AREA_STYLE('',(#15549));
#15549 = FILL_AREA_STYLE_COLOUR('',#15479);
#15550 = STYLED_ITEM('color',(#15551),#8995);
#15551 = PRESENTATION_STYLE_ASSIGNMENT((#15552));
#15552 = SURFACE_STYLE_USAGE(.BOTH.,#15553);
#15553 = SURFACE_SIDE_STYLE('',(#15554));
#15554 = SURFACE_STYLE_FILL_AREA(#15555);
#15555 = FILL_AREA_STYLE('',(#15556));
#15556 = FILL_AREA_STYLE_COLOUR('',#15479);
#15557 = STYLED_ITEM('color',(#15558),#9012);
#15558 = PRESENTATION_STYLE_ASSIGNMENT((#15559));
#15559 = SURFACE_STYLE_USAGE(.BOTH.,#15560);
#15560 = SURFACE_SIDE_STYLE('',(#15561));
#15561 = SURFACE_STYLE_FILL_AREA(#15562);
#15562 = FILL_AREA_STYLE('',(#15563));
#15563 = FILL_AREA_STYLE_COLOUR('',#15479);
#15564 = STYLED_ITEM('color',(#15565),#9043);
#15565 = PRESENTATION_STYLE_ASSIGNMENT((#15566));
#15566 = SURFACE_STYLE_USAGE(.BOTH.,#15567);
#15567 = SURFACE_SIDE_STYLE('',(#15568));
#15568 = SURFACE_STYLE_FILL_AREA(#15569);
#15569 = FILL_AREA_STYLE('',(#15570));
#15570 = FILL_AREA_STYLE_COLOUR('',#15479);
#15571 = STYLED_ITEM('color',(#15572),#9067);
#15572 = PRESENTATION_STYLE_ASSIGNMENT((#15573));
#15573 = SURFACE_STYLE_USAGE(.BOTH.,#15574);
#15574 = SURFACE_SIDE_STYLE('',(#15575));
#15575 = SURFACE_STYLE_FILL_AREA(#15576);
#15576 = FILL_AREA_STYLE('',(#15577));
#15577 = FILL_AREA_STYLE_COLOUR('',#15479);
#15578 = STYLED_ITEM('color',(#15579),#9091);
#15579 = PRESENTATION_STYLE_ASSIGNMENT((#15580));
#15580 = SURFACE_STYLE_USAGE(.BOTH.,#15581);
#15581 = SURFACE_SIDE_STYLE('',(#15582));
#15582 = SURFACE_STYLE_FILL_AREA(#15583);
#15583 = FILL_AREA_STYLE('',(#15584));
#15584 = FILL_AREA_STYLE_COLOUR('',#15479);
#15585 = STYLED_ITEM('color',(#15586),#9108);
#15586 = PRESENTATION_STYLE_ASSIGNMENT((#15587));
#15587 = SURFACE_STYLE_USAGE(.BOTH.,#15588);
#15588 = SURFACE_SIDE_STYLE('',(#15589));
#15589 = SURFACE_STYLE_FILL_AREA(#15590);
#15590 = FILL_AREA_STYLE('',(#15591));
#15591 = FILL_AREA_STYLE_COLOUR('',#15479);
#15592 = STYLED_ITEM('color',(#15593),#9139);
#15593 = PRESENTATION_STYLE_ASSIGNMENT((#15594));
#15594 = SURFACE_STYLE_USAGE(.BOTH.,#15595);
#15595 = SURFACE_SIDE_STYLE('',(#15596));
#15596 = SURFACE_STYLE_FILL_AREA(#15597);
#15597 = FILL_AREA_STYLE('',(#15598));
#15598 = FILL_AREA_STYLE_COLOUR('',#15479);
#15599 = STYLED_ITEM('color',(#15600),#9163);
#15600 = PRESENTATION_STYLE_ASSIGNMENT((#15601));
#15601 = SURFACE_STYLE_USAGE(.BOTH.,#15602);
#15602 = SURFACE_SIDE_STYLE('',(#15603));
#15603 = SURFACE_STYLE_FILL_AREA(#15604);
#15604 = FILL_AREA_STYLE('',(#15605));
#15605 = FILL_AREA_STYLE_COLOUR('',#15479);
#15606 = STYLED_ITEM('color',(#15607),#9187);
#15607 = PRESENTATION_STYLE_ASSIGNMENT((#15608));
#15608 = SURFACE_STYLE_USAGE(.BOTH.,#15609);
#15609 = SURFACE_SIDE_STYLE('',(#15610));
#15610 = SURFACE_STYLE_FILL_AREA(#15611);
#15611 = FILL_AREA_STYLE('',(#15612));
#15612 = FILL_AREA_STYLE_COLOUR('',#15479);
#15613 = STYLED_ITEM('color',(#15614),#9204);
#15614 = PRESENTATION_STYLE_ASSIGNMENT((#15615));
#15615 = SURFACE_STYLE_USAGE(.BOTH.,#15616);
#15616 = SURFACE_SIDE_STYLE('',(#15617));
#15617 = SURFACE_STYLE_FILL_AREA(#15618);
#15618 = FILL_AREA_STYLE('',(#15619));
#15619 = FILL_AREA_STYLE_COLOUR('',#15479);
#15620 = STYLED_ITEM('color',(#15621),#9235);
#15621 = PRESENTATION_STYLE_ASSIGNMENT((#15622));
#15622 = SURFACE_STYLE_USAGE(.BOTH.,#15623);
#15623 = SURFACE_SIDE_STYLE('',(#15624));
#15624 = SURFACE_STYLE_FILL_AREA(#15625);
#15625 = FILL_AREA_STYLE('',(#15626));
#15626 = FILL_AREA_STYLE_COLOUR('',#15479);
#15627 = STYLED_ITEM('color',(#15628),#9259);
#15628 = PRESENTATION_STYLE_ASSIGNMENT((#15629));
#15629 = SURFACE_STYLE_USAGE(.BOTH.,#15630);
#15630 = SURFACE_SIDE_STYLE('',(#15631));
#15631 = SURFACE_STYLE_FILL_AREA(#15632);
#15632 = FILL_AREA_STYLE('',(#15633));
#15633 = FILL_AREA_STYLE_COLOUR('',#15479);
#15634 = STYLED_ITEM('color',(#15635),#9283);
#15635 = PRESENTATION_STYLE_ASSIGNMENT((#15636));
#15636 = SURFACE_STYLE_USAGE(.BOTH.,#15637);
#15637 = SURFACE_SIDE_STYLE('',(#15638));
#15638 = SURFACE_STYLE_FILL_AREA(#15639);
#15639 = FILL_AREA_STYLE('',(#15640));
#15640 = FILL_AREA_STYLE_COLOUR('',#15479);
#15641 = STYLED_ITEM('color',(#15642),#9300);
#15642 = PRESENTATION_STYLE_ASSIGNMENT((#15643));
#15643 = SURFACE_STYLE_USAGE(.BOTH.,#15644);
#15644 = SURFACE_SIDE_STYLE('',(#15645));
#15645 = SURFACE_STYLE_FILL_AREA(#15646);
#15646 = FILL_AREA_STYLE('',(#15647));
#15647 = FILL_AREA_STYLE_COLOUR('',#15479);
#15648 = STYLED_ITEM('color',(#15649),#9331);
#15649 = PRESENTATION_STYLE_ASSIGNMENT((#15650));
#15650 = SURFACE_STYLE_USAGE(.BOTH.,#15651);
#15651 = SURFACE_SIDE_STYLE('',(#15652));
#15652 = SURFACE_STYLE_FILL_AREA(#15653);
#15653 = FILL_AREA_STYLE('',(#15654));
#15654 = FILL_AREA_STYLE_COLOUR('',#15479);
#15655 = STYLED_ITEM('color',(#15656),#9355);
#15656 = PRESENTATION_STYLE_ASSIGNMENT((#15657));
#15657 = SURFACE_STYLE_USAGE(.BOTH.,#15658);
#15658 = SURFACE_SIDE_STYLE('',(#15659));
#15659 = SURFACE_STYLE_FILL_AREA(#15660);
#15660 = FILL_AREA_STYLE('',(#15661));
#15661 = FILL_AREA_STYLE_COLOUR('',#15479);
#15662 = STYLED_ITEM('color',(#15663),#9379);
#15663 = PRESENTATION_STYLE_ASSIGNMENT((#15664));
#15664 = SURFACE_STYLE_USAGE(.BOTH.,#15665);
#15665 = SURFACE_SIDE_STYLE('',(#15666));
#15666 = SURFACE_STYLE_FILL_AREA(#15667);
#15667 = FILL_AREA_STYLE('',(#15668));
#15668 = FILL_AREA_STYLE_COLOUR('',#15479);
#15669 = STYLED_ITEM('color',(#15670),#9396);
#15670 = PRESENTATION_STYLE_ASSIGNMENT((#15671));
#15671 = SURFACE_STYLE_USAGE(.BOTH.,#15672);
#15672 = SURFACE_SIDE_STYLE('',(#15673));
#15673 = SURFACE_STYLE_FILL_AREA(#15674);
#15674 = FILL_AREA_STYLE('',(#15675));
#15675 = FILL_AREA_STYLE_COLOUR('',#15479);
#15676 = STYLED_ITEM('color',(#15677),#9427);
#15677 = PRESENTATION_STYLE_ASSIGNMENT((#15678));
#15678 = SURFACE_STYLE_USAGE(.BOTH.,#15679);
#15679 = SURFACE_SIDE_STYLE('',(#15680));
#15680 = SURFACE_STYLE_FILL_AREA(#15681);
#15681 = FILL_AREA_STYLE('',(#15682));
#15682 = FILL_AREA_STYLE_COLOUR('',#15479);
#15683 = STYLED_ITEM('color',(#15684),#9451);
#15684 = PRESENTATION_STYLE_ASSIGNMENT((#15685));
#15685 = SURFACE_STYLE_USAGE(.BOTH.,#15686);
#15686 = SURFACE_SIDE_STYLE('',(#15687));
#15687 = SURFACE_STYLE_FILL_AREA(#15688);
#15688 = FILL_AREA_STYLE('',(#15689));
#15689 = FILL_AREA_STYLE_COLOUR('',#15479);
#15690 = STYLED_ITEM('color',(#15691),#9475);
#15691 = PRESENTATION_STYLE_ASSIGNMENT((#15692));
#15692 = SURFACE_STYLE_USAGE(.BOTH.,#15693);
#15693 = SURFACE_SIDE_STYLE('',(#15694));
#15694 = SURFACE_STYLE_FILL_AREA(#15695);
#15695 = FILL_AREA_STYLE('',(#15696));
#15696 = FILL_AREA_STYLE_COLOUR('',#15479);
#15697 = STYLED_ITEM('color',(#15698),#9492);
#15698 = PRESENTATION_STYLE_ASSIGNMENT((#15699));
#15699 = SURFACE_STYLE_USAGE(.BOTH.,#15700);
#15700 = SURFACE_SIDE_STYLE('',(#15701));
#15701 = SURFACE_STYLE_FILL_AREA(#15702);
#15702 = FILL_AREA_STYLE('',(#15703));
#15703 = FILL_AREA_STYLE_COLOUR('',#15479);
#15704 = STYLED_ITEM('color',(#15705),#9523);
#15705 = PRESENTATION_STYLE_ASSIGNMENT((#15706));
#15706 = SURFACE_STYLE_USAGE(.BOTH.,#15707);
#15707 = SURFACE_SIDE_STYLE('',(#15708));
#15708 = SURFACE_STYLE_FILL_AREA(#15709);
#15709 = FILL_AREA_STYLE('',(#15710));
#15710 = FILL_AREA_STYLE_COLOUR('',#15479);
#15711 = STYLED_ITEM('color',(#15712),#9547);
#15712 = PRESENTATION_STYLE_ASSIGNMENT((#15713));
#15713 = SURFACE_STYLE_USAGE(.BOTH.,#15714);
#15714 = SURFACE_SIDE_STYLE('',(#15715));
#15715 = SURFACE_STYLE_FILL_AREA(#15716);
#15716 = FILL_AREA_STYLE('',(#15717));
#15717 = FILL_AREA_STYLE_COLOUR('',#15479);
#15718 = STYLED_ITEM('color',(#15719),#9571);
#15719 = PRESENTATION_STYLE_ASSIGNMENT((#15720));
#15720 = SURFACE_STYLE_USAGE(.BOTH.,#15721);
#15721 = SURFACE_SIDE_STYLE('',(#15722));
#15722 = SURFACE_STYLE_FILL_AREA(#15723);
#15723 = FILL_AREA_STYLE('',(#15724));
#15724 = FILL_AREA_STYLE_COLOUR('',#15479);
#15725 = STYLED_ITEM('color',(#15726),#9588);
#15726 = PRESENTATION_STYLE_ASSIGNMENT((#15727));
#15727 = SURFACE_STYLE_USAGE(.BOTH.,#15728);
#15728 = SURFACE_SIDE_STYLE('',(#15729));
#15729 = SURFACE_STYLE_FILL_AREA(#15730);
#15730 = FILL_AREA_STYLE('',(#15731));
#15731 = FILL_AREA_STYLE_COLOUR('',#15479);
#15732 = STYLED_ITEM('color',(#15733),#9619);
#15733 = PRESENTATION_STYLE_ASSIGNMENT((#15734));
#15734 = SURFACE_STYLE_USAGE(.BOTH.,#15735);
#15735 = SURFACE_SIDE_STYLE('',(#15736));
#15736 = SURFACE_STYLE_FILL_AREA(#15737);
#15737 = FILL_AREA_STYLE('',(#15738));
#15738 = FILL_AREA_STYLE_COLOUR('',#15479);
#15739 = STYLED_ITEM('color',(#15740),#9643);
#15740 = PRESENTATION_STYLE_ASSIGNMENT((#15741));
#15741 = SURFACE_STYLE_USAGE(.BOTH.,#15742);
#15742 = SURFACE_SIDE_STYLE('',(#15743));
#15743 = SURFACE_STYLE_FILL_AREA(#15744);
#15744 = FILL_AREA_STYLE('',(#15745));
#15745 = FILL_AREA_STYLE_COLOUR('',#15479);
#15746 = STYLED_ITEM('color',(#15747),#9667);
#15747 = PRESENTATION_STYLE_ASSIGNMENT((#15748));
#15748 = SURFACE_STYLE_USAGE(.BOTH.,#15749);
#15749 = SURFACE_SIDE_STYLE('',(#15750));
#15750 = SURFACE_STYLE_FILL_AREA(#15751);
#15751 = FILL_AREA_STYLE('',(#15752));
#15752 = FILL_AREA_STYLE_COLOUR('',#15479);
#15753 = STYLED_ITEM('color',(#15754),#9684);
#15754 = PRESENTATION_STYLE_ASSIGNMENT((#15755));
#15755 = SURFACE_STYLE_USAGE(.BOTH.,#15756);
#15756 = SURFACE_SIDE_STYLE('',(#15757));
#15757 = SURFACE_STYLE_FILL_AREA(#15758);
#15758 = FILL_AREA_STYLE('',(#15759));
#15759 = FILL_AREA_STYLE_COLOUR('',#15479);
#15760 = STYLED_ITEM('color',(#15761),#9715);
#15761 = PRESENTATION_STYLE_ASSIGNMENT((#15762));
#15762 = SURFACE_STYLE_USAGE(.BOTH.,#15763);
#15763 = SURFACE_SIDE_STYLE('',(#15764));
#15764 = SURFACE_STYLE_FILL_AREA(#15765);
#15765 = FILL_AREA_STYLE('',(#15766));
#15766 = FILL_AREA_STYLE_COLOUR('',#15479);
#15767 = STYLED_ITEM('color',(#15768),#9739);
#15768 = PRESENTATION_STYLE_ASSIGNMENT((#15769));
#15769 = SURFACE_STYLE_USAGE(.BOTH.,#15770);
#15770 = SURFACE_SIDE_STYLE('',(#15771));
#15771 = SURFACE_STYLE_FILL_AREA(#15772);
#15772 = FILL_AREA_STYLE('',(#15773));
#15773 = FILL_AREA_STYLE_COLOUR('',#15479);
#15774 = STYLED_ITEM('color',(#15775),#9763);
#15775 = PRESENTATION_STYLE_ASSIGNMENT((#15776));
#15776 = SURFACE_STYLE_USAGE(.BOTH.,#15777);
#15777 = SURFACE_SIDE_STYLE('',(#15778));
#15778 = SURFACE_STYLE_FILL_AREA(#15779);
#15779 = FILL_AREA_STYLE('',(#15780));
#15780 = FILL_AREA_STYLE_COLOUR('',#15479);
#15781 = STYLED_ITEM('color',(#15782),#9780);
#15782 = PRESENTATION_STYLE_ASSIGNMENT((#15783));
#15783 = SURFACE_STYLE_USAGE(.BOTH.,#15784);
#15784 = SURFACE_SIDE_STYLE('',(#15785));
#15785 = SURFACE_STYLE_FILL_AREA(#15786);
#15786 = FILL_AREA_STYLE('',(#15787));
#15787 = FILL_AREA_STYLE_COLOUR('',#15479);
#15788 = STYLED_ITEM('color',(#15789),#9811);
#15789 = PRESENTATION_STYLE_ASSIGNMENT((#15790));
#15790 = SURFACE_STYLE_USAGE(.BOTH.,#15791);
#15791 = SURFACE_SIDE_STYLE('',(#15792));
#15792 = SURFACE_STYLE_FILL_AREA(#15793);
#15793 = FILL_AREA_STYLE('',(#15794));
#15794 = FILL_AREA_STYLE_COLOUR('',#15479);
#15795 = STYLED_ITEM('color',(#15796),#9835);
#15796 = PRESENTATION_STYLE_ASSIGNMENT((#15797));
#15797 = SURFACE_STYLE_USAGE(.BOTH.,#15798);
#15798 = SURFACE_SIDE_STYLE('',(#15799));
#15799 = SURFACE_STYLE_FILL_AREA(#15800);
#15800 = FILL_AREA_STYLE('',(#15801));
#15801 = FILL_AREA_STYLE_COLOUR('',#15479);
#15802 = STYLED_ITEM('color',(#15803),#9859);
#15803 = PRESENTATION_STYLE_ASSIGNMENT((#15804));
#15804 = SURFACE_STYLE_USAGE(.BOTH.,#15805);
#15805 = SURFACE_SIDE_STYLE('',(#15806));
#15806 = SURFACE_STYLE_FILL_AREA(#15807);
#15807 = FILL_AREA_STYLE('',(#15808));
#15808 = FILL_AREA_STYLE_COLOUR('',#15479);
#15809 = STYLED_ITEM('color',(#15810),#9876);
#15810 = PRESENTATION_STYLE_ASSIGNMENT((#15811));
#15811 = SURFACE_STYLE_USAGE(.BOTH.,#15812);
#15812 = SURFACE_SIDE_STYLE('',(#15813));
#15813 = SURFACE_STYLE_FILL_AREA(#15814);
#15814 = FILL_AREA_STYLE('',(#15815));
#15815 = FILL_AREA_STYLE_COLOUR('',#15479);
#15816 = STYLED_ITEM('color',(#15817),#9888);
#15817 = PRESENTATION_STYLE_ASSIGNMENT((#15818));
#15818 = SURFACE_STYLE_USAGE(.BOTH.,#15819);
#15819 = SURFACE_SIDE_STYLE('',(#15820));
#15820 = SURFACE_STYLE_FILL_AREA(#15821);
#15821 = FILL_AREA_STYLE('',(#15822));
#15822 = FILL_AREA_STYLE_COLOUR('',#15479);
#15823 = STYLED_ITEM('color',(#15824),#9900);
#15824 = PRESENTATION_STYLE_ASSIGNMENT((#15825));
#15825 = SURFACE_STYLE_USAGE(.BOTH.,#15826);
#15826 = SURFACE_SIDE_STYLE('',(#15827));
#15827 = SURFACE_STYLE_FILL_AREA(#15828);
#15828 = FILL_AREA_STYLE('',(#15829));
#15829 = FILL_AREA_STYLE_COLOUR('',#15479);
#15830 = STYLED_ITEM('color',(#15831),#9912);
#15831 = PRESENTATION_STYLE_ASSIGNMENT((#15832));
#15832 = SURFACE_STYLE_USAGE(.BOTH.,#15833);
#15833 = SURFACE_SIDE_STYLE('',(#15834));
#15834 = SURFACE_STYLE_FILL_AREA(#15835);
#15835 = FILL_AREA_STYLE('',(#15836));
#15836 = FILL_AREA_STYLE_COLOUR('',#15479);
#15837 = STYLED_ITEM('color',(#15838),#9924);
#15838 = PRESENTATION_STYLE_ASSIGNMENT((#15839));
#15839 = SURFACE_STYLE_USAGE(.BOTH.,#15840);
#15840 = SURFACE_SIDE_STYLE('',(#15841));
#15841 = SURFACE_STYLE_FILL_AREA(#15842);
#15842 = FILL_AREA_STYLE('',(#15843));
#15843 = FILL_AREA_STYLE_COLOUR('',#15479);
#15844 = STYLED_ITEM('color',(#15845),#9936);
#15845 = PRESENTATION_STYLE_ASSIGNMENT((#15846));
#15846 = SURFACE_STYLE_USAGE(.BOTH.,#15847);
#15847 = SURFACE_SIDE_STYLE('',(#15848));
#15848 = SURFACE_STYLE_FILL_AREA(#15849);
#15849 = FILL_AREA_STYLE('',(#15850));
#15850 = FILL_AREA_STYLE_COLOUR('',#15479);
#15851 = MECHANICAL_DESIGN_GEOMETRIC_PRESENTATION_REPRESENTATION('',(
    #15852,#15859,#15866,#15873,#15880,#15887,#15894,#15901,#15908,
    #15915,#15922,#15929,#15936,#15943,#15950,#15957,#15964,#15971,
    #15978,#15985,#15992,#15999,#16006,#16013,#16020,#16027,#16034,
    #16041),#1836);
#15852 = STYLED_ITEM('color',(#15853),#984);
#15853 = PRESENTATION_STYLE_ASSIGNMENT((#15854));
#15854 = SURFACE_STYLE_USAGE(.BOTH.,#15855);
#15855 = SURFACE_SIDE_STYLE('',(#15856));
#15856 = SURFACE_STYLE_FILL_AREA(#15857);
#15857 = FILL_AREA_STYLE('',(#15858));
#15858 = FILL_AREA_STYLE_COLOUR('',#13805);
#15859 = STYLED_ITEM('color',(#15860),#1060);
#15860 = PRESENTATION_STYLE_ASSIGNMENT((#15861));
#15861 = SURFACE_STYLE_USAGE(.BOTH.,#15862);
#15862 = SURFACE_SIDE_STYLE('',(#15863));
#15863 = SURFACE_STYLE_FILL_AREA(#15864);
#15864 = FILL_AREA_STYLE('',(#15865));
#15865 = FILL_AREA_STYLE_COLOUR('',#13805);
#15866 = STYLED_ITEM('color',(#15867),#1091);
#15867 = PRESENTATION_STYLE_ASSIGNMENT((#15868));
#15868 = SURFACE_STYLE_USAGE(.BOTH.,#15869);
#15869 = SURFACE_SIDE_STYLE('',(#15870));
#15870 = SURFACE_STYLE_FILL_AREA(#15871);
#15871 = FILL_AREA_STYLE('',(#15872));
#15872 = FILL_AREA_STYLE_COLOUR('',#13805);
#15873 = STYLED_ITEM('color',(#15874),#1116);
#15874 = PRESENTATION_STYLE_ASSIGNMENT((#15875));
#15875 = SURFACE_STYLE_USAGE(.BOTH.,#15876);
#15876 = SURFACE_SIDE_STYLE('',(#15877));
#15877 = SURFACE_STYLE_FILL_AREA(#15878);
#15878 = FILL_AREA_STYLE('',(#15879));
#15879 = FILL_AREA_STYLE_COLOUR('',#13805);
#15880 = STYLED_ITEM('color',(#15881),#1141);
#15881 = PRESENTATION_STYLE_ASSIGNMENT((#15882));
#15882 = SURFACE_STYLE_USAGE(.BOTH.,#15883);
#15883 = SURFACE_SIDE_STYLE('',(#15884));
#15884 = SURFACE_STYLE_FILL_AREA(#15885);
#15885 = FILL_AREA_STYLE('',(#15886));
#15886 = FILL_AREA_STYLE_COLOUR('',#13805);
#15887 = STYLED_ITEM('color',(#15888),#1165);
#15888 = PRESENTATION_STYLE_ASSIGNMENT((#15889));
#15889 = SURFACE_STYLE_USAGE(.BOTH.,#15890);
#15890 = SURFACE_SIDE_STYLE('',(#15891));
#15891 = SURFACE_STYLE_FILL_AREA(#15892);
#15892 = FILL_AREA_STYLE('',(#15893));
#15893 = FILL_AREA_STYLE_COLOUR('',#13805);
#15894 = STYLED_ITEM('color',(#15895),#1189);
#15895 = PRESENTATION_STYLE_ASSIGNMENT((#15896));
#15896 = SURFACE_STYLE_USAGE(.BOTH.,#15897);
#15897 = SURFACE_SIDE_STYLE('',(#15898));
#15898 = SURFACE_STYLE_FILL_AREA(#15899);
#15899 = FILL_AREA_STYLE('',(#15900));
#15900 = FILL_AREA_STYLE_COLOUR('',#13805);
#15901 = STYLED_ITEM('color',(#15902),#1214);
#15902 = PRESENTATION_STYLE_ASSIGNMENT((#15903));
#15903 = SURFACE_STYLE_USAGE(.BOTH.,#15904);
#15904 = SURFACE_SIDE_STYLE('',(#15905));
#15905 = SURFACE_STYLE_FILL_AREA(#15906);
#15906 = FILL_AREA_STYLE('',(#15907));
#15907 = FILL_AREA_STYLE_COLOUR('',#13805);
#15908 = STYLED_ITEM('color',(#15909),#1239);
#15909 = PRESENTATION_STYLE_ASSIGNMENT((#15910));
#15910 = SURFACE_STYLE_USAGE(.BOTH.,#15911);
#15911 = SURFACE_SIDE_STYLE('',(#15912));
#15912 = SURFACE_STYLE_FILL_AREA(#15913);
#15913 = FILL_AREA_STYLE('',(#15914));
#15914 = FILL_AREA_STYLE_COLOUR('',#13805);
#15915 = STYLED_ITEM('color',(#15916),#1256);
#15916 = PRESENTATION_STYLE_ASSIGNMENT((#15917));
#15917 = SURFACE_STYLE_USAGE(.BOTH.,#15918);
#15918 = SURFACE_SIDE_STYLE('',(#15919));
#15919 = SURFACE_STYLE_FILL_AREA(#15920);
#15920 = FILL_AREA_STYLE('',(#15921));
#15921 = FILL_AREA_STYLE_COLOUR('',#13805);
#15922 = STYLED_ITEM('color',(#15923),#1342);
#15923 = PRESENTATION_STYLE_ASSIGNMENT((#15924));
#15924 = SURFACE_STYLE_USAGE(.BOTH.,#15925);
#15925 = SURFACE_SIDE_STYLE('',(#15926));
#15926 = SURFACE_STYLE_FILL_AREA(#15927);
#15927 = FILL_AREA_STYLE('',(#15928));
#15928 = FILL_AREA_STYLE_COLOUR('',#15011);
#15929 = STYLED_ITEM('color',(#15930),#1374);
#15930 = PRESENTATION_STYLE_ASSIGNMENT((#15931));
#15931 = SURFACE_STYLE_USAGE(.BOTH.,#15932);
#15932 = SURFACE_SIDE_STYLE('',(#15933));
#15933 = SURFACE_STYLE_FILL_AREA(#15934);
#15934 = FILL_AREA_STYLE('',(#15935));
#15935 = FILL_AREA_STYLE_COLOUR('',#15011);
#15936 = STYLED_ITEM('color',(#15937),#1398);
#15937 = PRESENTATION_STYLE_ASSIGNMENT((#15938));
#15938 = SURFACE_STYLE_USAGE(.BOTH.,#15939);
#15939 = SURFACE_SIDE_STYLE('',(#15940));
#15940 = SURFACE_STYLE_FILL_AREA(#15941);
#15941 = FILL_AREA_STYLE('',(#15942));
#15942 = FILL_AREA_STYLE_COLOUR('',#15011);
#15943 = STYLED_ITEM('color',(#15944),#1423);
#15944 = PRESENTATION_STYLE_ASSIGNMENT((#15945));
#15945 = SURFACE_STYLE_USAGE(.BOTH.,#15946);
#15946 = SURFACE_SIDE_STYLE('',(#15947));
#15947 = SURFACE_STYLE_FILL_AREA(#15948);
#15948 = FILL_AREA_STYLE('',(#15949));
#15949 = FILL_AREA_STYLE_COLOUR('',#15011);
#15950 = STYLED_ITEM('color',(#15951),#1447);
#15951 = PRESENTATION_STYLE_ASSIGNMENT((#15952));
#15952 = SURFACE_STYLE_USAGE(.BOTH.,#15953);
#15953 = SURFACE_SIDE_STYLE('',(#15954));
#15954 = SURFACE_STYLE_FILL_AREA(#15955);
#15955 = FILL_AREA_STYLE('',(#15956));
#15956 = FILL_AREA_STYLE_COLOUR('',#15011);
#15957 = STYLED_ITEM('color',(#15958),#1472);
#15958 = PRESENTATION_STYLE_ASSIGNMENT((#15959));
#15959 = SURFACE_STYLE_USAGE(.BOTH.,#15960);
#15960 = SURFACE_SIDE_STYLE('',(#15961));
#15961 = SURFACE_STYLE_FILL_AREA(#15962);
#15962 = FILL_AREA_STYLE('',(#15963));
#15963 = FILL_AREA_STYLE_COLOUR('',#15011);
#15964 = STYLED_ITEM('color',(#15965),#1496);
#15965 = PRESENTATION_STYLE_ASSIGNMENT((#15966));
#15966 = SURFACE_STYLE_USAGE(.BOTH.,#15967);
#15967 = SURFACE_SIDE_STYLE('',(#15968));
#15968 = SURFACE_STYLE_FILL_AREA(#15969);
#15969 = FILL_AREA_STYLE('',(#15970));
#15970 = FILL_AREA_STYLE_COLOUR('',#15011);
#15971 = STYLED_ITEM('color',(#15972),#1521);
#15972 = PRESENTATION_STYLE_ASSIGNMENT((#15973));
#15973 = SURFACE_STYLE_USAGE(.BOTH.,#15974);
#15974 = SURFACE_SIDE_STYLE('',(#15975));
#15975 = SURFACE_STYLE_FILL_AREA(#15976);
#15976 = FILL_AREA_STYLE('',(#15977));
#15977 = FILL_AREA_STYLE_COLOUR('',#15011);
#15978 = STYLED_ITEM('color',(#15979),#1538);
#15979 = PRESENTATION_STYLE_ASSIGNMENT((#15980));
#15980 = SURFACE_STYLE_USAGE(.BOTH.,#15981);
#15981 = SURFACE_SIDE_STYLE('',(#15982));
#15982 = SURFACE_STYLE_FILL_AREA(#15983);
#15983 = FILL_AREA_STYLE('',(#15984));
#15984 = FILL_AREA_STYLE_COLOUR('',#13805);
#15985 = STYLED_ITEM('color',(#15986),#1624);
#15986 = PRESENTATION_STYLE_ASSIGNMENT((#15987));
#15987 = SURFACE_STYLE_USAGE(.BOTH.,#15988);
#15988 = SURFACE_SIDE_STYLE('',(#15989));
#15989 = SURFACE_STYLE_FILL_AREA(#15990);
#15990 = FILL_AREA_STYLE('',(#15991));
#15991 = FILL_AREA_STYLE_COLOUR('',#13805);
#15992 = STYLED_ITEM('color',(#15993),#1655);
#15993 = PRESENTATION_STYLE_ASSIGNMENT((#15994));
#15994 = SURFACE_STYLE_USAGE(.BOTH.,#15995);
#15995 = SURFACE_SIDE_STYLE('',(#15996));
#15996 = SURFACE_STYLE_FILL_AREA(#15997);
#15997 = FILL_AREA_STYLE('',(#15998));
#15998 = FILL_AREA_STYLE_COLOUR('',#13805);
#15999 = STYLED_ITEM('color',(#16000),#1680);
#16000 = PRESENTATION_STYLE_ASSIGNMENT((#16001));
#16001 = SURFACE_STYLE_USAGE(.BOTH.,#16002);
#16002 = SURFACE_SIDE_STYLE('',(#16003));
#16003 = SURFACE_STYLE_FILL_AREA(#16004);
#16004 = FILL_AREA_STYLE('',(#16005));
#16005 = FILL_AREA_STYLE_COLOUR('',#13805);
#16006 = STYLED_ITEM('color',(#16007),#1705);
#16007 = PRESENTATION_STYLE_ASSIGNMENT((#16008));
#16008 = SURFACE_STYLE_USAGE(.BOTH.,#16009);
#16009 = SURFACE_SIDE_STYLE('',(#16010));
#16010 = SURFACE_STYLE_FILL_AREA(#16011);
#16011 = FILL_AREA_STYLE('',(#16012));
#16012 = FILL_AREA_STYLE_COLOUR('',#13805);
#16013 = STYLED_ITEM('color',(#16014),#1729);
#16014 = PRESENTATION_STYLE_ASSIGNMENT((#16015));
#16015 = SURFACE_STYLE_USAGE(.BOTH.,#16016);
#16016 = SURFACE_SIDE_STYLE('',(#16017));
#16017 = SURFACE_STYLE_FILL_AREA(#16018);
#16018 = FILL_AREA_STYLE('',(#16019));
#16019 = FILL_AREA_STYLE_COLOUR('',#13805);
#16020 = STYLED_ITEM('color',(#16021),#1753);
#16021 = PRESENTATION_STYLE_ASSIGNMENT((#16022));
#16022 = SURFACE_STYLE_USAGE(.BOTH.,#16023);
#16023 = SURFACE_SIDE_STYLE('',(#16024));
#16024 = SURFACE_STYLE_FILL_AREA(#16025);
#16025 = FILL_AREA_STYLE('',(#16026));
#16026 = FILL_AREA_STYLE_COLOUR('',#13805);
#16027 = STYLED_ITEM('color',(#16028),#1778);
#16028 = PRESENTATION_STYLE_ASSIGNMENT((#16029));
#16029 = SURFACE_STYLE_USAGE(.BOTH.,#16030);
#16030 = SURFACE_SIDE_STYLE('',(#16031));
#16031 = SURFACE_STYLE_FILL_AREA(#16032);
#16032 = FILL_AREA_STYLE('',(#16033));
#16033 = FILL_AREA_STYLE_COLOUR('',#13805);
#16034 = STYLED_ITEM('color',(#16035),#1803);
#16035 = PRESENTATION_STYLE_ASSIGNMENT((#16036));
#16036 = SURFACE_STYLE_USAGE(.BOTH.,#16037);
#16037 = SURFACE_SIDE_STYLE('',(#16038));
#16038 = SURFACE_STYLE_FILL_AREA(#16039);
#16039 = FILL_AREA_STYLE('',(#16040));
#16040 = FILL_AREA_STYLE_COLOUR('',#13805);
#16041 = STYLED_ITEM('color',(#16042),#1820);
#16042 = PRESENTATION_STYLE_ASSIGNMENT((#16043));
#16043 = SURFACE_STYLE_USAGE(.BOTH.,#16044);
#16044 = SURFACE_SIDE_STYLE('',(#16045));
#16045 = SURFACE_STYLE_FILL_AREA(#16046);
#16046 = FILL_AREA_STYLE('',(#16047));
#16047 = FILL_AREA_STYLE_COLOUR('',#13805);
#16048 = MECHANICAL_DESIGN_GEOMETRIC_PRESENTATION_REPRESENTATION('',(
    #16049,#16057,#16064,#16071,#16078,#16085,#16092,#16099,#16106,
    #16113,#16120,#16127,#16134,#16141,#16148,#16155,#16163,#16170,
    #16177,#16184,#16191,#16198,#16205,#16212,#16219,#16226,#16233,
    #16240,#16247,#16254,#16261,#16268,#16275,#16282,#16289,#16296,
    #16303,#16310,#16317,#16324,#16331,#16338,#16345,#16352,#16359,
    #16366,#16373,#16380,#16387,#16394,#16401,#16408,#16415,#16422,
    #16429,#16436,#16443,#16450,#16457,#16464,#16471,#16478,#16485,
    #16492,#16499,#16506,#16513,#16520,#16527,#16534,#16541,#16548,
    #16555,#16562,#16569,#16576),#12066);
#16049 = STYLED_ITEM('color',(#16050),#9994);
#16050 = PRESENTATION_STYLE_ASSIGNMENT((#16051));
#16051 = SURFACE_STYLE_USAGE(.BOTH.,#16052);
#16052 = SURFACE_SIDE_STYLE('',(#16053));
#16053 = SURFACE_STYLE_FILL_AREA(#16054);
#16054 = FILL_AREA_STYLE('',(#16055));
#16055 = FILL_AREA_STYLE_COLOUR('',#16056);
#16056 = COLOUR_RGB('',0.145098047169,0.14117647753,0.14117647753);
#16057 = STYLED_ITEM('color',(#16058),#10032);
#16058 = PRESENTATION_STYLE_ASSIGNMENT((#16059));
#16059 = SURFACE_STYLE_USAGE(.BOTH.,#16060);
#16060 = SURFACE_SIDE_STYLE('',(#16061));
#16061 = SURFACE_STYLE_FILL_AREA(#16062);
#16062 = FILL_AREA_STYLE('',(#16063));
#16063 = FILL_AREA_STYLE_COLOUR('',#16056);
#16064 = STYLED_ITEM('color',(#16065),#10095);
#16065 = PRESENTATION_STYLE_ASSIGNMENT((#16066));
#16066 = SURFACE_STYLE_USAGE(.BOTH.,#16067);
#16067 = SURFACE_SIDE_STYLE('',(#16068));
#16068 = SURFACE_STYLE_FILL_AREA(#16069);
#16069 = FILL_AREA_STYLE('',(#16070));
#16070 = FILL_AREA_STYLE_COLOUR('',#16056);
#16071 = STYLED_ITEM('color',(#16072),#10118);
#16072 = PRESENTATION_STYLE_ASSIGNMENT((#16073));
#16073 = SURFACE_STYLE_USAGE(.BOTH.,#16074);
#16074 = SURFACE_SIDE_STYLE('',(#16075));
#16075 = SURFACE_STYLE_FILL_AREA(#16076);
#16076 = FILL_AREA_STYLE('',(#16077));
#16077 = FILL_AREA_STYLE_COLOUR('',#16056);
#16078 = STYLED_ITEM('color',(#16079),#10147);
#16079 = PRESENTATION_STYLE_ASSIGNMENT((#16080));
#16080 = SURFACE_STYLE_USAGE(.BOTH.,#16081);
#16081 = SURFACE_SIDE_STYLE('',(#16082));
#16082 = SURFACE_STYLE_FILL_AREA(#16083);
#16083 = FILL_AREA_STYLE('',(#16084));
#16084 = FILL_AREA_STYLE_COLOUR('',#16056);
#16085 = STYLED_ITEM('color',(#16086),#10170);
#16086 = PRESENTATION_STYLE_ASSIGNMENT((#16087));
#16087 = SURFACE_STYLE_USAGE(.BOTH.,#16088);
#16088 = SURFACE_SIDE_STYLE('',(#16089));
#16089 = SURFACE_STYLE_FILL_AREA(#16090);
#16090 = FILL_AREA_STYLE('',(#16091));
#16091 = FILL_AREA_STYLE_COLOUR('',#16056);
#16092 = STYLED_ITEM('color',(#16093),#10209);
#16093 = PRESENTATION_STYLE_ASSIGNMENT((#16094));
#16094 = SURFACE_STYLE_USAGE(.BOTH.,#16095);
#16095 = SURFACE_SIDE_STYLE('',(#16096));
#16096 = SURFACE_STYLE_FILL_AREA(#16097);
#16097 = FILL_AREA_STYLE('',(#16098));
#16098 = FILL_AREA_STYLE_COLOUR('',#16056);
#16099 = STYLED_ITEM('color',(#16100),#10232);
#16100 = PRESENTATION_STYLE_ASSIGNMENT((#16101));
#16101 = SURFACE_STYLE_USAGE(.BOTH.,#16102);
#16102 = SURFACE_SIDE_STYLE('',(#16103));
#16103 = SURFACE_STYLE_FILL_AREA(#16104);
#16104 = FILL_AREA_STYLE('',(#16105));
#16105 = FILL_AREA_STYLE_COLOUR('',#16056);
#16106 = STYLED_ITEM('color',(#16107),#10255);
#16107 = PRESENTATION_STYLE_ASSIGNMENT((#16108));
#16108 = SURFACE_STYLE_USAGE(.BOTH.,#16109);
#16109 = SURFACE_SIDE_STYLE('',(#16110));
#16110 = SURFACE_STYLE_FILL_AREA(#16111);
#16111 = FILL_AREA_STYLE('',(#16112));
#16112 = FILL_AREA_STYLE_COLOUR('',#16056);
#16113 = STYLED_ITEM('color',(#16114),#10278);
#16114 = PRESENTATION_STYLE_ASSIGNMENT((#16115));
#16115 = SURFACE_STYLE_USAGE(.BOTH.,#16116);
#16116 = SURFACE_SIDE_STYLE('',(#16117));
#16117 = SURFACE_STYLE_FILL_AREA(#16118);
#16118 = FILL_AREA_STYLE('',(#16119));
#16119 = FILL_AREA_STYLE_COLOUR('',#16056);
#16120 = STYLED_ITEM('color',(#16121),#10327);
#16121 = PRESENTATION_STYLE_ASSIGNMENT((#16122));
#16122 = SURFACE_STYLE_USAGE(.BOTH.,#16123);
#16123 = SURFACE_SIDE_STYLE('',(#16124));
#16124 = SURFACE_STYLE_FILL_AREA(#16125);
#16125 = FILL_AREA_STYLE('',(#16126));
#16126 = FILL_AREA_STYLE_COLOUR('',#16056);
#16127 = STYLED_ITEM('color',(#16128),#10350);
#16128 = PRESENTATION_STYLE_ASSIGNMENT((#16129));
#16129 = SURFACE_STYLE_USAGE(.BOTH.,#16130);
#16130 = SURFACE_SIDE_STYLE('',(#16131));
#16131 = SURFACE_STYLE_FILL_AREA(#16132);
#16132 = FILL_AREA_STYLE('',(#16133));
#16133 = FILL_AREA_STYLE_COLOUR('',#16056);
#16134 = STYLED_ITEM('color',(#16135),#10379);
#16135 = PRESENTATION_STYLE_ASSIGNMENT((#16136));
#16136 = SURFACE_STYLE_USAGE(.BOTH.,#16137);
#16137 = SURFACE_SIDE_STYLE('',(#16138));
#16138 = SURFACE_STYLE_FILL_AREA(#16139);
#16139 = FILL_AREA_STYLE('',(#16140));
#16140 = FILL_AREA_STYLE_COLOUR('',#16056);
#16141 = STYLED_ITEM('color',(#16142),#10402);
#16142 = PRESENTATION_STYLE_ASSIGNMENT((#16143));
#16143 = SURFACE_STYLE_USAGE(.BOTH.,#16144);
#16144 = SURFACE_SIDE_STYLE('',(#16145));
#16145 = SURFACE_STYLE_FILL_AREA(#16146);
#16146 = FILL_AREA_STYLE('',(#16147));
#16147 = FILL_AREA_STYLE_COLOUR('',#16056);
#16148 = STYLED_ITEM('color',(#16149),#10426);
#16149 = PRESENTATION_STYLE_ASSIGNMENT((#16150));
#16150 = SURFACE_STYLE_USAGE(.BOTH.,#16151);
#16151 = SURFACE_SIDE_STYLE('',(#16152));
#16152 = SURFACE_STYLE_FILL_AREA(#16153);
#16153 = FILL_AREA_STYLE('',(#16154));
#16154 = FILL_AREA_STYLE_COLOUR('',#16056);
#16155 = STYLED_ITEM('color',(#16156),#10456);
#16156 = PRESENTATION_STYLE_ASSIGNMENT((#16157));
#16157 = SURFACE_STYLE_USAGE(.BOTH.,#16158);
#16158 = SURFACE_SIDE_STYLE('',(#16159));
#16159 = SURFACE_STYLE_FILL_AREA(#16160);
#16160 = FILL_AREA_STYLE('',(#16161));
#16161 = FILL_AREA_STYLE_COLOUR('',#16162);
#16162 = COLOUR_RGB('',0.823529417451,0.819607860991,0.780392170416);
#16163 = STYLED_ITEM('color',(#16164),#10489);
#16164 = PRESENTATION_STYLE_ASSIGNMENT((#16165));
#16165 = SURFACE_STYLE_USAGE(.BOTH.,#16166);
#16166 = SURFACE_SIDE_STYLE('',(#16167));
#16167 = SURFACE_STYLE_FILL_AREA(#16168);
#16168 = FILL_AREA_STYLE('',(#16169));
#16169 = FILL_AREA_STYLE_COLOUR('',#16056);
#16170 = STYLED_ITEM('color',(#16171),#10512);
#16171 = PRESENTATION_STYLE_ASSIGNMENT((#16172));
#16172 = SURFACE_STYLE_USAGE(.BOTH.,#16173);
#16173 = SURFACE_SIDE_STYLE('',(#16174));
#16174 = SURFACE_STYLE_FILL_AREA(#16175);
#16175 = FILL_AREA_STYLE('',(#16176));
#16176 = FILL_AREA_STYLE_COLOUR('',#16056);
#16177 = STYLED_ITEM('color',(#16178),#10535);
#16178 = PRESENTATION_STYLE_ASSIGNMENT((#16179));
#16179 = SURFACE_STYLE_USAGE(.BOTH.,#16180);
#16180 = SURFACE_SIDE_STYLE('',(#16181));
#16181 = SURFACE_STYLE_FILL_AREA(#16182);
#16182 = FILL_AREA_STYLE('',(#16183));
#16183 = FILL_AREA_STYLE_COLOUR('',#16056);
#16184 = STYLED_ITEM('color',(#16185),#10558);
#16185 = PRESENTATION_STYLE_ASSIGNMENT((#16186));
#16186 = SURFACE_STYLE_USAGE(.BOTH.,#16187);
#16187 = SURFACE_SIDE_STYLE('',(#16188));
#16188 = SURFACE_STYLE_FILL_AREA(#16189);
#16189 = FILL_AREA_STYLE('',(#16190));
#16190 = FILL_AREA_STYLE_COLOUR('',#16056);
#16191 = STYLED_ITEM('color',(#16192),#10582);
#16192 = PRESENTATION_STYLE_ASSIGNMENT((#16193));
#16193 = SURFACE_STYLE_USAGE(.BOTH.,#16194);
#16194 = SURFACE_SIDE_STYLE('',(#16195));
#16195 = SURFACE_STYLE_FILL_AREA(#16196);
#16196 = FILL_AREA_STYLE('',(#16197));
#16197 = FILL_AREA_STYLE_COLOUR('',#16056);
#16198 = STYLED_ITEM('color',(#16199),#10606);
#16199 = PRESENTATION_STYLE_ASSIGNMENT((#16200));
#16200 = SURFACE_STYLE_USAGE(.BOTH.,#16201);
#16201 = SURFACE_SIDE_STYLE('',(#16202));
#16202 = SURFACE_STYLE_FILL_AREA(#16203);
#16203 = FILL_AREA_STYLE('',(#16204));
#16204 = FILL_AREA_STYLE_COLOUR('',#16162);
#16205 = STYLED_ITEM('color',(#16206),#10639);
#16206 = PRESENTATION_STYLE_ASSIGNMENT((#16207));
#16207 = SURFACE_STYLE_USAGE(.BOTH.,#16208);
#16208 = SURFACE_SIDE_STYLE('',(#16209));
#16209 = SURFACE_STYLE_FILL_AREA(#16210);
#16210 = FILL_AREA_STYLE('',(#16211));
#16211 = FILL_AREA_STYLE_COLOUR('',#16162);
#16212 = STYLED_ITEM('color',(#16213),#10672);
#16213 = PRESENTATION_STYLE_ASSIGNMENT((#16214));
#16214 = SURFACE_STYLE_USAGE(.BOTH.,#16215);
#16215 = SURFACE_SIDE_STYLE('',(#16216));
#16216 = SURFACE_STYLE_FILL_AREA(#16217);
#16217 = FILL_AREA_STYLE('',(#16218));
#16218 = FILL_AREA_STYLE_COLOUR('',#16056);
#16219 = STYLED_ITEM('color',(#16220),#10703);
#16220 = PRESENTATION_STYLE_ASSIGNMENT((#16221));
#16221 = SURFACE_STYLE_USAGE(.BOTH.,#16222);
#16222 = SURFACE_SIDE_STYLE('',(#16223));
#16223 = SURFACE_STYLE_FILL_AREA(#16224);
#16224 = FILL_AREA_STYLE('',(#16225));
#16225 = FILL_AREA_STYLE_COLOUR('',#16056);
#16226 = STYLED_ITEM('color',(#16227),#10726);
#16227 = PRESENTATION_STYLE_ASSIGNMENT((#16228));
#16228 = SURFACE_STYLE_USAGE(.BOTH.,#16229);
#16229 = SURFACE_SIDE_STYLE('',(#16230));
#16230 = SURFACE_STYLE_FILL_AREA(#16231);
#16231 = FILL_AREA_STYLE('',(#16232));
#16232 = FILL_AREA_STYLE_COLOUR('',#16056);
#16233 = STYLED_ITEM('color',(#16234),#10755);
#16234 = PRESENTATION_STYLE_ASSIGNMENT((#16235));
#16235 = SURFACE_STYLE_USAGE(.BOTH.,#16236);
#16236 = SURFACE_SIDE_STYLE('',(#16237));
#16237 = SURFACE_STYLE_FILL_AREA(#16238);
#16238 = FILL_AREA_STYLE('',(#16239));
#16239 = FILL_AREA_STYLE_COLOUR('',#16056);
#16240 = STYLED_ITEM('color',(#16241),#10778);
#16241 = PRESENTATION_STYLE_ASSIGNMENT((#16242));
#16242 = SURFACE_STYLE_USAGE(.BOTH.,#16243);
#16243 = SURFACE_SIDE_STYLE('',(#16244));
#16244 = SURFACE_STYLE_FILL_AREA(#16245);
#16245 = FILL_AREA_STYLE('',(#16246));
#16246 = FILL_AREA_STYLE_COLOUR('',#16056);
#16247 = STYLED_ITEM('color',(#16248),#10802);
#16248 = PRESENTATION_STYLE_ASSIGNMENT((#16249));
#16249 = SURFACE_STYLE_USAGE(.BOTH.,#16250);
#16250 = SURFACE_SIDE_STYLE('',(#16251));
#16251 = SURFACE_STYLE_FILL_AREA(#16252);
#16252 = FILL_AREA_STYLE('',(#16253));
#16253 = FILL_AREA_STYLE_COLOUR('',#16162);
#16254 = STYLED_ITEM('color',(#16255),#10877);
#16255 = PRESENTATION_STYLE_ASSIGNMENT((#16256));
#16256 = SURFACE_STYLE_USAGE(.BOTH.,#16257);
#16257 = SURFACE_SIDE_STYLE('',(#16258));
#16258 = SURFACE_STYLE_FILL_AREA(#16259);
#16259 = FILL_AREA_STYLE('',(#16260));
#16260 = FILL_AREA_STYLE_COLOUR('',#16162);
#16261 = STYLED_ITEM('color',(#16262),#10952);
#16262 = PRESENTATION_STYLE_ASSIGNMENT((#16263));
#16263 = SURFACE_STYLE_USAGE(.BOTH.,#16264);
#16264 = SURFACE_SIDE_STYLE('',(#16265));
#16265 = SURFACE_STYLE_FILL_AREA(#16266);
#16266 = FILL_AREA_STYLE('',(#16267));
#16267 = FILL_AREA_STYLE_COLOUR('',#16056);
#16268 = STYLED_ITEM('color',(#16269),#10982);
#16269 = PRESENTATION_STYLE_ASSIGNMENT((#16270));
#16270 = SURFACE_STYLE_USAGE(.BOTH.,#16271);
#16271 = SURFACE_SIDE_STYLE('',(#16272));
#16272 = SURFACE_STYLE_FILL_AREA(#16273);
#16273 = FILL_AREA_STYLE('',(#16274));
#16274 = FILL_AREA_STYLE_COLOUR('',#16162);
#16275 = STYLED_ITEM('color',(#16276),#10999);
#16276 = PRESENTATION_STYLE_ASSIGNMENT((#16277));
#16277 = SURFACE_STYLE_USAGE(.BOTH.,#16278);
#16278 = SURFACE_SIDE_STYLE('',(#16279));
#16279 = SURFACE_STYLE_FILL_AREA(#16280);
#16280 = FILL_AREA_STYLE('',(#16281));
#16281 = FILL_AREA_STYLE_COLOUR('',#16056);
#16282 = STYLED_ITEM('color',(#16283),#11022);
#16283 = PRESENTATION_STYLE_ASSIGNMENT((#16284));
#16284 = SURFACE_STYLE_USAGE(.BOTH.,#16285);
#16285 = SURFACE_SIDE_STYLE('',(#16286));
#16286 = SURFACE_STYLE_FILL_AREA(#16287);
#16287 = FILL_AREA_STYLE('',(#16288));
#16288 = FILL_AREA_STYLE_COLOUR('',#16056);
#16289 = STYLED_ITEM('color',(#16290),#11045);
#16290 = PRESENTATION_STYLE_ASSIGNMENT((#16291));
#16291 = SURFACE_STYLE_USAGE(.BOTH.,#16292);
#16292 = SURFACE_SIDE_STYLE('',(#16293));
#16293 = SURFACE_STYLE_FILL_AREA(#16294);
#16294 = FILL_AREA_STYLE('',(#16295));
#16295 = FILL_AREA_STYLE_COLOUR('',#16056);
#16296 = STYLED_ITEM('color',(#16297),#11068);
#16297 = PRESENTATION_STYLE_ASSIGNMENT((#16298));
#16298 = SURFACE_STYLE_USAGE(.BOTH.,#16299);
#16299 = SURFACE_SIDE_STYLE('',(#16300));
#16300 = SURFACE_STYLE_FILL_AREA(#16301);
#16301 = FILL_AREA_STYLE('',(#16302));
#16302 = FILL_AREA_STYLE_COLOUR('',#16056);
#16303 = STYLED_ITEM('color',(#16304),#11092);
#16304 = PRESENTATION_STYLE_ASSIGNMENT((#16305));
#16305 = SURFACE_STYLE_USAGE(.BOTH.,#16306);
#16306 = SURFACE_SIDE_STYLE('',(#16307));
#16307 = SURFACE_STYLE_FILL_AREA(#16308);
#16308 = FILL_AREA_STYLE('',(#16309));
#16309 = FILL_AREA_STYLE_COLOUR('',#16162);
#16310 = STYLED_ITEM('color',(#16311),#11167);
#16311 = PRESENTATION_STYLE_ASSIGNMENT((#16312));
#16312 = SURFACE_STYLE_USAGE(.BOTH.,#16313);
#16313 = SURFACE_SIDE_STYLE('',(#16314));
#16314 = SURFACE_STYLE_FILL_AREA(#16315);
#16315 = FILL_AREA_STYLE('',(#16316));
#16316 = FILL_AREA_STYLE_COLOUR('',#16162);
#16317 = STYLED_ITEM('color',(#16318),#11242);
#16318 = PRESENTATION_STYLE_ASSIGNMENT((#16319));
#16319 = SURFACE_STYLE_USAGE(.BOTH.,#16320);
#16320 = SURFACE_SIDE_STYLE('',(#16321));
#16321 = SURFACE_STYLE_FILL_AREA(#16322);
#16322 = FILL_AREA_STYLE('',(#16323));
#16323 = FILL_AREA_STYLE_COLOUR('',#16056);
#16324 = STYLED_ITEM('color',(#16325),#11266);
#16325 = PRESENTATION_STYLE_ASSIGNMENT((#16326));
#16326 = SURFACE_STYLE_USAGE(.BOTH.,#16327);
#16327 = SURFACE_SIDE_STYLE('',(#16328));
#16328 = SURFACE_STYLE_FILL_AREA(#16329);
#16329 = FILL_AREA_STYLE('',(#16330));
#16330 = FILL_AREA_STYLE_COLOUR('',#16162);
#16331 = STYLED_ITEM('color',(#16332),#11341);
#16332 = PRESENTATION_STYLE_ASSIGNMENT((#16333));
#16333 = SURFACE_STYLE_USAGE(.BOTH.,#16334);
#16334 = SURFACE_SIDE_STYLE('',(#16335));
#16335 = SURFACE_STYLE_FILL_AREA(#16336);
#16336 = FILL_AREA_STYLE('',(#16337));
#16337 = FILL_AREA_STYLE_COLOUR('',#16162);
#16338 = STYLED_ITEM('color',(#16339),#11358);
#16339 = PRESENTATION_STYLE_ASSIGNMENT((#16340));
#16340 = SURFACE_STYLE_USAGE(.BOTH.,#16341);
#16341 = SURFACE_SIDE_STYLE('',(#16342));
#16342 = SURFACE_STYLE_FILL_AREA(#16343);
#16343 = FILL_AREA_STYLE('',(#16344));
#16344 = FILL_AREA_STYLE_COLOUR('',#16162);
#16345 = STYLED_ITEM('color',(#16346),#11433);
#16346 = PRESENTATION_STYLE_ASSIGNMENT((#16347));
#16347 = SURFACE_STYLE_USAGE(.BOTH.,#16348);
#16348 = SURFACE_SIDE_STYLE('',(#16349));
#16349 = SURFACE_STYLE_FILL_AREA(#16350);
#16350 = FILL_AREA_STYLE('',(#16351));
#16351 = FILL_AREA_STYLE_COLOUR('',#16162);
#16352 = STYLED_ITEM('color',(#16353),#11450);
#16353 = PRESENTATION_STYLE_ASSIGNMENT((#16354));
#16354 = SURFACE_STYLE_USAGE(.BOTH.,#16355);
#16355 = SURFACE_SIDE_STYLE('',(#16356));
#16356 = SURFACE_STYLE_FILL_AREA(#16357);
#16357 = FILL_AREA_STYLE('',(#16358));
#16358 = FILL_AREA_STYLE_COLOUR('',#16056);
#16359 = STYLED_ITEM('color',(#16360),#11481);
#16360 = PRESENTATION_STYLE_ASSIGNMENT((#16361));
#16361 = SURFACE_STYLE_USAGE(.BOTH.,#16362);
#16362 = SURFACE_SIDE_STYLE('',(#16363));
#16363 = SURFACE_STYLE_FILL_AREA(#16364);
#16364 = FILL_AREA_STYLE('',(#16365));
#16365 = FILL_AREA_STYLE_COLOUR('',#16056);
#16366 = STYLED_ITEM('color',(#16367),#11504);
#16367 = PRESENTATION_STYLE_ASSIGNMENT((#16368));
#16368 = SURFACE_STYLE_USAGE(.BOTH.,#16369);
#16369 = SURFACE_SIDE_STYLE('',(#16370));
#16370 = SURFACE_STYLE_FILL_AREA(#16371);
#16371 = FILL_AREA_STYLE('',(#16372));
#16372 = FILL_AREA_STYLE_COLOUR('',#16056);
#16373 = STYLED_ITEM('color',(#16374),#11560);
#16374 = PRESENTATION_STYLE_ASSIGNMENT((#16375));
#16375 = SURFACE_STYLE_USAGE(.BOTH.,#16376);
#16376 = SURFACE_SIDE_STYLE('',(#16377));
#16377 = SURFACE_STYLE_FILL_AREA(#16378);
#16378 = FILL_AREA_STYLE('',(#16379));
#16379 = FILL_AREA_STYLE_COLOUR('',#16056);
#16380 = STYLED_ITEM('color',(#16381),#11576);
#16381 = PRESENTATION_STYLE_ASSIGNMENT((#16382));
#16382 = SURFACE_STYLE_USAGE(.BOTH.,#16383);
#16383 = SURFACE_SIDE_STYLE('',(#16384));
#16384 = SURFACE_STYLE_FILL_AREA(#16385);
#16385 = FILL_AREA_STYLE('',(#16386));
#16386 = FILL_AREA_STYLE_COLOUR('',#16056);
#16387 = STYLED_ITEM('color',(#16388),#11599);
#16388 = PRESENTATION_STYLE_ASSIGNMENT((#16389));
#16389 = SURFACE_STYLE_USAGE(.BOTH.,#16390);
#16390 = SURFACE_SIDE_STYLE('',(#16391));
#16391 = SURFACE_STYLE_FILL_AREA(#16392);
#16392 = FILL_AREA_STYLE('',(#16393));
#16393 = FILL_AREA_STYLE_COLOUR('',#16162);
#16394 = STYLED_ITEM('color',(#16395),#11616);
#16395 = PRESENTATION_STYLE_ASSIGNMENT((#16396));
#16396 = SURFACE_STYLE_USAGE(.BOTH.,#16397);
#16397 = SURFACE_SIDE_STYLE('',(#16398));
#16398 = SURFACE_STYLE_FILL_AREA(#16399);
#16399 = FILL_AREA_STYLE('',(#16400));
#16400 = FILL_AREA_STYLE_COLOUR('',#16162);
#16401 = STYLED_ITEM('color',(#16402),#11633);
#16402 = PRESENTATION_STYLE_ASSIGNMENT((#16403));
#16403 = SURFACE_STYLE_USAGE(.BOTH.,#16404);
#16404 = SURFACE_SIDE_STYLE('',(#16405));
#16405 = SURFACE_STYLE_FILL_AREA(#16406);
#16406 = FILL_AREA_STYLE('',(#16407));
#16407 = FILL_AREA_STYLE_COLOUR('',#16162);
#16408 = STYLED_ITEM('color',(#16409),#11650);
#16409 = PRESENTATION_STYLE_ASSIGNMENT((#16410));
#16410 = SURFACE_STYLE_USAGE(.BOTH.,#16411);
#16411 = SURFACE_SIDE_STYLE('',(#16412));
#16412 = SURFACE_STYLE_FILL_AREA(#16413);
#16413 = FILL_AREA_STYLE('',(#16414));
#16414 = FILL_AREA_STYLE_COLOUR('',#16162);
#16415 = STYLED_ITEM('color',(#16416),#11667);
#16416 = PRESENTATION_STYLE_ASSIGNMENT((#16417));
#16417 = SURFACE_STYLE_USAGE(.BOTH.,#16418);
#16418 = SURFACE_SIDE_STYLE('',(#16419));
#16419 = SURFACE_STYLE_FILL_AREA(#16420);
#16420 = FILL_AREA_STYLE('',(#16421));
#16421 = FILL_AREA_STYLE_COLOUR('',#16162);
#16422 = STYLED_ITEM('color',(#16423),#11684);
#16423 = PRESENTATION_STYLE_ASSIGNMENT((#16424));
#16424 = SURFACE_STYLE_USAGE(.BOTH.,#16425);
#16425 = SURFACE_SIDE_STYLE('',(#16426));
#16426 = SURFACE_STYLE_FILL_AREA(#16427);
#16427 = FILL_AREA_STYLE('',(#16428));
#16428 = FILL_AREA_STYLE_COLOUR('',#16162);
#16429 = STYLED_ITEM('color',(#16430),#11701);
#16430 = PRESENTATION_STYLE_ASSIGNMENT((#16431));
#16431 = SURFACE_STYLE_USAGE(.BOTH.,#16432);
#16432 = SURFACE_SIDE_STYLE('',(#16433));
#16433 = SURFACE_STYLE_FILL_AREA(#16434);
#16434 = FILL_AREA_STYLE('',(#16435));
#16435 = FILL_AREA_STYLE_COLOUR('',#16162);
#16436 = STYLED_ITEM('color',(#16437),#11718);
#16437 = PRESENTATION_STYLE_ASSIGNMENT((#16438));
#16438 = SURFACE_STYLE_USAGE(.BOTH.,#16439);
#16439 = SURFACE_SIDE_STYLE('',(#16440));
#16440 = SURFACE_STYLE_FILL_AREA(#16441);
#16441 = FILL_AREA_STYLE('',(#16442));
#16442 = FILL_AREA_STYLE_COLOUR('',#16162);
#16443 = STYLED_ITEM('color',(#16444),#11730);
#16444 = PRESENTATION_STYLE_ASSIGNMENT((#16445));
#16445 = SURFACE_STYLE_USAGE(.BOTH.,#16446);
#16446 = SURFACE_SIDE_STYLE('',(#16447));
#16447 = SURFACE_STYLE_FILL_AREA(#16448);
#16448 = FILL_AREA_STYLE('',(#16449));
#16449 = FILL_AREA_STYLE_COLOUR('',#16056);
#16450 = STYLED_ITEM('color',(#16451),#11746);
#16451 = PRESENTATION_STYLE_ASSIGNMENT((#16452));
#16452 = SURFACE_STYLE_USAGE(.BOTH.,#16453);
#16453 = SURFACE_SIDE_STYLE('',(#16454));
#16454 = SURFACE_STYLE_FILL_AREA(#16455);
#16455 = FILL_AREA_STYLE('',(#16456));
#16456 = FILL_AREA_STYLE_COLOUR('',#16056);
#16457 = STYLED_ITEM('color',(#16458),#11762);
#16458 = PRESENTATION_STYLE_ASSIGNMENT((#16459));
#16459 = SURFACE_STYLE_USAGE(.BOTH.,#16460);
#16460 = SURFACE_SIDE_STYLE('',(#16461));
#16461 = SURFACE_STYLE_FILL_AREA(#16462);
#16462 = FILL_AREA_STYLE('',(#16463));
#16463 = FILL_AREA_STYLE_COLOUR('',#16056);
#16464 = STYLED_ITEM('color',(#16465),#11778);
#16465 = PRESENTATION_STYLE_ASSIGNMENT((#16466));
#16466 = SURFACE_STYLE_USAGE(.BOTH.,#16467);
#16467 = SURFACE_SIDE_STYLE('',(#16468));
#16468 = SURFACE_STYLE_FILL_AREA(#16469);
#16469 = FILL_AREA_STYLE('',(#16470));
#16470 = FILL_AREA_STYLE_COLOUR('',#16056);
#16471 = STYLED_ITEM('color',(#16472),#11804);
#16472 = PRESENTATION_STYLE_ASSIGNMENT((#16473));
#16473 = SURFACE_STYLE_USAGE(.BOTH.,#16474);
#16474 = SURFACE_SIDE_STYLE('',(#16475));
#16475 = SURFACE_STYLE_FILL_AREA(#16476);
#16476 = FILL_AREA_STYLE('',(#16477));
#16477 = FILL_AREA_STYLE_COLOUR('',#16162);
#16478 = STYLED_ITEM('color',(#16479),#11821);
#16479 = PRESENTATION_STYLE_ASSIGNMENT((#16480));
#16480 = SURFACE_STYLE_USAGE(.BOTH.,#16481);
#16481 = SURFACE_SIDE_STYLE('',(#16482));
#16482 = SURFACE_STYLE_FILL_AREA(#16483);
#16483 = FILL_AREA_STYLE('',(#16484));
#16484 = FILL_AREA_STYLE_COLOUR('',#16162);
#16485 = STYLED_ITEM('color',(#16486),#11838);
#16486 = PRESENTATION_STYLE_ASSIGNMENT((#16487));
#16487 = SURFACE_STYLE_USAGE(.BOTH.,#16488);
#16488 = SURFACE_SIDE_STYLE('',(#16489));
#16489 = SURFACE_STYLE_FILL_AREA(#16490);
#16490 = FILL_AREA_STYLE('',(#16491));
#16491 = FILL_AREA_STYLE_COLOUR('',#16162);
#16492 = STYLED_ITEM('color',(#16493),#11855);
#16493 = PRESENTATION_STYLE_ASSIGNMENT((#16494));
#16494 = SURFACE_STYLE_USAGE(.BOTH.,#16495);
#16495 = SURFACE_SIDE_STYLE('',(#16496));
#16496 = SURFACE_STYLE_FILL_AREA(#16497);
#16497 = FILL_AREA_STYLE('',(#16498));
#16498 = FILL_AREA_STYLE_COLOUR('',#16162);
#16499 = STYLED_ITEM('color',(#16500),#11872);
#16500 = PRESENTATION_STYLE_ASSIGNMENT((#16501));
#16501 = SURFACE_STYLE_USAGE(.BOTH.,#16502);
#16502 = SURFACE_SIDE_STYLE('',(#16503));
#16503 = SURFACE_STYLE_FILL_AREA(#16504);
#16504 = FILL_AREA_STYLE('',(#16505));
#16505 = FILL_AREA_STYLE_COLOUR('',#16162);
#16506 = STYLED_ITEM('color',(#16507),#11889);
#16507 = PRESENTATION_STYLE_ASSIGNMENT((#16508));
#16508 = SURFACE_STYLE_USAGE(.BOTH.,#16509);
#16509 = SURFACE_SIDE_STYLE('',(#16510));
#16510 = SURFACE_STYLE_FILL_AREA(#16511);
#16511 = FILL_AREA_STYLE('',(#16512));
#16512 = FILL_AREA_STYLE_COLOUR('',#16162);
#16513 = STYLED_ITEM('color',(#16514),#11906);
#16514 = PRESENTATION_STYLE_ASSIGNMENT((#16515));
#16515 = SURFACE_STYLE_USAGE(.BOTH.,#16516);
#16516 = SURFACE_SIDE_STYLE('',(#16517));
#16517 = SURFACE_STYLE_FILL_AREA(#16518);
#16518 = FILL_AREA_STYLE('',(#16519));
#16519 = FILL_AREA_STYLE_COLOUR('',#16162);
#16520 = STYLED_ITEM('color',(#16521),#11923);
#16521 = PRESENTATION_STYLE_ASSIGNMENT((#16522));
#16522 = SURFACE_STYLE_USAGE(.BOTH.,#16523);
#16523 = SURFACE_SIDE_STYLE('',(#16524));
#16524 = SURFACE_STYLE_FILL_AREA(#16525);
#16525 = FILL_AREA_STYLE('',(#16526));
#16526 = FILL_AREA_STYLE_COLOUR('',#16162);
#16527 = STYLED_ITEM('color',(#16528),#11935);
#16528 = PRESENTATION_STYLE_ASSIGNMENT((#16529));
#16529 = SURFACE_STYLE_USAGE(.BOTH.,#16530);
#16530 = SURFACE_SIDE_STYLE('',(#16531));
#16531 = SURFACE_STYLE_FILL_AREA(#16532);
#16532 = FILL_AREA_STYLE('',(#16533));
#16533 = FILL_AREA_STYLE_COLOUR('',#16162);
#16534 = STYLED_ITEM('color',(#16535),#11957);
#16535 = PRESENTATION_STYLE_ASSIGNMENT((#16536));
#16536 = SURFACE_STYLE_USAGE(.BOTH.,#16537);
#16537 = SURFACE_SIDE_STYLE('',(#16538));
#16538 = SURFACE_STYLE_FILL_AREA(#16539);
#16539 = FILL_AREA_STYLE('',(#16540));
#16540 = FILL_AREA_STYLE_COLOUR('',#16162);
#16541 = STYLED_ITEM('color',(#16542),#11974);
#16542 = PRESENTATION_STYLE_ASSIGNMENT((#16543));
#16543 = SURFACE_STYLE_USAGE(.BOTH.,#16544);
#16544 = SURFACE_SIDE_STYLE('',(#16545));
#16545 = SURFACE_STYLE_FILL_AREA(#16546);
#16546 = FILL_AREA_STYLE('',(#16547));
#16547 = FILL_AREA_STYLE_COLOUR('',#16162);
#16548 = STYLED_ITEM('color',(#16549),#11991);
#16549 = PRESENTATION_STYLE_ASSIGNMENT((#16550));
#16550 = SURFACE_STYLE_USAGE(.BOTH.,#16551);
#16551 = SURFACE_SIDE_STYLE('',(#16552));
#16552 = SURFACE_STYLE_FILL_AREA(#16553);
#16553 = FILL_AREA_STYLE('',(#16554));
#16554 = FILL_AREA_STYLE_COLOUR('',#16162);
#16555 = STYLED_ITEM('color',(#16556),#12008);
#16556 = PRESENTATION_STYLE_ASSIGNMENT((#16557));
#16557 = SURFACE_STYLE_USAGE(.BOTH.,#16558);
#16558 = SURFACE_SIDE_STYLE('',(#16559));
#16559 = SURFACE_STYLE_FILL_AREA(#16560);
#16560 = FILL_AREA_STYLE('',(#16561));
#16561 = FILL_AREA_STYLE_COLOUR('',#16162);
#16562 = STYLED_ITEM('color',(#16563),#12025);
#16563 = PRESENTATION_STYLE_ASSIGNMENT((#16564));
#16564 = SURFACE_STYLE_USAGE(.BOTH.,#16565);
#16565 = SURFACE_SIDE_STYLE('',(#16566));
#16566 = SURFACE_STYLE_FILL_AREA(#16567);
#16567 = FILL_AREA_STYLE('',(#16568));
#16568 = FILL_AREA_STYLE_COLOUR('',#16162);
#16569 = STYLED_ITEM('color',(#16570),#12042);
#16570 = PRESENTATION_STYLE_ASSIGNMENT((#16571));
#16571 = SURFACE_STYLE_USAGE(.BOTH.,#16572);
#16572 = SURFACE_SIDE_STYLE('',(#16573));
#16573 = SURFACE_STYLE_FILL_AREA(#16574);
#16574 = FILL_AREA_STYLE('',(#16575));
#16575 = FILL_AREA_STYLE_COLOUR('',#16162);
#16576 = STYLED_ITEM('color',(#16577),#12054);
#16577 = PRESENTATION_STYLE_ASSIGNMENT((#16578));
#16578 = SURFACE_STYLE_USAGE(.BOTH.,#16579);
#16579 = SURFACE_SIDE_STYLE('',(#16580));
#16580 = SURFACE_STYLE_FILL_AREA(#16581);
#16581 = FILL_AREA_STYLE('',(#16582));
#16582 = FILL_AREA_STYLE_COLOUR('',#16162);
#16583 = MECHANICAL_DESIGN_GEOMETRIC_PRESENTATION_REPRESENTATION('',(
    #16584,#16591,#16598,#16605,#16612,#16619,#16626,#16633,#16640,
    #16647,#16654,#16662,#16669,#16676,#16683,#16690,#16697,#16704,
    #16711,#16718,#16725,#16732,#16739,#16746,#16753,#16760,#16767,
    #16774),#12939);
#16584 = STYLED_ITEM('color',(#16585),#12087);
#16585 = PRESENTATION_STYLE_ASSIGNMENT((#16586));
#16586 = SURFACE_STYLE_USAGE(.BOTH.,#16587);
#16587 = SURFACE_SIDE_STYLE('',(#16588));
#16588 = SURFACE_STYLE_FILL_AREA(#16589);
#16589 = FILL_AREA_STYLE('',(#16590));
#16590 = FILL_AREA_STYLE_COLOUR('',#13805);
#16591 = STYLED_ITEM('color',(#16592),#12163);
#16592 = PRESENTATION_STYLE_ASSIGNMENT((#16593));
#16593 = SURFACE_STYLE_USAGE(.BOTH.,#16594);
#16594 = SURFACE_SIDE_STYLE('',(#16595));
#16595 = SURFACE_STYLE_FILL_AREA(#16596);
#16596 = FILL_AREA_STYLE('',(#16597));
#16597 = FILL_AREA_STYLE_COLOUR('',#13805);
#16598 = STYLED_ITEM('color',(#16599),#12194);
#16599 = PRESENTATION_STYLE_ASSIGNMENT((#16600));
#16600 = SURFACE_STYLE_USAGE(.BOTH.,#16601);
#16601 = SURFACE_SIDE_STYLE('',(#16602));
#16602 = SURFACE_STYLE_FILL_AREA(#16603);
#16603 = FILL_AREA_STYLE('',(#16604));
#16604 = FILL_AREA_STYLE_COLOUR('',#13805);
#16605 = STYLED_ITEM('color',(#16606),#12219);
#16606 = PRESENTATION_STYLE_ASSIGNMENT((#16607));
#16607 = SURFACE_STYLE_USAGE(.BOTH.,#16608);
#16608 = SURFACE_SIDE_STYLE('',(#16609));
#16609 = SURFACE_STYLE_FILL_AREA(#16610);
#16610 = FILL_AREA_STYLE('',(#16611));
#16611 = FILL_AREA_STYLE_COLOUR('',#13805);
#16612 = STYLED_ITEM('color',(#16613),#12244);
#16613 = PRESENTATION_STYLE_ASSIGNMENT((#16614));
#16614 = SURFACE_STYLE_USAGE(.BOTH.,#16615);
#16615 = SURFACE_SIDE_STYLE('',(#16616));
#16616 = SURFACE_STYLE_FILL_AREA(#16617);
#16617 = FILL_AREA_STYLE('',(#16618));
#16618 = FILL_AREA_STYLE_COLOUR('',#13805);
#16619 = STYLED_ITEM('color',(#16620),#12268);
#16620 = PRESENTATION_STYLE_ASSIGNMENT((#16621));
#16621 = SURFACE_STYLE_USAGE(.BOTH.,#16622);
#16622 = SURFACE_SIDE_STYLE('',(#16623));
#16623 = SURFACE_STYLE_FILL_AREA(#16624);
#16624 = FILL_AREA_STYLE('',(#16625));
#16625 = FILL_AREA_STYLE_COLOUR('',#13805);
#16626 = STYLED_ITEM('color',(#16627),#12292);
#16627 = PRESENTATION_STYLE_ASSIGNMENT((#16628));
#16628 = SURFACE_STYLE_USAGE(.BOTH.,#16629);
#16629 = SURFACE_SIDE_STYLE('',(#16630));
#16630 = SURFACE_STYLE_FILL_AREA(#16631);
#16631 = FILL_AREA_STYLE('',(#16632));
#16632 = FILL_AREA_STYLE_COLOUR('',#13805);
#16633 = STYLED_ITEM('color',(#16634),#12317);
#16634 = PRESENTATION_STYLE_ASSIGNMENT((#16635));
#16635 = SURFACE_STYLE_USAGE(.BOTH.,#16636);
#16636 = SURFACE_SIDE_STYLE('',(#16637));
#16637 = SURFACE_STYLE_FILL_AREA(#16638);
#16638 = FILL_AREA_STYLE('',(#16639));
#16639 = FILL_AREA_STYLE_COLOUR('',#13805);
#16640 = STYLED_ITEM('color',(#16641),#12342);
#16641 = PRESENTATION_STYLE_ASSIGNMENT((#16642));
#16642 = SURFACE_STYLE_USAGE(.BOTH.,#16643);
#16643 = SURFACE_SIDE_STYLE('',(#16644));
#16644 = SURFACE_STYLE_FILL_AREA(#16645);
#16645 = FILL_AREA_STYLE('',(#16646));
#16646 = FILL_AREA_STYLE_COLOUR('',#13805);
#16647 = STYLED_ITEM('color',(#16648),#12359);
#16648 = PRESENTATION_STYLE_ASSIGNMENT((#16649));
#16649 = SURFACE_STYLE_USAGE(.BOTH.,#16650);
#16650 = SURFACE_SIDE_STYLE('',(#16651));
#16651 = SURFACE_STYLE_FILL_AREA(#16652);
#16652 = FILL_AREA_STYLE('',(#16653));
#16653 = FILL_AREA_STYLE_COLOUR('',#13805);
#16654 = STYLED_ITEM('color',(#16655),#12445);
#16655 = PRESENTATION_STYLE_ASSIGNMENT((#16656));
#16656 = SURFACE_STYLE_USAGE(.BOTH.,#16657);
#16657 = SURFACE_SIDE_STYLE('',(#16658));
#16658 = SURFACE_STYLE_FILL_AREA(#16659);
#16659 = FILL_AREA_STYLE('',(#16660));
#16660 = FILL_AREA_STYLE_COLOUR('',#16661);
#16661 = COLOUR_RGB('',0.272999999305,0.272999999305,0.272999999305);
#16662 = STYLED_ITEM('color',(#16663),#12477);
#16663 = PRESENTATION_STYLE_ASSIGNMENT((#16664));
#16664 = SURFACE_STYLE_USAGE(.BOTH.,#16665);
#16665 = SURFACE_SIDE_STYLE('',(#16666));
#16666 = SURFACE_STYLE_FILL_AREA(#16667);
#16667 = FILL_AREA_STYLE('',(#16668));
#16668 = FILL_AREA_STYLE_COLOUR('',#16661);
#16669 = STYLED_ITEM('color',(#16670),#12501);
#16670 = PRESENTATION_STYLE_ASSIGNMENT((#16671));
#16671 = SURFACE_STYLE_USAGE(.BOTH.,#16672);
#16672 = SURFACE_SIDE_STYLE('',(#16673));
#16673 = SURFACE_STYLE_FILL_AREA(#16674);
#16674 = FILL_AREA_STYLE('',(#16675));
#16675 = FILL_AREA_STYLE_COLOUR('',#16661);
#16676 = STYLED_ITEM('color',(#16677),#12526);
#16677 = PRESENTATION_STYLE_ASSIGNMENT((#16678));
#16678 = SURFACE_STYLE_USAGE(.BOTH.,#16679);
#16679 = SURFACE_SIDE_STYLE('',(#16680));
#16680 = SURFACE_STYLE_FILL_AREA(#16681);
#16681 = FILL_AREA_STYLE('',(#16682));
#16682 = FILL_AREA_STYLE_COLOUR('',#16661);
#16683 = STYLED_ITEM('color',(#16684),#12550);
#16684 = PRESENTATION_STYLE_ASSIGNMENT((#16685));
#16685 = SURFACE_STYLE_USAGE(.BOTH.,#16686);
#16686 = SURFACE_SIDE_STYLE('',(#16687));
#16687 = SURFACE_STYLE_FILL_AREA(#16688);
#16688 = FILL_AREA_STYLE('',(#16689));
#16689 = FILL_AREA_STYLE_COLOUR('',#16661);
#16690 = STYLED_ITEM('color',(#16691),#12575);
#16691 = PRESENTATION_STYLE_ASSIGNMENT((#16692));
#16692 = SURFACE_STYLE_USAGE(.BOTH.,#16693);
#16693 = SURFACE_SIDE_STYLE('',(#16694));
#16694 = SURFACE_STYLE_FILL_AREA(#16695);
#16695 = FILL_AREA_STYLE('',(#16696));
#16696 = FILL_AREA_STYLE_COLOUR('',#16661);
#16697 = STYLED_ITEM('color',(#16698),#12599);
#16698 = PRESENTATION_STYLE_ASSIGNMENT((#16699));
#16699 = SURFACE_STYLE_USAGE(.BOTH.,#16700);
#16700 = SURFACE_SIDE_STYLE('',(#16701));
#16701 = SURFACE_STYLE_FILL_AREA(#16702);
#16702 = FILL_AREA_STYLE('',(#16703));
#16703 = FILL_AREA_STYLE_COLOUR('',#16661);
#16704 = STYLED_ITEM('color',(#16705),#12624);
#16705 = PRESENTATION_STYLE_ASSIGNMENT((#16706));
#16706 = SURFACE_STYLE_USAGE(.BOTH.,#16707);
#16707 = SURFACE_SIDE_STYLE('',(#16708));
#16708 = SURFACE_STYLE_FILL_AREA(#16709);
#16709 = FILL_AREA_STYLE('',(#16710));
#16710 = FILL_AREA_STYLE_COLOUR('',#16661);
#16711 = STYLED_ITEM('color',(#16712),#12641);
#16712 = PRESENTATION_STYLE_ASSIGNMENT((#16713));
#16713 = SURFACE_STYLE_USAGE(.BOTH.,#16714);
#16714 = SURFACE_SIDE_STYLE('',(#16715));
#16715 = SURFACE_STYLE_FILL_AREA(#16716);
#16716 = FILL_AREA_STYLE('',(#16717));
#16717 = FILL_AREA_STYLE_COLOUR('',#13805);
#16718 = STYLED_ITEM('color',(#16719),#12727);
#16719 = PRESENTATION_STYLE_ASSIGNMENT((#16720));
#16720 = SURFACE_STYLE_USAGE(.BOTH.,#16721);
#16721 = SURFACE_SIDE_STYLE('',(#16722));
#16722 = SURFACE_STYLE_FILL_AREA(#16723);
#16723 = FILL_AREA_STYLE('',(#16724));
#16724 = FILL_AREA_STYLE_COLOUR('',#13805);
#16725 = STYLED_ITEM('color',(#16726),#12758);
#16726 = PRESENTATION_STYLE_ASSIGNMENT((#16727));
#16727 = SURFACE_STYLE_USAGE(.BOTH.,#16728);
#16728 = SURFACE_SIDE_STYLE('',(#16729));
#16729 = SURFACE_STYLE_FILL_AREA(#16730);
#16730 = FILL_AREA_STYLE('',(#16731));
#16731 = FILL_AREA_STYLE_COLOUR('',#13805);
#16732 = STYLED_ITEM('color',(#16733),#12783);
#16733 = PRESENTATION_STYLE_ASSIGNMENT((#16734));
#16734 = SURFACE_STYLE_USAGE(.BOTH.,#16735);
#16735 = SURFACE_SIDE_STYLE('',(#16736));
#16736 = SURFACE_STYLE_FILL_AREA(#16737);
#16737 = FILL_AREA_STYLE('',(#16738));
#16738 = FILL_AREA_STYLE_COLOUR('',#13805);
#16739 = STYLED_ITEM('color',(#16740),#12808);
#16740 = PRESENTATION_STYLE_ASSIGNMENT((#16741));
#16741 = SURFACE_STYLE_USAGE(.BOTH.,#16742);
#16742 = SURFACE_SIDE_STYLE('',(#16743));
#16743 = SURFACE_STYLE_FILL_AREA(#16744);
#16744 = FILL_AREA_STYLE('',(#16745));
#16745 = FILL_AREA_STYLE_COLOUR('',#13805);
#16746 = STYLED_ITEM('color',(#16747),#12832);
#16747 = PRESENTATION_STYLE_ASSIGNMENT((#16748));
#16748 = SURFACE_STYLE_USAGE(.BOTH.,#16749);
#16749 = SURFACE_SIDE_STYLE('',(#16750));
#16750 = SURFACE_STYLE_FILL_AREA(#16751);
#16751 = FILL_AREA_STYLE('',(#16752));
#16752 = FILL_AREA_STYLE_COLOUR('',#13805);
#16753 = STYLED_ITEM('color',(#16754),#12856);
#16754 = PRESENTATION_STYLE_ASSIGNMENT((#16755));
#16755 = SURFACE_STYLE_USAGE(.BOTH.,#16756);
#16756 = SURFACE_SIDE_STYLE('',(#16757));
#16757 = SURFACE_STYLE_FILL_AREA(#16758);
#16758 = FILL_AREA_STYLE('',(#16759));
#16759 = FILL_AREA_STYLE_COLOUR('',#13805);
#16760 = STYLED_ITEM('color',(#16761),#12881);
#16761 = PRESENTATION_STYLE_ASSIGNMENT((#16762));
#16762 = SURFACE_STYLE_USAGE(.BOTH.,#16763);
#16763 = SURFACE_SIDE_STYLE('',(#16764));
#16764 = SURFACE_STYLE_FILL_AREA(#16765);
#16765 = FILL_AREA_STYLE('',(#16766));
#16766 = FILL_AREA_STYLE_COLOUR('',#13805);
#16767 = STYLED_ITEM('color',(#16768),#12906);
#16768 = PRESENTATION_STYLE_ASSIGNMENT((#16769));
#16769 = SURFACE_STYLE_USAGE(.BOTH.,#16770);
#16770 = SURFACE_SIDE_STYLE('',(#16771));
#16771 = SURFACE_STYLE_FILL_AREA(#16772);
#16772 = FILL_AREA_STYLE('',(#16773));
#16773 = FILL_AREA_STYLE_COLOUR('',#13805);
#16774 = STYLED_ITEM('color',(#16775),#12923);
#16775 = PRESENTATION_STYLE_ASSIGNMENT((#16776));
#16776 = SURFACE_STYLE_USAGE(.BOTH.,#16777);
#16777 = SURFACE_SIDE_STYLE('',(#16778));
#16778 = SURFACE_STYLE_FILL_AREA(#16779);
#16779 = FILL_AREA_STYLE('',(#16780));
#16780 = FILL_AREA_STYLE_COLOUR('',#13805);
#16781 = MECHANICAL_DESIGN_GEOMETRIC_PRESENTATION_REPRESENTATION('',(
    #16782,#16789,#16796,#16803,#16810,#16817,#16824,#16831,#16838,
    #16845,#16852,#16859,#16866,#16873,#16880,#16887,#16894,#16901,
    #16908,#16915,#16922,#16929,#16936,#16943,#16950,#16957),#7004);
#16782 = STYLED_ITEM('color',(#16783),#6216);
#16783 = PRESENTATION_STYLE_ASSIGNMENT((#16784));
#16784 = SURFACE_STYLE_USAGE(.BOTH.,#16785);
#16785 = SURFACE_SIDE_STYLE('',(#16786));
#16786 = SURFACE_STYLE_FILL_AREA(#16787);
#16787 = FILL_AREA_STYLE('',(#16788));
#16788 = FILL_AREA_STYLE_COLOUR('',#13805);
#16789 = STYLED_ITEM('color',(#16790),#6256);
#16790 = PRESENTATION_STYLE_ASSIGNMENT((#16791));
#16791 = SURFACE_STYLE_USAGE(.BOTH.,#16792);
#16792 = SURFACE_SIDE_STYLE('',(#16793));
#16793 = SURFACE_STYLE_FILL_AREA(#16794);
#16794 = FILL_AREA_STYLE('',(#16795));
#16795 = FILL_AREA_STYLE_COLOUR('',#13805);
#16796 = STYLED_ITEM('color',(#16797),#6339);
#16797 = PRESENTATION_STYLE_ASSIGNMENT((#16798));
#16798 = SURFACE_STYLE_USAGE(.BOTH.,#16799);
#16799 = SURFACE_SIDE_STYLE('',(#16800));
#16800 = SURFACE_STYLE_FILL_AREA(#16801);
#16801 = FILL_AREA_STYLE('',(#16802));
#16802 = FILL_AREA_STYLE_COLOUR('',#13805);
#16803 = STYLED_ITEM('color',(#16804),#6364);
#16804 = PRESENTATION_STYLE_ASSIGNMENT((#16805));
#16805 = SURFACE_STYLE_USAGE(.BOTH.,#16806);
#16806 = SURFACE_SIDE_STYLE('',(#16807));
#16807 = SURFACE_STYLE_FILL_AREA(#16808);
#16808 = FILL_AREA_STYLE('',(#16809));
#16809 = FILL_AREA_STYLE_COLOUR('',#13805);
#16810 = STYLED_ITEM('color',(#16811),#6389);
#16811 = PRESENTATION_STYLE_ASSIGNMENT((#16812));
#16812 = SURFACE_STYLE_USAGE(.BOTH.,#16813);
#16813 = SURFACE_SIDE_STYLE('',(#16814));
#16814 = SURFACE_STYLE_FILL_AREA(#16815);
#16815 = FILL_AREA_STYLE('',(#16816));
#16816 = FILL_AREA_STYLE_COLOUR('',#13805);
#16817 = STYLED_ITEM('color',(#16818),#6456);
#16818 = PRESENTATION_STYLE_ASSIGNMENT((#16819));
#16819 = SURFACE_STYLE_USAGE(.BOTH.,#16820);
#16820 = SURFACE_SIDE_STYLE('',(#16821));
#16821 = SURFACE_STYLE_FILL_AREA(#16822);
#16822 = FILL_AREA_STYLE('',(#16823));
#16823 = FILL_AREA_STYLE_COLOUR('',#13805);
#16824 = STYLED_ITEM('color',(#16825),#6473);
#16825 = PRESENTATION_STYLE_ASSIGNMENT((#16826));
#16826 = SURFACE_STYLE_USAGE(.BOTH.,#16827);
#16827 = SURFACE_SIDE_STYLE('',(#16828));
#16828 = SURFACE_STYLE_FILL_AREA(#16829);
#16829 = FILL_AREA_STYLE('',(#16830));
#16830 = FILL_AREA_STYLE_COLOUR('',#13805);
#16831 = STYLED_ITEM('color',(#16832),#6490);
#16832 = PRESENTATION_STYLE_ASSIGNMENT((#16833));
#16833 = SURFACE_STYLE_USAGE(.BOTH.,#16834);
#16834 = SURFACE_SIDE_STYLE('',(#16835));
#16835 = SURFACE_STYLE_FILL_AREA(#16836);
#16836 = FILL_AREA_STYLE('',(#16837));
#16837 = FILL_AREA_STYLE_COLOUR('',#15188);
#16838 = STYLED_ITEM('color',(#16839),#6539);
#16839 = PRESENTATION_STYLE_ASSIGNMENT((#16840));
#16840 = SURFACE_STYLE_USAGE(.BOTH.,#16841);
#16841 = SURFACE_SIDE_STYLE('',(#16842));
#16842 = SURFACE_STYLE_FILL_AREA(#16843);
#16843 = FILL_AREA_STYLE('',(#16844));
#16844 = FILL_AREA_STYLE_COLOUR('',#13805);
#16845 = STYLED_ITEM('color',(#16846),#6556);
#16846 = PRESENTATION_STYLE_ASSIGNMENT((#16847));
#16847 = SURFACE_STYLE_USAGE(.BOTH.,#16848);
#16848 = SURFACE_SIDE_STYLE('',(#16849));
#16849 = SURFACE_STYLE_FILL_AREA(#16850);
#16850 = FILL_AREA_STYLE('',(#16851));
#16851 = FILL_AREA_STYLE_COLOUR('',#13805);
#16852 = STYLED_ITEM('color',(#16853),#6573);
#16853 = PRESENTATION_STYLE_ASSIGNMENT((#16854));
#16854 = SURFACE_STYLE_USAGE(.BOTH.,#16855);
#16855 = SURFACE_SIDE_STYLE('',(#16856));
#16856 = SURFACE_STYLE_FILL_AREA(#16857);
#16857 = FILL_AREA_STYLE('',(#16858));
#16858 = FILL_AREA_STYLE_COLOUR('',#15188);
#16859 = STYLED_ITEM('color',(#16860),#6622);
#16860 = PRESENTATION_STYLE_ASSIGNMENT((#16861));
#16861 = SURFACE_STYLE_USAGE(.BOTH.,#16862);
#16862 = SURFACE_SIDE_STYLE('',(#16863));
#16863 = SURFACE_STYLE_FILL_AREA(#16864);
#16864 = FILL_AREA_STYLE('',(#16865));
#16865 = FILL_AREA_STYLE_COLOUR('',#15188);
#16866 = STYLED_ITEM('color',(#16867),#6639);
#16867 = PRESENTATION_STYLE_ASSIGNMENT((#16868));
#16868 = SURFACE_STYLE_USAGE(.BOTH.,#16869);
#16869 = SURFACE_SIDE_STYLE('',(#16870));
#16870 = SURFACE_STYLE_FILL_AREA(#16871);
#16871 = FILL_AREA_STYLE('',(#16872));
#16872 = FILL_AREA_STYLE_COLOUR('',#13805);
#16873 = STYLED_ITEM('color',(#16874),#6708);
#16874 = PRESENTATION_STYLE_ASSIGNMENT((#16875));
#16875 = SURFACE_STYLE_USAGE(.BOTH.,#16876);
#16876 = SURFACE_SIDE_STYLE('',(#16877));
#16877 = SURFACE_STYLE_FILL_AREA(#16878);
#16878 = FILL_AREA_STYLE('',(#16879));
#16879 = FILL_AREA_STYLE_COLOUR('',#15231);
#16880 = STYLED_ITEM('color',(#16881),#6739);
#16881 = PRESENTATION_STYLE_ASSIGNMENT((#16882));
#16882 = SURFACE_STYLE_USAGE(.BOTH.,#16883);
#16883 = SURFACE_SIDE_STYLE('',(#16884));
#16884 = SURFACE_STYLE_FILL_AREA(#16885);
#16885 = FILL_AREA_STYLE('',(#16886));
#16886 = FILL_AREA_STYLE_COLOUR('',#15231);
#16887 = STYLED_ITEM('color',(#16888),#6763);
#16888 = PRESENTATION_STYLE_ASSIGNMENT((#16889));
#16889 = SURFACE_STYLE_USAGE(.BOTH.,#16890);
#16890 = SURFACE_SIDE_STYLE('',(#16891));
#16891 = SURFACE_STYLE_FILL_AREA(#16892);
#16892 = FILL_AREA_STYLE('',(#16893));
#16893 = FILL_AREA_STYLE_COLOUR('',#13805);
#16894 = STYLED_ITEM('color',(#16895),#6832);
#16895 = PRESENTATION_STYLE_ASSIGNMENT((#16896));
#16896 = SURFACE_STYLE_USAGE(.BOTH.,#16897);
#16897 = SURFACE_SIDE_STYLE('',(#16898));
#16898 = SURFACE_STYLE_FILL_AREA(#16899);
#16899 = FILL_AREA_STYLE('',(#16900));
#16900 = FILL_AREA_STYLE_COLOUR('',#15231);
#16901 = STYLED_ITEM('color',(#16902),#6856);
#16902 = PRESENTATION_STYLE_ASSIGNMENT((#16903));
#16903 = SURFACE_STYLE_USAGE(.BOTH.,#16904);
#16904 = SURFACE_SIDE_STYLE('',(#16905));
#16905 = SURFACE_STYLE_FILL_AREA(#16906);
#16906 = FILL_AREA_STYLE('',(#16907));
#16907 = FILL_AREA_STYLE_COLOUR('',#13805);
#16908 = STYLED_ITEM('color',(#16909),#6873);
#16909 = PRESENTATION_STYLE_ASSIGNMENT((#16910));
#16910 = SURFACE_STYLE_USAGE(.BOTH.,#16911);
#16911 = SURFACE_SIDE_STYLE('',(#16912));
#16912 = SURFACE_STYLE_FILL_AREA(#16913);
#16913 = FILL_AREA_STYLE('',(#16914));
#16914 = FILL_AREA_STYLE_COLOUR('',#13805);
#16915 = STYLED_ITEM('color',(#16916),#6890);
#16916 = PRESENTATION_STYLE_ASSIGNMENT((#16917));
#16917 = SURFACE_STYLE_USAGE(.BOTH.,#16918);
#16918 = SURFACE_SIDE_STYLE('',(#16919));
#16919 = SURFACE_STYLE_FILL_AREA(#16920);
#16920 = FILL_AREA_STYLE('',(#16921));
#16921 = FILL_AREA_STYLE_COLOUR('',#13805);
#16922 = STYLED_ITEM('color',(#16923),#6907);
#16923 = PRESENTATION_STYLE_ASSIGNMENT((#16924));
#16924 = SURFACE_STYLE_USAGE(.BOTH.,#16925);
#16925 = SURFACE_SIDE_STYLE('',(#16926));
#16926 = SURFACE_STYLE_FILL_AREA(#16927);
#16927 = FILL_AREA_STYLE('',(#16928));
#16928 = FILL_AREA_STYLE_COLOUR('',#13805);
#16929 = STYLED_ITEM('color',(#16930),#6924);
#16930 = PRESENTATION_STYLE_ASSIGNMENT((#16931));
#16931 = SURFACE_STYLE_USAGE(.BOTH.,#16932);
#16932 = SURFACE_SIDE_STYLE('',(#16933));
#16933 = SURFACE_STYLE_FILL_AREA(#16934);
#16934 = FILL_AREA_STYLE('',(#16935));
#16935 = FILL_AREA_STYLE_COLOUR('',#13805);
#16936 = STYLED_ITEM('color',(#16937),#6941);
#16937 = PRESENTATION_STYLE_ASSIGNMENT((#16938));
#16938 = SURFACE_STYLE_USAGE(.BOTH.,#16939);
#16939 = SURFACE_SIDE_STYLE('',(#16940));
#16940 = SURFACE_STYLE_FILL_AREA(#16941);
#16941 = FILL_AREA_STYLE('',(#16942));
#16942 = FILL_AREA_STYLE_COLOUR('',#13805);
#16943 = STYLED_ITEM('color',(#16944),#6958);
#16944 = PRESENTATION_STYLE_ASSIGNMENT((#16945));
#16945 = SURFACE_STYLE_USAGE(.BOTH.,#16946);
#16946 = SURFACE_SIDE_STYLE('',(#16947));
#16947 = SURFACE_STYLE_FILL_AREA(#16948);
#16948 = FILL_AREA_STYLE('',(#16949));
#16949 = FILL_AREA_STYLE_COLOUR('',#13805);
#16950 = STYLED_ITEM('color',(#16951),#6975);
#16951 = PRESENTATION_STYLE_ASSIGNMENT((#16952));
#16952 = SURFACE_STYLE_USAGE(.BOTH.,#16953);
#16953 = SURFACE_SIDE_STYLE('',(#16954));
#16954 = SURFACE_STYLE_FILL_AREA(#16955);
#16955 = FILL_AREA_STYLE('',(#16956));
#16956 = FILL_AREA_STYLE_COLOUR('',#15231);
#16957 = STYLED_ITEM('color',(#16958),#6992);
#16958 = PRESENTATION_STYLE_ASSIGNMENT((#16959));
#16959 = SURFACE_STYLE_USAGE(.BOTH.,#16960);
#16960 = SURFACE_SIDE_STYLE('',(#16961));
#16961 = SURFACE_STYLE_FILL_AREA(#16962);
#16962 = FILL_AREA_STYLE('',(#16963));
#16963 = FILL_AREA_STYLE_COLOUR('',#15231);
#16964 = MECHANICAL_DESIGN_GEOMETRIC_PRESENTATION_REPRESENTATION('',(
    #16965),#13703);
#16965 = STYLED_ITEM('color',(#16966),#12968);
#16966 = PRESENTATION_STYLE_ASSIGNMENT((#16967));
#16967 = SURFACE_STYLE_USAGE(.BOTH.,#16968);
#16968 = SURFACE_SIDE_STYLE('',(#16969));
#16969 = SURFACE_STYLE_FILL_AREA(#16970);
#16970 = FILL_AREA_STYLE('',(#16971));
#16971 = FILL_AREA_STYLE_COLOUR('',#16972);
#16972 = COLOUR_RGB('',0.313304153717,0.484529207832,0.410020903123);
ENDSEC;
END-ISO-10303-21;
